solid OpenSCAD_Model
  facet normal 1 0 0
    outer loop
      vertex 15 18.5 26
      vertex 15 -18.5 26
      vertex 15 18.5 7
    endloop
  endfacet
  facet normal 1 -0 0
    outer loop
      vertex 15 18.5 7
      vertex 15 30 0
      vertex 15 30 7
    endloop
  endfacet
  facet normal 1 0 0
    outer loop
      vertex 15 -18.5 7
      vertex 15 18.5 7
      vertex 15 -18.5 26
    endloop
  endfacet
  facet normal 1 0 0
    outer loop
      vertex 15 18.5 7
      vertex 15 -18.5 7
      vertex 15 30 0
    endloop
  endfacet
  facet normal 1 0 0
    outer loop
      vertex 15 -30 0
      vertex 15 -18.5 7
      vertex 15 -30 7
    endloop
  endfacet
  facet normal 1 0 0
    outer loop
      vertex 15 -18.5 7
      vertex 15 -30 0
      vertex 15 30 0
    endloop
  endfacet
  facet normal 0 0 1
    outer loop
      vertex -8.75 -18.5 7
      vertex -15 -18.5 7
      vertex -8.75 -27.55 7
    endloop
  endfacet
  facet normal -0 0 1
    outer loop
      vertex 2.72647 -23.8911 7
      vertex 4.75 -27.55 7
      vertex 4.75 -18.5 7
    endloop
  endfacet
  facet normal 0 0 1
    outer loop
      vertex 4.75 -27.55 7
      vertex 2.74411 -24.0701 7
      vertex 2.75 -24.25 7
    endloop
  endfacet
  facet normal 0 0 1
    outer loop
      vertex 4.75 -27.55 7
      vertex 2.72647 -23.8911 7
      vertex 2.74411 -24.0701 7
    endloop
  endfacet
  facet normal 0 0 1
    outer loop
      vertex 4.75 -18.5 7
      vertex 2.69716 -23.7135 7
      vertex 2.72647 -23.8911 7
    endloop
  endfacet
  facet normal 0 0 1
    outer loop
      vertex 4.75 -18.5 7
      vertex 2.6563 -23.5382 7
      vertex 2.69716 -23.7135 7
    endloop
  endfacet
  facet normal 0 0 1
    outer loop
      vertex 4.75 -18.5 7
      vertex 2.60406 -23.366 7
      vertex 2.6563 -23.5382 7
    endloop
  endfacet
  facet normal 0 0 1
    outer loop
      vertex 4.75 -18.5 7
      vertex 2.54067 -23.1976 7
      vertex 2.60406 -23.366 7
    endloop
  endfacet
  facet normal 0 0 1
    outer loop
      vertex 4.75 -18.5 7
      vertex 2.4664 -23.0337 7
      vertex 2.54067 -23.1976 7
    endloop
  endfacet
  facet normal 0 0 1
    outer loop
      vertex 4.75 -18.5 7
      vertex 2.38157 -22.875 7
      vertex 2.4664 -23.0337 7
    endloop
  endfacet
  facet normal 0 0 1
    outer loop
      vertex 4.75 -18.5 7
      vertex 2.28654 -22.7222 7
      vertex 2.38157 -22.875 7
    endloop
  endfacet
  facet normal 0 0 1
    outer loop
      vertex 4.75 -18.5 7
      vertex 2.18172 -22.5759 7
      vertex 2.28654 -22.7222 7
    endloop
  endfacet
  facet normal 0 0 1
    outer loop
      vertex 4.75 -18.5 7
      vertex 2.06756 -22.4368 7
      vertex 2.18172 -22.5759 7
    endloop
  endfacet
  facet normal 0 0 1
    outer loop
      vertex 4.75 -18.5 7
      vertex 1.94454 -22.3055 7
      vertex 2.06756 -22.4368 7
    endloop
  endfacet
  facet normal 0 0 1
    outer loop
      vertex 4.75 -18.5 7
      vertex 1.8132 -22.1824 7
      vertex 1.94454 -22.3055 7
    endloop
  endfacet
  facet normal 0 0 1
    outer loop
      vertex 4.75 -18.5 7
      vertex 1.67409 -22.0683 7
      vertex 1.8132 -22.1824 7
    endloop
  endfacet
  facet normal 0 0 1
    outer loop
      vertex 4.75 -18.5 7
      vertex 1.52782 -21.9635 7
      vertex 1.67409 -22.0683 7
    endloop
  endfacet
  facet normal 0 0 1
    outer loop
      vertex 4.75 -18.5 7
      vertex 1.375 -21.8684 7
      vertex 1.52782 -21.9635 7
    endloop
  endfacet
  facet normal 0 0 1
    outer loop
      vertex 4.75 -18.5 7
      vertex 1.21629 -21.7836 7
      vertex 1.375 -21.8684 7
    endloop
  endfacet
  facet normal 0 0 1
    outer loop
      vertex 4.75 -18.5 7
      vertex 1.05238 -21.7093 7
      vertex 1.21629 -21.7836 7
    endloop
  endfacet
  facet normal 0 0 1
    outer loop
      vertex 4.75 -18.5 7
      vertex 0.883958 -21.6459 7
      vertex 1.05238 -21.7093 7
    endloop
  endfacet
  facet normal 0 0 1
    outer loop
      vertex 4.75 -18.5 7
      vertex 0.711752 -21.5937 7
      vertex 0.883958 -21.6459 7
    endloop
  endfacet
  facet normal 0 0 1
    outer loop
      vertex 4.75 -18.5 7
      vertex 0.536498 -21.5528 7
      vertex 0.711752 -21.5937 7
    endloop
  endfacet
  facet normal 0 0 1
    outer loop
      vertex 4.75 -18.5 7
      vertex 0.358947 -21.5235 7
      vertex 0.536498 -21.5528 7
    endloop
  endfacet
  facet normal 0 0 1
    outer loop
      vertex 4.75 -18.5 7
      vertex 0.179858 -21.5059 7
      vertex 0.358947 -21.5235 7
    endloop
  endfacet
  facet normal 0 0 1
    outer loop
      vertex 4.75 -18.5 7
      vertex 0 -21.5 7
      vertex 0.179858 -21.5059 7
    endloop
  endfacet
  facet normal -0 0 1
    outer loop
      vertex -4.75 -18.5 7
      vertex 0 -21.5 7
      vertex 4.75 -18.5 7
    endloop
  endfacet
  facet normal 0 0 1
    outer loop
      vertex 0 -21.5 7
      vertex -4.75 -18.5 7
      vertex -0.179858 -21.5059 7
    endloop
  endfacet
  facet normal 0 0 1
    outer loop
      vertex -0.179858 -21.5059 7
      vertex -4.75 -18.5 7
      vertex -0.358947 -21.5235 7
    endloop
  endfacet
  facet normal 0 0 1
    outer loop
      vertex -0.358947 -21.5235 7
      vertex -4.75 -18.5 7
      vertex -0.536498 -21.5528 7
    endloop
  endfacet
  facet normal 0 0 1
    outer loop
      vertex -0.536498 -21.5528 7
      vertex -4.75 -18.5 7
      vertex -0.711752 -21.5937 7
    endloop
  endfacet
  facet normal 0 0 1
    outer loop
      vertex -0.711752 -21.5937 7
      vertex -4.75 -18.5 7
      vertex -0.883958 -21.6459 7
    endloop
  endfacet
  facet normal 0 0 1
    outer loop
      vertex -0.883958 -21.6459 7
      vertex -4.75 -18.5 7
      vertex -1.05238 -21.7093 7
    endloop
  endfacet
  facet normal 0 0 1
    outer loop
      vertex -1.05238 -21.7093 7
      vertex -4.75 -18.5 7
      vertex -1.21629 -21.7836 7
    endloop
  endfacet
  facet normal 0 0 1
    outer loop
      vertex -2.72647 -23.8911 7
      vertex -4.75 -27.55 7
      vertex -2.74411 -24.0701 7
    endloop
  endfacet
  facet normal 0 0 1
    outer loop
      vertex -4.75 -27.55 7
      vertex -2.72647 -23.8911 7
      vertex -4.75 -18.5 7
    endloop
  endfacet
  facet normal 0 0 1
    outer loop
      vertex -2.69716 -23.7135 7
      vertex -4.75 -18.5 7
      vertex -2.72647 -23.8911 7
    endloop
  endfacet
  facet normal 0 0 1
    outer loop
      vertex -2.6563 -23.5382 7
      vertex -4.75 -18.5 7
      vertex -2.69716 -23.7135 7
    endloop
  endfacet
  facet normal 0 0 1
    outer loop
      vertex -2.60406 -23.366 7
      vertex -4.75 -18.5 7
      vertex -2.6563 -23.5382 7
    endloop
  endfacet
  facet normal 0 0 1
    outer loop
      vertex -2.54067 -23.1976 7
      vertex -4.75 -18.5 7
      vertex -2.60406 -23.366 7
    endloop
  endfacet
  facet normal 0 0 1
    outer loop
      vertex -2.4664 -23.0337 7
      vertex -4.75 -18.5 7
      vertex -2.54067 -23.1976 7
    endloop
  endfacet
  facet normal 0 0 1
    outer loop
      vertex -2.38157 -22.875 7
      vertex -4.75 -18.5 7
      vertex -2.4664 -23.0337 7
    endloop
  endfacet
  facet normal 0 0 1
    outer loop
      vertex -2.28654 -22.7222 7
      vertex -4.75 -18.5 7
      vertex -2.38157 -22.875 7
    endloop
  endfacet
  facet normal 0 0 1
    outer loop
      vertex -2.18172 -22.5759 7
      vertex -4.75 -18.5 7
      vertex -2.28654 -22.7222 7
    endloop
  endfacet
  facet normal 0 0 1
    outer loop
      vertex -2.06756 -22.4368 7
      vertex -4.75 -18.5 7
      vertex -2.18172 -22.5759 7
    endloop
  endfacet
  facet normal 0 0 1
    outer loop
      vertex -1.94454 -22.3055 7
      vertex -4.75 -18.5 7
      vertex -2.06756 -22.4368 7
    endloop
  endfacet
  facet normal 0 0 1
    outer loop
      vertex -1.8132 -22.1824 7
      vertex -4.75 -18.5 7
      vertex -1.94454 -22.3055 7
    endloop
  endfacet
  facet normal 0 0 1
    outer loop
      vertex -1.67409 -22.0683 7
      vertex -4.75 -18.5 7
      vertex -1.8132 -22.1824 7
    endloop
  endfacet
  facet normal 0 0 1
    outer loop
      vertex -1.52782 -21.9635 7
      vertex -4.75 -18.5 7
      vertex -1.67409 -22.0683 7
    endloop
  endfacet
  facet normal 0 0 1
    outer loop
      vertex -1.375 -21.8684 7
      vertex -4.75 -18.5 7
      vertex -1.52782 -21.9635 7
    endloop
  endfacet
  facet normal 0 0 1
    outer loop
      vertex -1.21629 -21.7836 7
      vertex -4.75 -18.5 7
      vertex -1.375 -21.8684 7
    endloop
  endfacet
  facet normal 0 0 1
    outer loop
      vertex 8.75 -27.55 7
      vertex 15 -18.5 7
      vertex 8.75 -18.5 7
    endloop
  endfacet
  facet normal 0 0 1
    outer loop
      vertex 15 -18.5 7
      vertex 8.75 -27.55 7
      vertex 15 -30 7
    endloop
  endfacet
  facet normal -0 0 1
    outer loop
      vertex 4.75 -27.55 7
      vertex 15 -30 7
      vertex 8.75 -27.55 7
    endloop
  endfacet
  facet normal -0 0 1
    outer loop
      vertex 2.74411 -24.4299 7
      vertex 4.75 -27.55 7
      vertex 2.75 -24.25 7
    endloop
  endfacet
  facet normal -0 0 1
    outer loop
      vertex 2.72647 -24.6089 7
      vertex 4.75 -27.55 7
      vertex 2.74411 -24.4299 7
    endloop
  endfacet
  facet normal -0 0 1
    outer loop
      vertex 2.69716 -24.7865 7
      vertex 4.75 -27.55 7
      vertex 2.72647 -24.6089 7
    endloop
  endfacet
  facet normal -0 0 1
    outer loop
      vertex 2.6563 -24.9618 7
      vertex 4.75 -27.55 7
      vertex 2.69716 -24.7865 7
    endloop
  endfacet
  facet normal -0 0 1
    outer loop
      vertex 2.60406 -25.134 7
      vertex 4.75 -27.55 7
      vertex 2.6563 -24.9618 7
    endloop
  endfacet
  facet normal -0 0 1
    outer loop
      vertex 2.54067 -25.3024 7
      vertex 4.75 -27.55 7
      vertex 2.60406 -25.134 7
    endloop
  endfacet
  facet normal -0 0 1
    outer loop
      vertex 2.4664 -25.4663 7
      vertex 4.75 -27.55 7
      vertex 2.54067 -25.3024 7
    endloop
  endfacet
  facet normal -0 0 1
    outer loop
      vertex 2.38157 -25.625 7
      vertex 4.75 -27.55 7
      vertex 2.4664 -25.4663 7
    endloop
  endfacet
  facet normal -0 0 1
    outer loop
      vertex 2.28654 -25.7778 7
      vertex 4.75 -27.55 7
      vertex 2.38157 -25.625 7
    endloop
  endfacet
  facet normal -0 0 1
    outer loop
      vertex 2.18172 -25.9241 7
      vertex 4.75 -27.55 7
      vertex 2.28654 -25.7778 7
    endloop
  endfacet
  facet normal -0 0 1
    outer loop
      vertex 2.06756 -26.0632 7
      vertex 4.75 -27.55 7
      vertex 2.18172 -25.9241 7
    endloop
  endfacet
  facet normal -0 0 1
    outer loop
      vertex 1.94454 -26.1945 7
      vertex 4.75 -27.55 7
      vertex 2.06756 -26.0632 7
    endloop
  endfacet
  facet normal -0 0 1
    outer loop
      vertex 1.8132 -26.3176 7
      vertex 4.75 -27.55 7
      vertex 1.94454 -26.1945 7
    endloop
  endfacet
  facet normal -0 0 1
    outer loop
      vertex 1.67409 -26.4317 7
      vertex 4.75 -27.55 7
      vertex 1.8132 -26.3176 7
    endloop
  endfacet
  facet normal -0 0 1
    outer loop
      vertex 1.52782 -26.5365 7
      vertex 4.75 -27.55 7
      vertex 1.67409 -26.4317 7
    endloop
  endfacet
  facet normal -0 0 1
    outer loop
      vertex 1.375 -26.6316 7
      vertex 4.75 -27.55 7
      vertex 1.52782 -26.5365 7
    endloop
  endfacet
  facet normal -0 0 1
    outer loop
      vertex 1.21629 -26.7164 7
      vertex 4.75 -27.55 7
      vertex 1.375 -26.6316 7
    endloop
  endfacet
  facet normal -0 0 1
    outer loop
      vertex 1.05238 -26.7907 7
      vertex 4.75 -27.55 7
      vertex 1.21629 -26.7164 7
    endloop
  endfacet
  facet normal -0 0 1
    outer loop
      vertex 0.883958 -26.8541 7
      vertex 4.75 -27.55 7
      vertex 1.05238 -26.7907 7
    endloop
  endfacet
  facet normal -0 0 1
    outer loop
      vertex 0.711752 -26.9063 7
      vertex 4.75 -27.55 7
      vertex 0.883958 -26.8541 7
    endloop
  endfacet
  facet normal -0 0 1
    outer loop
      vertex 0.536498 -26.9472 7
      vertex 4.75 -27.55 7
      vertex 0.711752 -26.9063 7
    endloop
  endfacet
  facet normal -0 0 1
    outer loop
      vertex 0.358947 -26.9765 7
      vertex 4.75 -27.55 7
      vertex 0.536498 -26.9472 7
    endloop
  endfacet
  facet normal -0 0 1
    outer loop
      vertex 0.179858 -26.9941 7
      vertex 4.75 -27.55 7
      vertex 0.358947 -26.9765 7
    endloop
  endfacet
  facet normal -0 0 1
    outer loop
      vertex 0 -27 7
      vertex 4.75 -27.55 7
      vertex 0.179858 -26.9941 7
    endloop
  endfacet
  facet normal 0 0 1
    outer loop
      vertex -4.75 -27.55 7
      vertex 4.75 -27.55 7
      vertex 0 -27 7
    endloop
  endfacet
  facet normal 0 0 1
    outer loop
      vertex -4.75 -27.55 7
      vertex 0 -27 7
      vertex -0.179858 -26.9941 7
    endloop
  endfacet
  facet normal 0 0 1
    outer loop
      vertex -4.75 -27.55 7
      vertex -0.179858 -26.9941 7
      vertex -0.358947 -26.9765 7
    endloop
  endfacet
  facet normal 0 0 1
    outer loop
      vertex -4.75 -27.55 7
      vertex -0.358947 -26.9765 7
      vertex -0.536498 -26.9472 7
    endloop
  endfacet
  facet normal 0 0 1
    outer loop
      vertex -2.74411 -24.0701 7
      vertex -4.75 -27.55 7
      vertex -2.75 -24.25 7
    endloop
  endfacet
  facet normal 0 0 1
    outer loop
      vertex -2.75 -24.25 7
      vertex -4.75 -27.55 7
      vertex -2.74411 -24.4299 7
    endloop
  endfacet
  facet normal 0 0 1
    outer loop
      vertex -2.74411 -24.4299 7
      vertex -4.75 -27.55 7
      vertex -2.72647 -24.6089 7
    endloop
  endfacet
  facet normal 0 0 1
    outer loop
      vertex -2.72647 -24.6089 7
      vertex -4.75 -27.55 7
      vertex -2.69716 -24.7865 7
    endloop
  endfacet
  facet normal 0 0 1
    outer loop
      vertex -2.69716 -24.7865 7
      vertex -4.75 -27.55 7
      vertex -2.6563 -24.9618 7
    endloop
  endfacet
  facet normal 0 0 1
    outer loop
      vertex -2.6563 -24.9618 7
      vertex -4.75 -27.55 7
      vertex -2.60406 -25.134 7
    endloop
  endfacet
  facet normal 0 0 1
    outer loop
      vertex -4.75 -27.55 7
      vertex -2.54067 -25.3024 7
      vertex -2.60406 -25.134 7
    endloop
  endfacet
  facet normal 0 0 1
    outer loop
      vertex -4.75 -27.55 7
      vertex -2.4664 -25.4663 7
      vertex -2.54067 -25.3024 7
    endloop
  endfacet
  facet normal 0 0 1
    outer loop
      vertex -4.75 -27.55 7
      vertex -2.38157 -25.625 7
      vertex -2.4664 -25.4663 7
    endloop
  endfacet
  facet normal 0 0 1
    outer loop
      vertex -4.75 -27.55 7
      vertex -2.28654 -25.7778 7
      vertex -2.38157 -25.625 7
    endloop
  endfacet
  facet normal 0 0 1
    outer loop
      vertex -4.75 -27.55 7
      vertex -2.18172 -25.9241 7
      vertex -2.28654 -25.7778 7
    endloop
  endfacet
  facet normal 0 0 1
    outer loop
      vertex -4.75 -27.55 7
      vertex -2.06756 -26.0632 7
      vertex -2.18172 -25.9241 7
    endloop
  endfacet
  facet normal 0 0 1
    outer loop
      vertex -4.75 -27.55 7
      vertex -1.94454 -26.1945 7
      vertex -2.06756 -26.0632 7
    endloop
  endfacet
  facet normal 0 0 1
    outer loop
      vertex -4.75 -27.55 7
      vertex -1.8132 -26.3176 7
      vertex -1.94454 -26.1945 7
    endloop
  endfacet
  facet normal 0 0 1
    outer loop
      vertex -4.75 -27.55 7
      vertex -1.67409 -26.4317 7
      vertex -1.8132 -26.3176 7
    endloop
  endfacet
  facet normal 0 0 1
    outer loop
      vertex -4.75 -27.55 7
      vertex -1.52782 -26.5365 7
      vertex -1.67409 -26.4317 7
    endloop
  endfacet
  facet normal 0 0 1
    outer loop
      vertex -4.75 -27.55 7
      vertex -1.375 -26.6316 7
      vertex -1.52782 -26.5365 7
    endloop
  endfacet
  facet normal 0 0 1
    outer loop
      vertex -4.75 -27.55 7
      vertex -1.21629 -26.7164 7
      vertex -1.375 -26.6316 7
    endloop
  endfacet
  facet normal 0 0 1
    outer loop
      vertex -4.75 -27.55 7
      vertex -1.05238 -26.7907 7
      vertex -1.21629 -26.7164 7
    endloop
  endfacet
  facet normal 0 0 1
    outer loop
      vertex -4.75 -27.55 7
      vertex -0.883958 -26.8541 7
      vertex -1.05238 -26.7907 7
    endloop
  endfacet
  facet normal 0 0 1
    outer loop
      vertex -4.75 -27.55 7
      vertex -0.711752 -26.9063 7
      vertex -0.883958 -26.8541 7
    endloop
  endfacet
  facet normal 0 0 1
    outer loop
      vertex -4.75 -27.55 7
      vertex -0.536498 -26.9472 7
      vertex -0.711752 -26.9063 7
    endloop
  endfacet
  facet normal 0 0 1
    outer loop
      vertex 4.75 -27.55 7
      vertex -4.75 -27.55 7
      vertex 15 -30 7
    endloop
  endfacet
  facet normal 0 0 1
    outer loop
      vertex -15 -30 7
      vertex -4.75 -27.55 7
      vertex -8.75 -27.55 7
    endloop
  endfacet
  facet normal 0 0 1
    outer loop
      vertex -4.75 -27.55 7
      vertex -15 -30 7
      vertex 15 -30 7
    endloop
  endfacet
  facet normal 0 0 1
    outer loop
      vertex -15 -30 7
      vertex -8.75 -27.55 7
      vertex -15 -18.5 7
    endloop
  endfacet
  facet normal 0 0 -1
    outer loop
      vertex 15 30 0
      vertex 2.74411 24.0701 0
      vertex 2.75 24.25 0
    endloop
  endfacet
  facet normal 0 0 -1
    outer loop
      vertex 2.18172 22.5759 0
      vertex 2.96706 14.8833 0
      vertex 2.73943 15.0701 0
    endloop
  endfacet
  facet normal 0 0 -1
    outer loop
      vertex 3.18198 14.682 0
      vertex 2.72647 23.8911 0
      vertex 2.74411 24.0701 0
    endloop
  endfacet
  facet normal 0 0 -1
    outer loop
      vertex 3.18198 14.682 0
      vertex 2.69716 23.7135 0
      vertex 2.72647 23.8911 0
    endloop
  endfacet
  facet normal 0 0 -1
    outer loop
      vertex 3.18198 14.682 0
      vertex 2.6563 23.5382 0
      vertex 2.69716 23.7135 0
    endloop
  endfacet
  facet normal 0 0 -1
    outer loop
      vertex 3.18198 14.682 0
      vertex 2.60406 23.366 0
      vertex 2.6563 23.5382 0
    endloop
  endfacet
  facet normal 0 0 -1
    outer loop
      vertex 3.18198 14.682 0
      vertex 2.54067 23.1976 0
      vertex 2.60406 23.366 0
    endloop
  endfacet
  facet normal 0 0 -1
    outer loop
      vertex 1.94454 22.3055 0
      vertex 2.73943 15.0701 0
      vertex 2.50007 15.2416 0
    endloop
  endfacet
  facet normal 0 0 -1
    outer loop
      vertex 3.18198 14.682 0
      vertex 2.4664 23.0337 0
      vertex 2.54067 23.1976 0
    endloop
  endfacet
  facet normal 0 0 -1
    outer loop
      vertex 3.18198 14.682 0
      vertex 2.38157 22.875 0
      vertex 2.4664 23.0337 0
    endloop
  endfacet
  facet normal 0 0 -1
    outer loop
      vertex 3.18198 14.682 0
      vertex 2.28654 22.7222 0
      vertex 2.38157 22.875 0
    endloop
  endfacet
  facet normal 0 0 -1
    outer loop
      vertex 1.8132 22.1824 0
      vertex 2.50007 15.2416 0
      vertex 2.25 15.3971 0
    endloop
  endfacet
  facet normal 0 0 -1
    outer loop
      vertex 2.96706 14.8833 0
      vertex 2.18172 22.5759 0
      vertex 2.28654 22.7222 0
    endloop
  endfacet
  facet normal 0 0 -1
    outer loop
      vertex 2.73943 15.0701 0
      vertex 2.06756 22.4368 0
      vertex 2.18172 22.5759 0
    endloop
  endfacet
  facet normal 0 0 -1
    outer loop
      vertex 1.67409 22.0683 0
      vertex 2.25 15.3971 0
      vertex 1.9903 15.5359 0
    endloop
  endfacet
  facet normal 0 0 -1
    outer loop
      vertex 2.73943 15.0701 0
      vertex 1.94454 22.3055 0
      vertex 2.06756 22.4368 0
    endloop
  endfacet
  facet normal 0 0 -1
    outer loop
      vertex 2.50007 15.2416 0
      vertex 1.8132 22.1824 0
      vertex 1.94454 22.3055 0
    endloop
  endfacet
  facet normal 0 0 -1
    outer loop
      vertex 1.52782 21.9635 0
      vertex 1.9903 15.5359 0
      vertex 1.72207 15.6575 0
    endloop
  endfacet
  facet normal 0 0 -1
    outer loop
      vertex 2.25 15.3971 0
      vertex 1.67409 22.0683 0
      vertex 1.8132 22.1824 0
    endloop
  endfacet
  facet normal 0 0 -1
    outer loop
      vertex 1.9903 15.5359 0
      vertex 1.52782 21.9635 0
      vertex 1.67409 22.0683 0
    endloop
  endfacet
  facet normal 0 0 -1
    outer loop
      vertex 1.21629 21.7836 0
      vertex 1.72207 15.6575 0
      vertex 1.44648 15.7612 0
    endloop
  endfacet
  facet normal 0 0 -1
    outer loop
      vertex 1.72207 15.6575 0
      vertex 1.375 21.8684 0
      vertex 1.52782 21.9635 0
    endloop
  endfacet
  facet normal 0 0 -1
    outer loop
      vertex 1.72207 15.6575 0
      vertex 1.21629 21.7836 0
      vertex 1.375 21.8684 0
    endloop
  endfacet
  facet normal 0 0 -1
    outer loop
      vertex 1.05238 21.7093 0
      vertex 1.44648 15.7612 0
      vertex 1.16469 15.8467 0
    endloop
  endfacet
  facet normal 0 0 -1
    outer loop
      vertex 1.44648 15.7612 0
      vertex 1.05238 21.7093 0
      vertex 1.21629 21.7836 0
    endloop
  endfacet
  facet normal 0 0 -1
    outer loop
      vertex 1.16469 15.8467 0
      vertex 0.883958 21.6459 0
      vertex 1.05238 21.7093 0
    endloop
  endfacet
  facet normal 0 0 -1
    outer loop
      vertex 0.877906 15.9135 0
      vertex 0.883958 21.6459 0
      vertex 1.16469 15.8467 0
    endloop
  endfacet
  facet normal 0 0 -1
    outer loop
      vertex 0.877906 15.9135 0
      vertex 0.711752 21.5937 0
      vertex 0.883958 21.6459 0
    endloop
  endfacet
  facet normal 0 0 -1
    outer loop
      vertex 0.536498 21.5528 0
      vertex 0.877906 15.9135 0
      vertex 0.587367 15.9615 0
    endloop
  endfacet
  facet normal 0 0 -1
    outer loop
      vertex 0.877906 15.9135 0
      vertex 0.536498 21.5528 0
      vertex 0.711752 21.5937 0
    endloop
  endfacet
  facet normal 0 0 -1
    outer loop
      vertex 0.587367 15.9615 0
      vertex 0.358947 21.5235 0
      vertex 0.536498 21.5528 0
    endloop
  endfacet
  facet normal 0 0 -1
    outer loop
      vertex 0.294313 15.9904 0
      vertex 0.358947 21.5235 0
      vertex 0.587367 15.9615 0
    endloop
  endfacet
  facet normal 0 0 -1
    outer loop
      vertex 0.294313 15.9904 0
      vertex 0.179858 21.5059 0
      vertex 0.358947 21.5235 0
    endloop
  endfacet
  facet normal 0 0 -1
    outer loop
      vertex 0 16 0
      vertex 0.179858 21.5059 0
      vertex 0.294313 15.9904 0
    endloop
  endfacet
  facet normal 0 0 -1
    outer loop
      vertex 0 16 0
      vertex 0 21.5 0
      vertex 0.179858 21.5059 0
    endloop
  endfacet
  facet normal 0 0 -1
    outer loop
      vertex 0 16 0
      vertex -0.179858 21.5059 0
      vertex 0 21.5 0
    endloop
  endfacet
  facet normal 0 0 -1
    outer loop
      vertex -0.294313 15.9904 0
      vertex -0.179858 21.5059 0
      vertex 0 16 0
    endloop
  endfacet
  facet normal 0 0 -1
    outer loop
      vertex -0.294313 15.9904 0
      vertex -0.358947 21.5235 0
      vertex -0.179858 21.5059 0
    endloop
  endfacet
  facet normal 0 0 -1
    outer loop
      vertex -0.587367 15.9615 0
      vertex -0.358947 21.5235 0
      vertex -0.294313 15.9904 0
    endloop
  endfacet
  facet normal -0 0 -1
    outer loop
      vertex -0.358947 21.5235 0
      vertex -0.587367 15.9615 0
      vertex -0.536498 21.5528 0
    endloop
  endfacet
  facet normal 0 0 -1
    outer loop
      vertex -0.877906 15.9135 0
      vertex -0.536498 21.5528 0
      vertex -0.587367 15.9615 0
    endloop
  endfacet
  facet normal -0 0 -1
    outer loop
      vertex -0.536498 21.5528 0
      vertex -0.877906 15.9135 0
      vertex -0.711752 21.5937 0
    endloop
  endfacet
  facet normal 0 0 -1
    outer loop
      vertex -0.877906 15.9135 0
      vertex -0.883958 21.6459 0
      vertex -0.711752 21.5937 0
    endloop
  endfacet
  facet normal 0 0 -1
    outer loop
      vertex -1.16469 15.8467 0
      vertex -0.883958 21.6459 0
      vertex -0.877906 15.9135 0
    endloop
  endfacet
  facet normal -0 0 -1
    outer loop
      vertex -0.883958 21.6459 0
      vertex -1.16469 15.8467 0
      vertex -1.05238 21.7093 0
    endloop
  endfacet
  facet normal 0 0 -1
    outer loop
      vertex -1.44648 15.7612 0
      vertex -1.05238 21.7093 0
      vertex -1.16469 15.8467 0
    endloop
  endfacet
  facet normal -0 0 -1
    outer loop
      vertex -1.05238 21.7093 0
      vertex -1.44648 15.7612 0
      vertex -1.21629 21.7836 0
    endloop
  endfacet
  facet normal 0 0 -1
    outer loop
      vertex -1.72207 15.6575 0
      vertex -1.21629 21.7836 0
      vertex -1.44648 15.7612 0
    endloop
  endfacet
  facet normal -0 0 -1
    outer loop
      vertex -1.21629 21.7836 0
      vertex -1.72207 15.6575 0
      vertex -1.375 21.8684 0
    endloop
  endfacet
  facet normal -0 0 -1
    outer loop
      vertex -1.375 21.8684 0
      vertex -1.72207 15.6575 0
      vertex -1.52782 21.9635 0
    endloop
  endfacet
  facet normal 0 0 -1
    outer loop
      vertex -1.9903 15.5359 0
      vertex -1.52782 21.9635 0
      vertex -1.72207 15.6575 0
    endloop
  endfacet
  facet normal -0 0 -1
    outer loop
      vertex -1.52782 21.9635 0
      vertex -1.9903 15.5359 0
      vertex -1.67409 22.0683 0
    endloop
  endfacet
  facet normal 0 0 -1
    outer loop
      vertex -2.25 15.3971 0
      vertex -1.67409 22.0683 0
      vertex -1.9903 15.5359 0
    endloop
  endfacet
  facet normal -0 0 -1
    outer loop
      vertex -1.67409 22.0683 0
      vertex -2.25 15.3971 0
      vertex -1.8132 22.1824 0
    endloop
  endfacet
  facet normal 0 0 -1
    outer loop
      vertex -2.50007 15.2416 0
      vertex -1.8132 22.1824 0
      vertex -2.25 15.3971 0
    endloop
  endfacet
  facet normal -0 0 -1
    outer loop
      vertex -1.8132 22.1824 0
      vertex -2.50007 15.2416 0
      vertex -1.94454 22.3055 0
    endloop
  endfacet
  facet normal 0 0 -1
    outer loop
      vertex -2.73943 15.0701 0
      vertex -1.94454 22.3055 0
      vertex -2.50007 15.2416 0
    endloop
  endfacet
  facet normal -0 0 -1
    outer loop
      vertex -1.94454 22.3055 0
      vertex -2.73943 15.0701 0
      vertex -2.06756 22.4368 0
    endloop
  endfacet
  facet normal -0 0 -1
    outer loop
      vertex -2.06756 22.4368 0
      vertex -2.73943 15.0701 0
      vertex -2.18172 22.5759 0
    endloop
  endfacet
  facet normal 0 0 -1
    outer loop
      vertex -2.96706 14.8833 0
      vertex -2.18172 22.5759 0
      vertex -2.73943 15.0701 0
    endloop
  endfacet
  facet normal -0 0 -1
    outer loop
      vertex -2.18172 22.5759 0
      vertex -2.96706 14.8833 0
      vertex -2.28654 22.7222 0
    endloop
  endfacet
  facet normal 0 0 -1
    outer loop
      vertex -3.18198 14.682 0
      vertex -2.28654 22.7222 0
      vertex -2.96706 14.8833 0
    endloop
  endfacet
  facet normal -0 0 -1
    outer loop
      vertex -2.28654 22.7222 0
      vertex -3.18198 14.682 0
      vertex -2.38157 22.875 0
    endloop
  endfacet
  facet normal 0 0 -1
    outer loop
      vertex -3.38328 14.4671 0
      vertex -2.38157 22.875 0
      vertex -3.18198 14.682 0
    endloop
  endfacet
  facet normal -0 0 -1
    outer loop
      vertex -2.38157 22.875 0
      vertex -3.38328 14.4671 0
      vertex -2.4664 23.0337 0
    endloop
  endfacet
  facet normal 0 0 -1
    outer loop
      vertex -3.57009 14.2394 0
      vertex -2.4664 23.0337 0
      vertex -3.38328 14.4671 0
    endloop
  endfacet
  facet normal -0 0 -1
    outer loop
      vertex -2.4664 23.0337 0
      vertex -3.57009 14.2394 0
      vertex -2.54067 23.1976 0
    endloop
  endfacet
  facet normal 0 0 -1
    outer loop
      vertex -3.74161 14.0001 0
      vertex -2.54067 23.1976 0
      vertex -3.57009 14.2394 0
    endloop
  endfacet
  facet normal -0 0 -1
    outer loop
      vertex -2.54067 23.1976 0
      vertex -3.74161 14.0001 0
      vertex -2.60406 23.366 0
    endloop
  endfacet
  facet normal 0 0 -1
    outer loop
      vertex -15 30 0
      vertex -2.60406 23.366 0
      vertex -3.74161 14.0001 0
    endloop
  endfacet
  facet normal 0 0 -1
    outer loop
      vertex 4.41353 -10.6221 0
      vertex 15 -30 0
      vertex 4.4615 -10.9126 0
    endloop
  endfacet
  facet normal 0 0 -1
    outer loop
      vertex 15 30 0
      vertex 4.49037 11.2057 0
      vertex 4.5 11.5 0
    endloop
  endfacet
  facet normal 0 0 -1
    outer loop
      vertex 4.34667 -10.3353 0
      vertex 15 -30 0
      vertex 4.41353 -10.6221 0
    endloop
  endfacet
  facet normal 0 0 -1
    outer loop
      vertex 15 30 0
      vertex 4.4615 10.9126 0
      vertex 4.49037 11.2057 0
    endloop
  endfacet
  facet normal 0 0 -1
    outer loop
      vertex 15 -30 0
      vertex 4.34667 -10.3353 0
      vertex 15 30 0
    endloop
  endfacet
  facet normal 0 0 -1
    outer loop
      vertex 15 30 0
      vertex 4.41353 10.6221 0
      vertex 4.4615 10.9126 0
    endloop
  endfacet
  facet normal 0 0 -1
    outer loop
      vertex 4.34667 10.3353 0
      vertex 15 30 0
      vertex 4.34667 -10.3353 0
    endloop
  endfacet
  facet normal 0 0 -1
    outer loop
      vertex 15 30 0
      vertex 4.34667 10.3353 0
      vertex 4.41353 10.6221 0
    endloop
  endfacet
  facet normal 0 0 -1
    outer loop
      vertex 4.26118 -10.0535 0
      vertex 4.34667 10.3353 0
      vertex 4.34667 -10.3353 0
    endloop
  endfacet
  facet normal 0 0 -1
    outer loop
      vertex 4.26118 -10.0535 0
      vertex 4.26118 10.0535 0
      vertex 4.34667 10.3353 0
    endloop
  endfacet
  facet normal 0 0 -1
    outer loop
      vertex 4.15746 -9.77793 0
      vertex 4.26118 10.0535 0
      vertex 4.26118 -10.0535 0
    endloop
  endfacet
  facet normal 0 0 -1
    outer loop
      vertex 4.15746 -9.77793 0
      vertex 4.15746 9.77793 0
      vertex 4.26118 10.0535 0
    endloop
  endfacet
  facet normal 0 0 -1
    outer loop
      vertex 4.03593 -9.5097 0
      vertex 4.15746 9.77793 0
      vertex 4.15746 -9.77793 0
    endloop
  endfacet
  facet normal 0 0 -1
    outer loop
      vertex 4.03593 -9.5097 0
      vertex 4.03593 9.5097 0
      vertex 4.15746 9.77793 0
    endloop
  endfacet
  facet normal 0 0 -1
    outer loop
      vertex 3.89711 -9.25 0
      vertex 4.03593 9.5097 0
      vertex 4.03593 -9.5097 0
    endloop
  endfacet
  facet normal 0 0 -1
    outer loop
      vertex 3.89711 -9.25 0
      vertex 3.89711 9.25 0
      vertex 4.03593 9.5097 0
    endloop
  endfacet
  facet normal 0 0 -1
    outer loop
      vertex 3.74161 -8.99993 0
      vertex 3.89711 9.25 0
      vertex 3.89711 -9.25 0
    endloop
  endfacet
  facet normal 0 0 -1
    outer loop
      vertex 3.74161 -8.99993 0
      vertex 3.74161 8.99993 0
      vertex 3.89711 9.25 0
    endloop
  endfacet
  facet normal 0 0 -1
    outer loop
      vertex 3.57009 -8.76057 0
      vertex 3.74161 8.99993 0
      vertex 3.74161 -8.99993 0
    endloop
  endfacet
  facet normal 0 0 -1
    outer loop
      vertex 3.57009 -8.76057 0
      vertex 3.57009 8.76057 0
      vertex 3.74161 8.99993 0
    endloop
  endfacet
  facet normal 0 0 -1
    outer loop
      vertex 3.38328 -8.53294 0
      vertex 3.57009 8.76057 0
      vertex 3.57009 -8.76057 0
    endloop
  endfacet
  facet normal 0 0 -1
    outer loop
      vertex 3.38328 -8.53294 0
      vertex 3.38328 8.53294 0
      vertex 3.57009 8.76057 0
    endloop
  endfacet
  facet normal 0 0 -1
    outer loop
      vertex 3.18198 -8.31802 0
      vertex 3.38328 8.53294 0
      vertex 3.38328 -8.53294 0
    endloop
  endfacet
  facet normal 0 0 -1
    outer loop
      vertex 3.18198 -8.31802 0
      vertex 3.18198 8.31802 0
      vertex 3.38328 8.53294 0
    endloop
  endfacet
  facet normal 0 0 -1
    outer loop
      vertex 2.96706 -8.11672 0
      vertex 3.18198 8.31802 0
      vertex 3.18198 -8.31802 0
    endloop
  endfacet
  facet normal 0 0 -1
    outer loop
      vertex 2.96706 -8.11672 0
      vertex 2.96706 8.11672 0
      vertex 3.18198 8.31802 0
    endloop
  endfacet
  facet normal 0 0 -1
    outer loop
      vertex 2.73943 -7.92991 0
      vertex 2.96706 8.11672 0
      vertex 2.96706 -8.11672 0
    endloop
  endfacet
  facet normal 0 0 -1
    outer loop
      vertex 2.73943 -7.92991 0
      vertex 2.73943 7.92991 0
      vertex 2.96706 8.11672 0
    endloop
  endfacet
  facet normal 0 0 -1
    outer loop
      vertex 2.50007 -7.75839 0
      vertex 2.73943 7.92991 0
      vertex 2.73943 -7.92991 0
    endloop
  endfacet
  facet normal 0 0 -1
    outer loop
      vertex 2.50007 -7.75839 0
      vertex 2.50007 7.75839 0
      vertex 2.73943 7.92991 0
    endloop
  endfacet
  facet normal 0 0 -1
    outer loop
      vertex 2.25 -7.60289 0
      vertex 2.50007 7.75839 0
      vertex 2.50007 -7.75839 0
    endloop
  endfacet
  facet normal 0 0 -1
    outer loop
      vertex 2.25 -7.60289 0
      vertex 2.25 7.60289 0
      vertex 2.50007 7.75839 0
    endloop
  endfacet
  facet normal 0 0 -1
    outer loop
      vertex 1.9903 -7.46407 0
      vertex 2.25 7.60289 0
      vertex 2.25 -7.60289 0
    endloop
  endfacet
  facet normal 0 0 -1
    outer loop
      vertex 1.9903 -7.46407 0
      vertex 1.9903 7.46407 0
      vertex 2.25 7.60289 0
    endloop
  endfacet
  facet normal 0 0 -1
    outer loop
      vertex 1.72207 -7.34254 0
      vertex 1.9903 7.46407 0
      vertex 1.9903 -7.46407 0
    endloop
  endfacet
  facet normal 0 0 -1
    outer loop
      vertex 1.72207 -7.34254 0
      vertex 1.72207 7.34254 0
      vertex 1.9903 7.46407 0
    endloop
  endfacet
  facet normal 0 0 -1
    outer loop
      vertex 1.44648 -7.23882 0
      vertex 1.72207 7.34254 0
      vertex 1.72207 -7.34254 0
    endloop
  endfacet
  facet normal 0 0 -1
    outer loop
      vertex 1.44648 -7.23882 0
      vertex 1.44648 7.23882 0
      vertex 1.72207 7.34254 0
    endloop
  endfacet
  facet normal 0 0 -1
    outer loop
      vertex 1.16469 -7.15333 0
      vertex 1.44648 7.23882 0
      vertex 1.44648 -7.23882 0
    endloop
  endfacet
  facet normal 0 0 -1
    outer loop
      vertex 1.16469 -7.15333 0
      vertex 1.16469 7.15333 0
      vertex 1.44648 7.23882 0
    endloop
  endfacet
  facet normal 0 0 -1
    outer loop
      vertex 0.877906 -7.08647 0
      vertex 1.16469 7.15333 0
      vertex 1.16469 -7.15333 0
    endloop
  endfacet
  facet normal 0 0 -1
    outer loop
      vertex 0.877906 -7.08647 0
      vertex 0.877906 7.08647 0
      vertex 1.16469 7.15333 0
    endloop
  endfacet
  facet normal 0 0 -1
    outer loop
      vertex 0.587367 -7.0385 0
      vertex 0.877906 7.08647 0
      vertex 0.877906 -7.08647 0
    endloop
  endfacet
  facet normal 0 0 -1
    outer loop
      vertex 0.587367 -7.0385 0
      vertex 0.587367 7.0385 0
      vertex 0.877906 7.08647 0
    endloop
  endfacet
  facet normal 0 0 -1
    outer loop
      vertex 0.294313 -7.00963 0
      vertex 0.587367 7.0385 0
      vertex 0.587367 -7.0385 0
    endloop
  endfacet
  facet normal 0 0 -1
    outer loop
      vertex 0.294313 -7.00963 0
      vertex 0.294313 7.00963 0
      vertex 0.587367 7.0385 0
    endloop
  endfacet
  facet normal 0 0 -1
    outer loop
      vertex 0 -7 0
      vertex 0.294313 7.00963 0
      vertex 0.294313 -7.00963 0
    endloop
  endfacet
  facet normal 0 0 -1
    outer loop
      vertex 0 -7 0
      vertex 0 7 0
      vertex 0.294313 7.00963 0
    endloop
  endfacet
  facet normal 0 0 -1
    outer loop
      vertex -0.294313 -7.00963 0
      vertex 0 7 0
      vertex 0 -7 0
    endloop
  endfacet
  facet normal 0 0 -1
    outer loop
      vertex -0.294313 -7.00963 0
      vertex -0.294313 7.00963 0
      vertex 0 7 0
    endloop
  endfacet
  facet normal 0 0 -1
    outer loop
      vertex -0.587367 -7.0385 0
      vertex -0.294313 7.00963 0
      vertex -0.294313 -7.00963 0
    endloop
  endfacet
  facet normal 0 0 -1
    outer loop
      vertex -0.587367 -7.0385 0
      vertex -0.587367 7.0385 0
      vertex -0.294313 7.00963 0
    endloop
  endfacet
  facet normal 0 0 -1
    outer loop
      vertex -0.877906 -7.08647 0
      vertex -0.587367 7.0385 0
      vertex -0.587367 -7.0385 0
    endloop
  endfacet
  facet normal 0 0 -1
    outer loop
      vertex -0.877906 -7.08647 0
      vertex -0.877906 7.08647 0
      vertex -0.587367 7.0385 0
    endloop
  endfacet
  facet normal 0 0 -1
    outer loop
      vertex -1.16469 -7.15333 0
      vertex -0.877906 7.08647 0
      vertex -0.877906 -7.08647 0
    endloop
  endfacet
  facet normal 0 0 -1
    outer loop
      vertex -1.16469 -7.15333 0
      vertex -1.16469 7.15333 0
      vertex -0.877906 7.08647 0
    endloop
  endfacet
  facet normal 0 0 -1
    outer loop
      vertex -1.44648 -7.23882 0
      vertex -1.16469 7.15333 0
      vertex -1.16469 -7.15333 0
    endloop
  endfacet
  facet normal 0 0 -1
    outer loop
      vertex -1.44648 -7.23882 0
      vertex -1.44648 7.23882 0
      vertex -1.16469 7.15333 0
    endloop
  endfacet
  facet normal 0 0 -1
    outer loop
      vertex -1.72207 -7.34254 0
      vertex -1.44648 7.23882 0
      vertex -1.44648 -7.23882 0
    endloop
  endfacet
  facet normal 0 0 -1
    outer loop
      vertex -1.72207 -7.34254 0
      vertex -1.72207 7.34254 0
      vertex -1.44648 7.23882 0
    endloop
  endfacet
  facet normal 0 0 -1
    outer loop
      vertex -1.9903 -7.46407 0
      vertex -1.72207 7.34254 0
      vertex -1.72207 -7.34254 0
    endloop
  endfacet
  facet normal 0 0 -1
    outer loop
      vertex -1.9903 -7.46407 0
      vertex -1.9903 7.46407 0
      vertex -1.72207 7.34254 0
    endloop
  endfacet
  facet normal 0 0 -1
    outer loop
      vertex -2.25 -7.60289 0
      vertex -1.9903 7.46407 0
      vertex -1.9903 -7.46407 0
    endloop
  endfacet
  facet normal 0 0 -1
    outer loop
      vertex -2.25 -7.60289 0
      vertex -2.25 7.60289 0
      vertex -1.9903 7.46407 0
    endloop
  endfacet
  facet normal 0 0 -1
    outer loop
      vertex -2.50007 -7.75839 0
      vertex -2.25 7.60289 0
      vertex -2.25 -7.60289 0
    endloop
  endfacet
  facet normal 0 0 -1
    outer loop
      vertex -2.50007 -7.75839 0
      vertex -2.50007 7.75839 0
      vertex -2.25 7.60289 0
    endloop
  endfacet
  facet normal 0 0 -1
    outer loop
      vertex -2.73943 -7.92991 0
      vertex -2.50007 7.75839 0
      vertex -2.50007 -7.75839 0
    endloop
  endfacet
  facet normal 0 0 -1
    outer loop
      vertex -2.73943 -7.92991 0
      vertex -2.73943 7.92991 0
      vertex -2.50007 7.75839 0
    endloop
  endfacet
  facet normal 0 0 -1
    outer loop
      vertex -2.96706 -8.11672 0
      vertex -2.73943 7.92991 0
      vertex -2.73943 -7.92991 0
    endloop
  endfacet
  facet normal 0 0 -1
    outer loop
      vertex -2.96706 -8.11672 0
      vertex -2.96706 8.11672 0
      vertex -2.73943 7.92991 0
    endloop
  endfacet
  facet normal 0 0 -1
    outer loop
      vertex -3.18198 -8.31802 0
      vertex -2.96706 8.11672 0
      vertex -2.96706 -8.11672 0
    endloop
  endfacet
  facet normal 0 0 -1
    outer loop
      vertex -3.18198 -8.31802 0
      vertex -3.18198 8.31802 0
      vertex -2.96706 8.11672 0
    endloop
  endfacet
  facet normal 0 0 -1
    outer loop
      vertex -3.38328 -8.53294 0
      vertex -3.18198 8.31802 0
      vertex -3.18198 -8.31802 0
    endloop
  endfacet
  facet normal 0 0 -1
    outer loop
      vertex -3.38328 -8.53294 0
      vertex -3.38328 8.53294 0
      vertex -3.18198 8.31802 0
    endloop
  endfacet
  facet normal 0 0 -1
    outer loop
      vertex -3.57009 -8.76057 0
      vertex -3.38328 8.53294 0
      vertex -3.38328 -8.53294 0
    endloop
  endfacet
  facet normal 0 0 -1
    outer loop
      vertex -3.57009 -8.76057 0
      vertex -3.57009 8.76057 0
      vertex -3.38328 8.53294 0
    endloop
  endfacet
  facet normal 0 0 -1
    outer loop
      vertex -3.74161 -8.99993 0
      vertex -3.57009 8.76057 0
      vertex -3.57009 -8.76057 0
    endloop
  endfacet
  facet normal 0 0 -1
    outer loop
      vertex -3.74161 -8.99993 0
      vertex -3.74161 8.99993 0
      vertex -3.57009 8.76057 0
    endloop
  endfacet
  facet normal 0 0 -1
    outer loop
      vertex -3.89711 -9.25 0
      vertex -3.74161 8.99993 0
      vertex -3.74161 -8.99993 0
    endloop
  endfacet
  facet normal 0 0 -1
    outer loop
      vertex -3.89711 -9.25 0
      vertex -3.89711 9.25 0
      vertex -3.74161 8.99993 0
    endloop
  endfacet
  facet normal 0 0 -1
    outer loop
      vertex -4.03593 -9.5097 0
      vertex -3.89711 9.25 0
      vertex -3.89711 -9.25 0
    endloop
  endfacet
  facet normal 0 0 -1
    outer loop
      vertex -4.03593 -9.5097 0
      vertex -4.03593 9.5097 0
      vertex -3.89711 9.25 0
    endloop
  endfacet
  facet normal 0 0 -1
    outer loop
      vertex -4.15746 -9.77793 0
      vertex -4.03593 9.5097 0
      vertex -4.03593 -9.5097 0
    endloop
  endfacet
  facet normal 0 0 -1
    outer loop
      vertex -4.15746 -9.77793 0
      vertex -4.15746 9.77793 0
      vertex -4.03593 9.5097 0
    endloop
  endfacet
  facet normal 0 0 -1
    outer loop
      vertex -4.26118 -10.0535 0
      vertex -4.15746 9.77793 0
      vertex -4.15746 -9.77793 0
    endloop
  endfacet
  facet normal 0 0 -1
    outer loop
      vertex -4.26118 -10.0535 0
      vertex -4.26118 10.0535 0
      vertex -4.15746 9.77793 0
    endloop
  endfacet
  facet normal 0 0 -1
    outer loop
      vertex -4.34667 -10.3353 0
      vertex -4.26118 10.0535 0
      vertex -4.26118 -10.0535 0
    endloop
  endfacet
  facet normal 0 0 -1
    outer loop
      vertex -4.34667 -10.3353 0
      vertex -4.34667 10.3353 0
      vertex -4.26118 10.0535 0
    endloop
  endfacet
  facet normal 0 0 -1
    outer loop
      vertex -15 -30 0
      vertex -4.34667 -10.3353 0
      vertex -4.41353 -10.6221 0
    endloop
  endfacet
  facet normal -0 0 -1
    outer loop
      vertex -4.34667 -10.3353 0
      vertex -15 -30 0
      vertex -4.34667 10.3353 0
    endloop
  endfacet
  facet normal 0 0 -1
    outer loop
      vertex -15 -30 0
      vertex -4.41353 -10.6221 0
      vertex -4.4615 -10.9126 0
    endloop
  endfacet
  facet normal 0 0 -1
    outer loop
      vertex -15 30 0
      vertex -4.34667 10.3353 0
      vertex -15 -30 0
    endloop
  endfacet
  facet normal 0 0 -1
    outer loop
      vertex -15 -30 0
      vertex -4.4615 -10.9126 0
      vertex -4.49037 -11.2057 0
    endloop
  endfacet
  facet normal 0 0 -1
    outer loop
      vertex -4.34667 10.3353 0
      vertex -15 30 0
      vertex -4.41353 10.6221 0
    endloop
  endfacet
  facet normal 0 0 -1
    outer loop
      vertex -15 -30 0
      vertex -4.49037 -11.2057 0
      vertex -4.5 -11.5 0
    endloop
  endfacet
  facet normal 0 0 -1
    outer loop
      vertex -4.41353 10.6221 0
      vertex -15 30 0
      vertex -4.4615 10.9126 0
    endloop
  endfacet
  facet normal 0 0 -1
    outer loop
      vertex 4.49037 -11.2057 0
      vertex 15 -30 0
      vertex 4.5 -11.5 0
    endloop
  endfacet
  facet normal 0 0 -1
    outer loop
      vertex 15 -30 0
      vertex 4.49037 -11.7943 0
      vertex 4.5 -11.5 0
    endloop
  endfacet
  facet normal 0 0 -1
    outer loop
      vertex 15 -30 0
      vertex 4.4615 -12.0874 0
      vertex 4.49037 -11.7943 0
    endloop
  endfacet
  facet normal 0 0 -1
    outer loop
      vertex 15 -30 0
      vertex 4.41353 -12.3779 0
      vertex 4.4615 -12.0874 0
    endloop
  endfacet
  facet normal 0 0 -1
    outer loop
      vertex 15 -30 0
      vertex 4.34667 -12.6647 0
      vertex 4.41353 -12.3779 0
    endloop
  endfacet
  facet normal 0 0 -1
    outer loop
      vertex 15 -30 0
      vertex 4.26118 -12.9465 0
      vertex 4.34667 -12.6647 0
    endloop
  endfacet
  facet normal 0 0 -1
    outer loop
      vertex 15 -30 0
      vertex 4.15746 -13.2221 0
      vertex 4.26118 -12.9465 0
    endloop
  endfacet
  facet normal 0 0 -1
    outer loop
      vertex 15 -30 0
      vertex 4.03593 -13.4903 0
      vertex 4.15746 -13.2221 0
    endloop
  endfacet
  facet normal 0 0 -1
    outer loop
      vertex 15 -30 0
      vertex 3.89711 -13.75 0
      vertex 4.03593 -13.4903 0
    endloop
  endfacet
  facet normal 0 0 -1
    outer loop
      vertex 15 -30 0
      vertex 3.74161 -14.0001 0
      vertex 3.89711 -13.75 0
    endloop
  endfacet
  facet normal 0 0 -1
    outer loop
      vertex 2.60406 -23.366 0
      vertex 3.74161 -14.0001 0
      vertex 15 -30 0
    endloop
  endfacet
  facet normal 0 0 -1
    outer loop
      vertex 2.54067 -23.1976 0
      vertex 3.74161 -14.0001 0
      vertex 2.60406 -23.366 0
    endloop
  endfacet
  facet normal 0 0 -1
    outer loop
      vertex 3.74161 -14.0001 0
      vertex 2.54067 -23.1976 0
      vertex 3.57009 -14.2394 0
    endloop
  endfacet
  facet normal 0 0 -1
    outer loop
      vertex 2.4664 -23.0337 0
      vertex 3.57009 -14.2394 0
      vertex 2.54067 -23.1976 0
    endloop
  endfacet
  facet normal 0 0 -1
    outer loop
      vertex 2.74411 -24.0701 0
      vertex 15 -30 0
      vertex 2.75 -24.25 0
    endloop
  endfacet
  facet normal 0 0 -1
    outer loop
      vertex 15 -30 0
      vertex 2.74411 -24.4299 0
      vertex 2.75 -24.25 0
    endloop
  endfacet
  facet normal 0 0 -1
    outer loop
      vertex 15 -30 0
      vertex 2.72647 -24.6089 0
      vertex 2.74411 -24.4299 0
    endloop
  endfacet
  facet normal 0 0 -1
    outer loop
      vertex 15 -30 0
      vertex 2.69716 -24.7865 0
      vertex 2.72647 -24.6089 0
    endloop
  endfacet
  facet normal 0 0 -1
    outer loop
      vertex 15 -30 0
      vertex 2.6563 -24.9618 0
      vertex 2.69716 -24.7865 0
    endloop
  endfacet
  facet normal 0 0 -1
    outer loop
      vertex 15 -30 0
      vertex 2.60406 -25.134 0
      vertex 2.6563 -24.9618 0
    endloop
  endfacet
  facet normal 0 0 -1
    outer loop
      vertex 15 -30 0
      vertex 2.54067 -25.3024 0
      vertex 2.60406 -25.134 0
    endloop
  endfacet
  facet normal 0 0 -1
    outer loop
      vertex 15 -30 0
      vertex 2.4664 -25.4663 0
      vertex 2.54067 -25.3024 0
    endloop
  endfacet
  facet normal 0 0 -1
    outer loop
      vertex 15 -30 0
      vertex 2.38157 -25.625 0
      vertex 2.4664 -25.4663 0
    endloop
  endfacet
  facet normal 0 0 -1
    outer loop
      vertex 15 -30 0
      vertex 2.28654 -25.7778 0
      vertex 2.38157 -25.625 0
    endloop
  endfacet
  facet normal 0 0 -1
    outer loop
      vertex 15 -30 0
      vertex 2.18172 -25.9241 0
      vertex 2.28654 -25.7778 0
    endloop
  endfacet
  facet normal 0 0 -1
    outer loop
      vertex 15 -30 0
      vertex 2.06756 -26.0632 0
      vertex 2.18172 -25.9241 0
    endloop
  endfacet
  facet normal 0 0 -1
    outer loop
      vertex 15 -30 0
      vertex 1.94454 -26.1945 0
      vertex 2.06756 -26.0632 0
    endloop
  endfacet
  facet normal 0 0 -1
    outer loop
      vertex 15 -30 0
      vertex 1.8132 -26.3176 0
      vertex 1.94454 -26.1945 0
    endloop
  endfacet
  facet normal 0 0 -1
    outer loop
      vertex 15 -30 0
      vertex 1.67409 -26.4317 0
      vertex 1.8132 -26.3176 0
    endloop
  endfacet
  facet normal 0 0 -1
    outer loop
      vertex 15 -30 0
      vertex 1.52782 -26.5365 0
      vertex 1.67409 -26.4317 0
    endloop
  endfacet
  facet normal 0 0 -1
    outer loop
      vertex 15 -30 0
      vertex 1.375 -26.6316 0
      vertex 1.52782 -26.5365 0
    endloop
  endfacet
  facet normal 0 0 -1
    outer loop
      vertex 15 -30 0
      vertex 1.21629 -26.7164 0
      vertex 1.375 -26.6316 0
    endloop
  endfacet
  facet normal 0 0 -1
    outer loop
      vertex 15 -30 0
      vertex 1.05238 -26.7907 0
      vertex 1.21629 -26.7164 0
    endloop
  endfacet
  facet normal 0 0 -1
    outer loop
      vertex 15 -30 0
      vertex 0.883958 -26.8541 0
      vertex 1.05238 -26.7907 0
    endloop
  endfacet
  facet normal 0 0 -1
    outer loop
      vertex 15 -30 0
      vertex 0.711752 -26.9063 0
      vertex 0.883958 -26.8541 0
    endloop
  endfacet
  facet normal 0 0 -1
    outer loop
      vertex 15 -30 0
      vertex 0.536498 -26.9472 0
      vertex 0.711752 -26.9063 0
    endloop
  endfacet
  facet normal 0 0 -1
    outer loop
      vertex 15 -30 0
      vertex 0.358947 -26.9765 0
      vertex 0.536498 -26.9472 0
    endloop
  endfacet
  facet normal 0 0 -1
    outer loop
      vertex 15 -30 0
      vertex 0.179858 -26.9941 0
      vertex 0.358947 -26.9765 0
    endloop
  endfacet
  facet normal 0 0 -1
    outer loop
      vertex 15 -30 0
      vertex 0 -27 0
      vertex 0.179858 -26.9941 0
    endloop
  endfacet
  facet normal 0 0 -1
    outer loop
      vertex -15 -30 0
      vertex 0 -27 0
      vertex 15 -30 0
    endloop
  endfacet
  facet normal -0 0 -1
    outer loop
      vertex 0 -27 0
      vertex -15 -30 0
      vertex -0.179858 -26.9941 0
    endloop
  endfacet
  facet normal -0 0 -1
    outer loop
      vertex -0.179858 -26.9941 0
      vertex -15 -30 0
      vertex -0.358947 -26.9765 0
    endloop
  endfacet
  facet normal 0 0 -1
    outer loop
      vertex -2.28654 -22.7222 0
      vertex -3.18198 -14.682 0
      vertex -2.96706 -14.8833 0
    endloop
  endfacet
  facet normal 0 0 -1
    outer loop
      vertex -15 -30 0
      vertex -2.75 -24.25 0
      vertex -2.74411 -24.4299 0
    endloop
  endfacet
  facet normal 0 0 -1
    outer loop
      vertex -2.74411 -24.0701 0
      vertex -3.38328 -14.4671 0
      vertex -3.18198 -14.682 0
    endloop
  endfacet
  facet normal 0 0 -1
    outer loop
      vertex -2.74411 -24.0701 0
      vertex -3.57009 -14.2394 0
      vertex -3.38328 -14.4671 0
    endloop
  endfacet
  facet normal 0 0 -1
    outer loop
      vertex -2.74411 -24.0701 0
      vertex -3.74161 -14.0001 0
      vertex -3.57009 -14.2394 0
    endloop
  endfacet
  facet normal -0 0 -1
    outer loop
      vertex -2.74411 -24.0701 0
      vertex -15 -30 0
      vertex -3.74161 -14.0001 0
    endloop
  endfacet
  facet normal 0 0 -1
    outer loop
      vertex -15 -30 0
      vertex -2.74411 -24.4299 0
      vertex -2.72647 -24.6089 0
    endloop
  endfacet
  facet normal -0 0 -1
    outer loop
      vertex -3.74161 -14.0001 0
      vertex -15 -30 0
      vertex -3.89711 -13.75 0
    endloop
  endfacet
  facet normal -0 0 -1
    outer loop
      vertex -3.89711 -13.75 0
      vertex -15 -30 0
      vertex -4.03593 -13.4903 0
    endloop
  endfacet
  facet normal -0 0 -1
    outer loop
      vertex -4.03593 -13.4903 0
      vertex -15 -30 0
      vertex -4.15746 -13.2221 0
    endloop
  endfacet
  facet normal -0 0 -1
    outer loop
      vertex -4.15746 -13.2221 0
      vertex -15 -30 0
      vertex -4.26118 -12.9465 0
    endloop
  endfacet
  facet normal -0 0 -1
    outer loop
      vertex -4.26118 -12.9465 0
      vertex -15 -30 0
      vertex -4.34667 -12.6647 0
    endloop
  endfacet
  facet normal -0 0 -1
    outer loop
      vertex -4.34667 -12.6647 0
      vertex -15 -30 0
      vertex -4.41353 -12.3779 0
    endloop
  endfacet
  facet normal 0 0 -1
    outer loop
      vertex -4.4615 10.9126 0
      vertex -15 30 0
      vertex -4.49037 11.2057 0
    endloop
  endfacet
  facet normal -0 0 -1
    outer loop
      vertex -4.49037 -11.7943 0
      vertex -15 -30 0
      vertex -4.5 -11.5 0
    endloop
  endfacet
  facet normal -0 0 -1
    outer loop
      vertex -4.4615 -12.0874 0
      vertex -15 -30 0
      vertex -4.49037 -11.7943 0
    endloop
  endfacet
  facet normal -0 0 -1
    outer loop
      vertex -4.41353 -12.3779 0
      vertex -15 -30 0
      vertex -4.4615 -12.0874 0
    endloop
  endfacet
  facet normal -0 0 -1
    outer loop
      vertex -2.69716 -24.7865 0
      vertex -15 -30 0
      vertex -2.72647 -24.6089 0
    endloop
  endfacet
  facet normal -0 0 -1
    outer loop
      vertex -2.6563 -24.9618 0
      vertex -15 -30 0
      vertex -2.69716 -24.7865 0
    endloop
  endfacet
  facet normal -0 0 -1
    outer loop
      vertex -2.60406 -25.134 0
      vertex -15 -30 0
      vertex -2.6563 -24.9618 0
    endloop
  endfacet
  facet normal -0 0 -1
    outer loop
      vertex -2.54067 -25.3024 0
      vertex -15 -30 0
      vertex -2.60406 -25.134 0
    endloop
  endfacet
  facet normal -0 0 -1
    outer loop
      vertex -2.4664 -25.4663 0
      vertex -15 -30 0
      vertex -2.54067 -25.3024 0
    endloop
  endfacet
  facet normal -0 0 -1
    outer loop
      vertex -2.38157 -25.625 0
      vertex -15 -30 0
      vertex -2.4664 -25.4663 0
    endloop
  endfacet
  facet normal -0 0 -1
    outer loop
      vertex -2.28654 -25.7778 0
      vertex -15 -30 0
      vertex -2.38157 -25.625 0
    endloop
  endfacet
  facet normal -0 0 -1
    outer loop
      vertex -2.18172 -25.9241 0
      vertex -15 -30 0
      vertex -2.28654 -25.7778 0
    endloop
  endfacet
  facet normal -0 0 -1
    outer loop
      vertex -2.06756 -26.0632 0
      vertex -15 -30 0
      vertex -2.18172 -25.9241 0
    endloop
  endfacet
  facet normal -0 0 -1
    outer loop
      vertex -1.94454 -26.1945 0
      vertex -15 -30 0
      vertex -2.06756 -26.0632 0
    endloop
  endfacet
  facet normal -0 0 -1
    outer loop
      vertex -1.8132 -26.3176 0
      vertex -15 -30 0
      vertex -1.94454 -26.1945 0
    endloop
  endfacet
  facet normal -0 0 -1
    outer loop
      vertex -1.67409 -26.4317 0
      vertex -15 -30 0
      vertex -1.8132 -26.3176 0
    endloop
  endfacet
  facet normal -0 0 -1
    outer loop
      vertex -1.52782 -26.5365 0
      vertex -15 -30 0
      vertex -1.67409 -26.4317 0
    endloop
  endfacet
  facet normal -0 0 -1
    outer loop
      vertex -1.375 -26.6316 0
      vertex -15 -30 0
      vertex -1.52782 -26.5365 0
    endloop
  endfacet
  facet normal -0 0 -1
    outer loop
      vertex -1.21629 -26.7164 0
      vertex -15 -30 0
      vertex -1.375 -26.6316 0
    endloop
  endfacet
  facet normal -0 0 -1
    outer loop
      vertex -1.05238 -26.7907 0
      vertex -15 -30 0
      vertex -1.21629 -26.7164 0
    endloop
  endfacet
  facet normal -0 0 -1
    outer loop
      vertex -0.883958 -26.8541 0
      vertex -15 -30 0
      vertex -1.05238 -26.7907 0
    endloop
  endfacet
  facet normal -0 0 -1
    outer loop
      vertex -0.711752 -26.9063 0
      vertex -15 -30 0
      vertex -0.883958 -26.8541 0
    endloop
  endfacet
  facet normal -0 0 -1
    outer loop
      vertex -0.536498 -26.9472 0
      vertex -15 -30 0
      vertex -0.711752 -26.9063 0
    endloop
  endfacet
  facet normal -0 0 -1
    outer loop
      vertex -0.358947 -26.9765 0
      vertex -15 -30 0
      vertex -0.536498 -26.9472 0
    endloop
  endfacet
  facet normal 0 0 -1
    outer loop
      vertex 4.4615 -10.9126 0
      vertex 15 -30 0
      vertex 4.49037 -11.2057 0
    endloop
  endfacet
  facet normal 0 0 -1
    outer loop
      vertex 4.49037 11.7943 0
      vertex 15 30 0
      vertex 4.5 11.5 0
    endloop
  endfacet
  facet normal 0 0 -1
    outer loop
      vertex 4.4615 12.0874 0
      vertex 15 30 0
      vertex 4.49037 11.7943 0
    endloop
  endfacet
  facet normal 0 0 -1
    outer loop
      vertex 4.41353 12.3779 0
      vertex 15 30 0
      vertex 4.4615 12.0874 0
    endloop
  endfacet
  facet normal 0 0 -1
    outer loop
      vertex 4.34667 12.6647 0
      vertex 15 30 0
      vertex 4.41353 12.3779 0
    endloop
  endfacet
  facet normal 0 0 -1
    outer loop
      vertex 4.26118 12.9465 0
      vertex 15 30 0
      vertex 4.34667 12.6647 0
    endloop
  endfacet
  facet normal 0 0 -1
    outer loop
      vertex 4.15746 13.2221 0
      vertex 15 30 0
      vertex 4.26118 12.9465 0
    endloop
  endfacet
  facet normal 0 0 -1
    outer loop
      vertex 4.03593 13.4903 0
      vertex 15 30 0
      vertex 4.15746 13.2221 0
    endloop
  endfacet
  facet normal 0 0 -1
    outer loop
      vertex 3.89711 13.75 0
      vertex 15 30 0
      vertex 4.03593 13.4903 0
    endloop
  endfacet
  facet normal 0 0 -1
    outer loop
      vertex 3.74161 14.0001 0
      vertex 15 30 0
      vertex 3.89711 13.75 0
    endloop
  endfacet
  facet normal 0 0 -1
    outer loop
      vertex 2.74411 24.0701 0
      vertex 3.74161 14.0001 0
      vertex 3.57009 14.2394 0
    endloop
  endfacet
  facet normal 0 0 -1
    outer loop
      vertex 2.74411 24.0701 0
      vertex 3.57009 14.2394 0
      vertex 3.38328 14.4671 0
    endloop
  endfacet
  facet normal 0 0 -1
    outer loop
      vertex 2.74411 24.0701 0
      vertex 3.38328 14.4671 0
      vertex 3.18198 14.682 0
    endloop
  endfacet
  facet normal 0 0 -1
    outer loop
      vertex 2.28654 22.7222 0
      vertex 3.18198 14.682 0
      vertex 2.96706 14.8833 0
    endloop
  endfacet
  facet normal 0 0 -1
    outer loop
      vertex 2.74411 24.0701 0
      vertex 15 30 0
      vertex 3.74161 14.0001 0
    endloop
  endfacet
  facet normal 0 0 -1
    outer loop
      vertex 2.74411 24.4299 0
      vertex 15 30 0
      vertex 2.75 24.25 0
    endloop
  endfacet
  facet normal 0 0 -1
    outer loop
      vertex 2.72647 24.6089 0
      vertex 15 30 0
      vertex 2.74411 24.4299 0
    endloop
  endfacet
  facet normal 0 0 -1
    outer loop
      vertex 2.69716 24.7865 0
      vertex 15 30 0
      vertex 2.72647 24.6089 0
    endloop
  endfacet
  facet normal 0 0 -1
    outer loop
      vertex 2.6563 24.9618 0
      vertex 15 30 0
      vertex 2.69716 24.7865 0
    endloop
  endfacet
  facet normal 0 0 -1
    outer loop
      vertex 2.60406 25.134 0
      vertex 15 30 0
      vertex 2.6563 24.9618 0
    endloop
  endfacet
  facet normal 0 0 -1
    outer loop
      vertex 2.54067 25.3024 0
      vertex 15 30 0
      vertex 2.60406 25.134 0
    endloop
  endfacet
  facet normal 0 0 -1
    outer loop
      vertex 2.4664 25.4663 0
      vertex 15 30 0
      vertex 2.54067 25.3024 0
    endloop
  endfacet
  facet normal 0 0 -1
    outer loop
      vertex 2.38157 25.625 0
      vertex 15 30 0
      vertex 2.4664 25.4663 0
    endloop
  endfacet
  facet normal 0 0 -1
    outer loop
      vertex 2.28654 25.7778 0
      vertex 15 30 0
      vertex 2.38157 25.625 0
    endloop
  endfacet
  facet normal 0 0 -1
    outer loop
      vertex 2.18172 25.9241 0
      vertex 15 30 0
      vertex 2.28654 25.7778 0
    endloop
  endfacet
  facet normal 0 0 -1
    outer loop
      vertex 2.06756 26.0632 0
      vertex 15 30 0
      vertex 2.18172 25.9241 0
    endloop
  endfacet
  facet normal 0 0 -1
    outer loop
      vertex 1.94454 26.1945 0
      vertex 15 30 0
      vertex 2.06756 26.0632 0
    endloop
  endfacet
  facet normal 0 0 -1
    outer loop
      vertex 1.8132 26.3176 0
      vertex 15 30 0
      vertex 1.94454 26.1945 0
    endloop
  endfacet
  facet normal 0 0 -1
    outer loop
      vertex 1.67409 26.4317 0
      vertex 15 30 0
      vertex 1.8132 26.3176 0
    endloop
  endfacet
  facet normal 0 0 -1
    outer loop
      vertex 1.52782 26.5365 0
      vertex 15 30 0
      vertex 1.67409 26.4317 0
    endloop
  endfacet
  facet normal 0 0 -1
    outer loop
      vertex 1.375 26.6316 0
      vertex 15 30 0
      vertex 1.52782 26.5365 0
    endloop
  endfacet
  facet normal 0 0 -1
    outer loop
      vertex 1.21629 26.7164 0
      vertex 15 30 0
      vertex 1.375 26.6316 0
    endloop
  endfacet
  facet normal 0 0 -1
    outer loop
      vertex 1.05238 26.7907 0
      vertex 15 30 0
      vertex 1.21629 26.7164 0
    endloop
  endfacet
  facet normal 0 0 -1
    outer loop
      vertex 0.883958 26.8541 0
      vertex 15 30 0
      vertex 1.05238 26.7907 0
    endloop
  endfacet
  facet normal 0 0 -1
    outer loop
      vertex 0.711752 26.9063 0
      vertex 15 30 0
      vertex 0.883958 26.8541 0
    endloop
  endfacet
  facet normal 0 0 -1
    outer loop
      vertex 0.536498 26.9472 0
      vertex 15 30 0
      vertex 0.711752 26.9063 0
    endloop
  endfacet
  facet normal 0 0 -1
    outer loop
      vertex 0.358947 26.9765 0
      vertex 15 30 0
      vertex 0.536498 26.9472 0
    endloop
  endfacet
  facet normal 0 0 -1
    outer loop
      vertex 0.179858 26.9941 0
      vertex 15 30 0
      vertex 0.358947 26.9765 0
    endloop
  endfacet
  facet normal 0 0 -1
    outer loop
      vertex 0 27 0
      vertex 15 30 0
      vertex 0.179858 26.9941 0
    endloop
  endfacet
  facet normal 0 0 -1
    outer loop
      vertex -15 30 0
      vertex 0 27 0
      vertex -0.179858 26.9941 0
    endloop
  endfacet
  facet normal 0 0 -1
    outer loop
      vertex -15 30 0
      vertex -0.179858 26.9941 0
      vertex -0.358947 26.9765 0
    endloop
  endfacet
  facet normal 0 0 -1
    outer loop
      vertex -15 30 0
      vertex -0.358947 26.9765 0
      vertex -0.536498 26.9472 0
    endloop
  endfacet
  facet normal 0 0 -1
    outer loop
      vertex -2.60406 23.366 0
      vertex -15 30 0
      vertex -2.6563 23.5382 0
    endloop
  endfacet
  facet normal 0 0 -1
    outer loop
      vertex -2.6563 23.5382 0
      vertex -15 30 0
      vertex -2.69716 23.7135 0
    endloop
  endfacet
  facet normal 0 0 -1
    outer loop
      vertex -2.69716 23.7135 0
      vertex -15 30 0
      vertex -2.72647 23.8911 0
    endloop
  endfacet
  facet normal 0 0 -1
    outer loop
      vertex -2.72647 23.8911 0
      vertex -15 30 0
      vertex -2.74411 24.0701 0
    endloop
  endfacet
  facet normal 0 0 -1
    outer loop
      vertex -2.74411 24.0701 0
      vertex -15 30 0
      vertex -2.75 24.25 0
    endloop
  endfacet
  facet normal 0 0 -1
    outer loop
      vertex -15 30 0
      vertex -3.74161 14.0001 0
      vertex -3.89711 13.75 0
    endloop
  endfacet
  facet normal 0 0 -1
    outer loop
      vertex -2.75 24.25 0
      vertex -15 30 0
      vertex -2.74411 24.4299 0
    endloop
  endfacet
  facet normal 0 0 -1
    outer loop
      vertex -15 30 0
      vertex -3.89711 13.75 0
      vertex -4.03593 13.4903 0
    endloop
  endfacet
  facet normal 0 0 -1
    outer loop
      vertex -15 30 0
      vertex -4.03593 13.4903 0
      vertex -4.15746 13.2221 0
    endloop
  endfacet
  facet normal 0 0 -1
    outer loop
      vertex -15 30 0
      vertex -4.15746 13.2221 0
      vertex -4.26118 12.9465 0
    endloop
  endfacet
  facet normal 0 0 -1
    outer loop
      vertex -15 30 0
      vertex -4.26118 12.9465 0
      vertex -4.34667 12.6647 0
    endloop
  endfacet
  facet normal 0 0 -1
    outer loop
      vertex -15 30 0
      vertex -4.34667 12.6647 0
      vertex -4.41353 12.3779 0
    endloop
  endfacet
  facet normal 0 0 -1
    outer loop
      vertex -15 30 0
      vertex -4.41353 12.3779 0
      vertex -4.4615 12.0874 0
    endloop
  endfacet
  facet normal 0 0 -1
    outer loop
      vertex -4.49037 11.2057 0
      vertex -15 30 0
      vertex -4.5 11.5 0
    endloop
  endfacet
  facet normal 0 0 -1
    outer loop
      vertex -4.5 11.5 0
      vertex -15 30 0
      vertex -4.49037 11.7943 0
    endloop
  endfacet
  facet normal 0 0 -1
    outer loop
      vertex -4.49037 11.7943 0
      vertex -15 30 0
      vertex -4.4615 12.0874 0
    endloop
  endfacet
  facet normal 0 0 -1
    outer loop
      vertex -2.74411 24.4299 0
      vertex -15 30 0
      vertex -2.72647 24.6089 0
    endloop
  endfacet
  facet normal 0 0 -1
    outer loop
      vertex 0 27 0
      vertex -15 30 0
      vertex 15 30 0
    endloop
  endfacet
  facet normal 0 0 -1
    outer loop
      vertex -0.711752 26.9063 0
      vertex -15 30 0
      vertex -0.536498 26.9472 0
    endloop
  endfacet
  facet normal 0 0 -1
    outer loop
      vertex -0.883958 26.8541 0
      vertex -15 30 0
      vertex -0.711752 26.9063 0
    endloop
  endfacet
  facet normal 0 0 -1
    outer loop
      vertex -1.05238 26.7907 0
      vertex -15 30 0
      vertex -0.883958 26.8541 0
    endloop
  endfacet
  facet normal 0 0 -1
    outer loop
      vertex -1.21629 26.7164 0
      vertex -15 30 0
      vertex -1.05238 26.7907 0
    endloop
  endfacet
  facet normal 0 0 -1
    outer loop
      vertex -1.375 26.6316 0
      vertex -15 30 0
      vertex -1.21629 26.7164 0
    endloop
  endfacet
  facet normal 0 0 -1
    outer loop
      vertex -1.52782 26.5365 0
      vertex -15 30 0
      vertex -1.375 26.6316 0
    endloop
  endfacet
  facet normal 0 0 -1
    outer loop
      vertex -1.67409 26.4317 0
      vertex -15 30 0
      vertex -1.52782 26.5365 0
    endloop
  endfacet
  facet normal 0 0 -1
    outer loop
      vertex -1.8132 26.3176 0
      vertex -15 30 0
      vertex -1.67409 26.4317 0
    endloop
  endfacet
  facet normal 0 0 -1
    outer loop
      vertex -1.94454 26.1945 0
      vertex -15 30 0
      vertex -1.8132 26.3176 0
    endloop
  endfacet
  facet normal 0 0 -1
    outer loop
      vertex -2.06756 26.0632 0
      vertex -15 30 0
      vertex -1.94454 26.1945 0
    endloop
  endfacet
  facet normal 0 0 -1
    outer loop
      vertex -2.18172 25.9241 0
      vertex -15 30 0
      vertex -2.06756 26.0632 0
    endloop
  endfacet
  facet normal 0 0 -1
    outer loop
      vertex -2.28654 25.7778 0
      vertex -15 30 0
      vertex -2.18172 25.9241 0
    endloop
  endfacet
  facet normal 0 0 -1
    outer loop
      vertex -2.38157 25.625 0
      vertex -15 30 0
      vertex -2.28654 25.7778 0
    endloop
  endfacet
  facet normal 0 0 -1
    outer loop
      vertex -2.4664 25.4663 0
      vertex -15 30 0
      vertex -2.38157 25.625 0
    endloop
  endfacet
  facet normal 0 0 -1
    outer loop
      vertex -2.54067 25.3024 0
      vertex -15 30 0
      vertex -2.4664 25.4663 0
    endloop
  endfacet
  facet normal 0 0 -1
    outer loop
      vertex -2.60406 25.134 0
      vertex -15 30 0
      vertex -2.54067 25.3024 0
    endloop
  endfacet
  facet normal 0 0 -1
    outer loop
      vertex -2.6563 24.9618 0
      vertex -15 30 0
      vertex -2.60406 25.134 0
    endloop
  endfacet
  facet normal 0 0 -1
    outer loop
      vertex -2.69716 24.7865 0
      vertex -15 30 0
      vertex -2.6563 24.9618 0
    endloop
  endfacet
  facet normal 0 0 -1
    outer loop
      vertex -2.72647 24.6089 0
      vertex -15 30 0
      vertex -2.69716 24.7865 0
    endloop
  endfacet
  facet normal 0 0 -1
    outer loop
      vertex 2.72647 -23.8911 0
      vertex 15 -30 0
      vertex 2.74411 -24.0701 0
    endloop
  endfacet
  facet normal 0 0 -1
    outer loop
      vertex 2.69716 -23.7135 0
      vertex 15 -30 0
      vertex 2.72647 -23.8911 0
    endloop
  endfacet
  facet normal 0 0 -1
    outer loop
      vertex 2.6563 -23.5382 0
      vertex 15 -30 0
      vertex 2.69716 -23.7135 0
    endloop
  endfacet
  facet normal 0 0 -1
    outer loop
      vertex 2.60406 -23.366 0
      vertex 15 -30 0
      vertex 2.6563 -23.5382 0
    endloop
  endfacet
  facet normal 0 0 -1
    outer loop
      vertex 3.57009 -14.2394 0
      vertex 2.4664 -23.0337 0
      vertex 3.38328 -14.4671 0
    endloop
  endfacet
  facet normal 0 0 -1
    outer loop
      vertex 2.38157 -22.875 0
      vertex 3.38328 -14.4671 0
      vertex 2.4664 -23.0337 0
    endloop
  endfacet
  facet normal 0 0 -1
    outer loop
      vertex 3.38328 -14.4671 0
      vertex 2.38157 -22.875 0
      vertex 3.18198 -14.682 0
    endloop
  endfacet
  facet normal 0 0 -1
    outer loop
      vertex 2.28654 -22.7222 0
      vertex 3.18198 -14.682 0
      vertex 2.38157 -22.875 0
    endloop
  endfacet
  facet normal 0 0 -1
    outer loop
      vertex 3.18198 -14.682 0
      vertex 2.28654 -22.7222 0
      vertex 2.96706 -14.8833 0
    endloop
  endfacet
  facet normal 0 0 -1
    outer loop
      vertex 2.18172 -22.5759 0
      vertex 2.96706 -14.8833 0
      vertex 2.28654 -22.7222 0
    endloop
  endfacet
  facet normal 0 0 -1
    outer loop
      vertex 2.96706 -14.8833 0
      vertex 2.18172 -22.5759 0
      vertex 2.73943 -15.0701 0
    endloop
  endfacet
  facet normal 0 0 -1
    outer loop
      vertex 2.06756 -22.4368 0
      vertex 2.73943 -15.0701 0
      vertex 2.18172 -22.5759 0
    endloop
  endfacet
  facet normal 0 0 -1
    outer loop
      vertex 1.94454 -22.3055 0
      vertex 2.73943 -15.0701 0
      vertex 2.06756 -22.4368 0
    endloop
  endfacet
  facet normal 0 0 -1
    outer loop
      vertex 2.73943 -15.0701 0
      vertex 1.94454 -22.3055 0
      vertex 2.50007 -15.2416 0
    endloop
  endfacet
  facet normal 0 0 -1
    outer loop
      vertex 1.8132 -22.1824 0
      vertex 2.50007 -15.2416 0
      vertex 1.94454 -22.3055 0
    endloop
  endfacet
  facet normal 0 0 -1
    outer loop
      vertex 2.50007 -15.2416 0
      vertex 1.8132 -22.1824 0
      vertex 2.25 -15.3971 0
    endloop
  endfacet
  facet normal 0 0 -1
    outer loop
      vertex 1.67409 -22.0683 0
      vertex 2.25 -15.3971 0
      vertex 1.8132 -22.1824 0
    endloop
  endfacet
  facet normal 0 0 -1
    outer loop
      vertex 2.25 -15.3971 0
      vertex 1.67409 -22.0683 0
      vertex 1.9903 -15.5359 0
    endloop
  endfacet
  facet normal 0 0 -1
    outer loop
      vertex 1.52782 -21.9635 0
      vertex 1.9903 -15.5359 0
      vertex 1.67409 -22.0683 0
    endloop
  endfacet
  facet normal 0 0 -1
    outer loop
      vertex 1.9903 -15.5359 0
      vertex 1.52782 -21.9635 0
      vertex 1.72207 -15.6575 0
    endloop
  endfacet
  facet normal 0 0 -1
    outer loop
      vertex 1.375 -21.8684 0
      vertex 1.72207 -15.6575 0
      vertex 1.52782 -21.9635 0
    endloop
  endfacet
  facet normal 0 0 -1
    outer loop
      vertex 1.21629 -21.7836 0
      vertex 1.72207 -15.6575 0
      vertex 1.375 -21.8684 0
    endloop
  endfacet
  facet normal 0 0 -1
    outer loop
      vertex 1.72207 -15.6575 0
      vertex 1.21629 -21.7836 0
      vertex 1.44648 -15.7612 0
    endloop
  endfacet
  facet normal 0 0 -1
    outer loop
      vertex 1.05238 -21.7093 0
      vertex 1.44648 -15.7612 0
      vertex 1.21629 -21.7836 0
    endloop
  endfacet
  facet normal 0 0 -1
    outer loop
      vertex 1.44648 -15.7612 0
      vertex 1.05238 -21.7093 0
      vertex 1.16469 -15.8467 0
    endloop
  endfacet
  facet normal 0 0 -1
    outer loop
      vertex 0.883958 -21.6459 0
      vertex 1.16469 -15.8467 0
      vertex 1.05238 -21.7093 0
    endloop
  endfacet
  facet normal 0 0 -1
    outer loop
      vertex 0.883958 -21.6459 0
      vertex 0.877906 -15.9135 0
      vertex 1.16469 -15.8467 0
    endloop
  endfacet
  facet normal 0 0 -1
    outer loop
      vertex 0.711752 -21.5937 0
      vertex 0.877906 -15.9135 0
      vertex 0.883958 -21.6459 0
    endloop
  endfacet
  facet normal 0 0 -1
    outer loop
      vertex 0.536498 -21.5528 0
      vertex 0.877906 -15.9135 0
      vertex 0.711752 -21.5937 0
    endloop
  endfacet
  facet normal 0 0 -1
    outer loop
      vertex 0.877906 -15.9135 0
      vertex 0.536498 -21.5528 0
      vertex 0.587367 -15.9615 0
    endloop
  endfacet
  facet normal 0 0 -1
    outer loop
      vertex 0.358947 -21.5235 0
      vertex 0.587367 -15.9615 0
      vertex 0.536498 -21.5528 0
    endloop
  endfacet
  facet normal 0 0 -1
    outer loop
      vertex 0.358947 -21.5235 0
      vertex 0.294313 -15.9904 0
      vertex 0.587367 -15.9615 0
    endloop
  endfacet
  facet normal 0 0 -1
    outer loop
      vertex 0.179858 -21.5059 0
      vertex 0.294313 -15.9904 0
      vertex 0.358947 -21.5235 0
    endloop
  endfacet
  facet normal 0 0 -1
    outer loop
      vertex 0 -16 0
      vertex 0.179858 -21.5059 0
      vertex 0 -21.5 0
    endloop
  endfacet
  facet normal 0 0 -1
    outer loop
      vertex 0.179858 -21.5059 0
      vertex 0 -16 0
      vertex 0.294313 -15.9904 0
    endloop
  endfacet
  facet normal 0 0 -1
    outer loop
      vertex -0.179858 -21.5059 0
      vertex 0 -16 0
      vertex 0 -21.5 0
    endloop
  endfacet
  facet normal 0 0 -1
    outer loop
      vertex -0.179858 -21.5059 0
      vertex -0.294313 -15.9904 0
      vertex 0 -16 0
    endloop
  endfacet
  facet normal 0 0 -1
    outer loop
      vertex -0.358947 -21.5235 0
      vertex -0.294313 -15.9904 0
      vertex -0.179858 -21.5059 0
    endloop
  endfacet
  facet normal 0 0 -1
    outer loop
      vertex -0.587367 -15.9615 0
      vertex -0.358947 -21.5235 0
      vertex -0.536498 -21.5528 0
    endloop
  endfacet
  facet normal 0 0 -1
    outer loop
      vertex -0.358947 -21.5235 0
      vertex -0.587367 -15.9615 0
      vertex -0.294313 -15.9904 0
    endloop
  endfacet
  facet normal 0 0 -1
    outer loop
      vertex -0.877906 -15.9135 0
      vertex -0.536498 -21.5528 0
      vertex -0.711752 -21.5937 0
    endloop
  endfacet
  facet normal 0 0 -1
    outer loop
      vertex -0.536498 -21.5528 0
      vertex -0.877906 -15.9135 0
      vertex -0.587367 -15.9615 0
    endloop
  endfacet
  facet normal 0 0 -1
    outer loop
      vertex -0.883958 -21.6459 0
      vertex -0.877906 -15.9135 0
      vertex -0.711752 -21.5937 0
    endloop
  endfacet
  facet normal 0 0 -1
    outer loop
      vertex -1.16469 -15.8467 0
      vertex -0.883958 -21.6459 0
      vertex -1.05238 -21.7093 0
    endloop
  endfacet
  facet normal 0 0 -1
    outer loop
      vertex -0.883958 -21.6459 0
      vertex -1.16469 -15.8467 0
      vertex -0.877906 -15.9135 0
    endloop
  endfacet
  facet normal 0 0 -1
    outer loop
      vertex -1.44648 -15.7612 0
      vertex -1.05238 -21.7093 0
      vertex -1.21629 -21.7836 0
    endloop
  endfacet
  facet normal 0 0 -1
    outer loop
      vertex -1.72207 -15.6575 0
      vertex -1.21629 -21.7836 0
      vertex -1.375 -21.8684 0
    endloop
  endfacet
  facet normal 0 0 -1
    outer loop
      vertex -1.05238 -21.7093 0
      vertex -1.44648 -15.7612 0
      vertex -1.16469 -15.8467 0
    endloop
  endfacet
  facet normal 0 0 -1
    outer loop
      vertex -1.72207 -15.6575 0
      vertex -1.375 -21.8684 0
      vertex -1.52782 -21.9635 0
    endloop
  endfacet
  facet normal 0 0 -1
    outer loop
      vertex -1.9903 -15.5359 0
      vertex -1.52782 -21.9635 0
      vertex -1.67409 -22.0683 0
    endloop
  endfacet
  facet normal 0 0 -1
    outer loop
      vertex -1.21629 -21.7836 0
      vertex -1.72207 -15.6575 0
      vertex -1.44648 -15.7612 0
    endloop
  endfacet
  facet normal 0 0 -1
    outer loop
      vertex -2.25 -15.3971 0
      vertex -1.67409 -22.0683 0
      vertex -1.8132 -22.1824 0
    endloop
  endfacet
  facet normal 0 0 -1
    outer loop
      vertex -2.50007 -15.2416 0
      vertex -1.8132 -22.1824 0
      vertex -1.94454 -22.3055 0
    endloop
  endfacet
  facet normal 0 0 -1
    outer loop
      vertex -1.52782 -21.9635 0
      vertex -1.9903 -15.5359 0
      vertex -1.72207 -15.6575 0
    endloop
  endfacet
  facet normal 0 0 -1
    outer loop
      vertex -2.73943 -15.0701 0
      vertex -1.94454 -22.3055 0
      vertex -2.06756 -22.4368 0
    endloop
  endfacet
  facet normal 0 0 -1
    outer loop
      vertex -2.73943 -15.0701 0
      vertex -2.06756 -22.4368 0
      vertex -2.18172 -22.5759 0
    endloop
  endfacet
  facet normal 0 0 -1
    outer loop
      vertex -1.67409 -22.0683 0
      vertex -2.25 -15.3971 0
      vertex -1.9903 -15.5359 0
    endloop
  endfacet
  facet normal 0 0 -1
    outer loop
      vertex -2.96706 -14.8833 0
      vertex -2.18172 -22.5759 0
      vertex -2.28654 -22.7222 0
    endloop
  endfacet
  facet normal 0 0 -1
    outer loop
      vertex -3.18198 -14.682 0
      vertex -2.28654 -22.7222 0
      vertex -2.38157 -22.875 0
    endloop
  endfacet
  facet normal 0 0 -1
    outer loop
      vertex -3.18198 -14.682 0
      vertex -2.38157 -22.875 0
      vertex -2.4664 -23.0337 0
    endloop
  endfacet
  facet normal 0 0 -1
    outer loop
      vertex -1.8132 -22.1824 0
      vertex -2.50007 -15.2416 0
      vertex -2.25 -15.3971 0
    endloop
  endfacet
  facet normal 0 0 -1
    outer loop
      vertex -3.18198 -14.682 0
      vertex -2.4664 -23.0337 0
      vertex -2.54067 -23.1976 0
    endloop
  endfacet
  facet normal 0 0 -1
    outer loop
      vertex -3.18198 -14.682 0
      vertex -2.54067 -23.1976 0
      vertex -2.60406 -23.366 0
    endloop
  endfacet
  facet normal 0 0 -1
    outer loop
      vertex -3.18198 -14.682 0
      vertex -2.60406 -23.366 0
      vertex -2.6563 -23.5382 0
    endloop
  endfacet
  facet normal 0 0 -1
    outer loop
      vertex -3.18198 -14.682 0
      vertex -2.6563 -23.5382 0
      vertex -2.69716 -23.7135 0
    endloop
  endfacet
  facet normal 0 0 -1
    outer loop
      vertex -3.18198 -14.682 0
      vertex -2.69716 -23.7135 0
      vertex -2.72647 -23.8911 0
    endloop
  endfacet
  facet normal 0 0 -1
    outer loop
      vertex -1.94454 -22.3055 0
      vertex -2.73943 -15.0701 0
      vertex -2.50007 -15.2416 0
    endloop
  endfacet
  facet normal 0 0 -1
    outer loop
      vertex -3.18198 -14.682 0
      vertex -2.72647 -23.8911 0
      vertex -2.74411 -24.0701 0
    endloop
  endfacet
  facet normal 0 0 -1
    outer loop
      vertex -15 -30 0
      vertex -2.74411 -24.0701 0
      vertex -2.75 -24.25 0
    endloop
  endfacet
  facet normal 0 0 -1
    outer loop
      vertex -2.18172 -22.5759 0
      vertex -2.96706 -14.8833 0
      vertex -2.73943 -15.0701 0
    endloop
  endfacet
  facet normal -1 0 0
    outer loop
      vertex -15 30 0
      vertex -15 18.5 7
      vertex -15 30 7
    endloop
  endfacet
  facet normal -1 0 0
    outer loop
      vertex -15 18.5 7
      vertex -15 -18.5 7
      vertex -15 18.5 26
    endloop
  endfacet
  facet normal -1 0 0
    outer loop
      vertex -15 30 0
      vertex -15 -18.5 7
      vertex -15 18.5 7
    endloop
  endfacet
  facet normal -1 0 0
    outer loop
      vertex -15 -30 0
      vertex -15 -18.5 7
      vertex -15 30 0
    endloop
  endfacet
  facet normal -1 -0 0
    outer loop
      vertex -15 -18.5 7
      vertex -15 -30 0
      vertex -15 -30 7
    endloop
  endfacet
  facet normal -1 -0 0
    outer loop
      vertex -15 18.5 26
      vertex -15 -18.5 7
      vertex -15 -18.5 26
    endloop
  endfacet
  facet normal 0 -1 0
    outer loop
      vertex -4.75 -18.5 7
      vertex 4.75 -18.5 14.3
      vertex -4.75 -18.5 14.3
    endloop
  endfacet
  facet normal 0 -1 -0
    outer loop
      vertex 4.75 -18.5 14.3
      vertex -4.75 -18.5 7
      vertex 4.75 -18.5 7
    endloop
  endfacet
  facet normal 0 -1 0
    outer loop
      vertex -4.75 -18.5 14.3
      vertex -15 -18.5 26
      vertex -8.75 -18.5 14.3
    endloop
  endfacet
  facet normal 0 -1 0
    outer loop
      vertex -15 -18.5 7
      vertex -8.75 -18.5 14.3
      vertex -15 -18.5 26
    endloop
  endfacet
  facet normal 0 -1 -0
    outer loop
      vertex -8.75 -18.5 14.3
      vertex -15 -18.5 7
      vertex -8.75 -18.5 7
    endloop
  endfacet
  facet normal 0 -1 0
    outer loop
      vertex -15 -18.5 26
      vertex -4.75 -18.5 14.3
      vertex 15 -18.5 26
    endloop
  endfacet
  facet normal 0 -1 0
    outer loop
      vertex 4.75 -18.5 14.3
      vertex 15 -18.5 26
      vertex -4.75 -18.5 14.3
    endloop
  endfacet
  facet normal 0 -1 0
    outer loop
      vertex 8.75 -18.5 14.3
      vertex 15 -18.5 26
      vertex 4.75 -18.5 14.3
    endloop
  endfacet
  facet normal 0 -1 0
    outer loop
      vertex 15 -18.5 7
      vertex 8.75 -18.5 14.3
      vertex 8.75 -18.5 7
    endloop
  endfacet
  facet normal 0 -1 0
    outer loop
      vertex 8.75 -18.5 14.3
      vertex 15 -18.5 7
      vertex 15 -18.5 26
    endloop
  endfacet
  facet normal 0 -1 0
    outer loop
      vertex -15 -30 0
      vertex 15 -30 7
      vertex -15 -30 7
    endloop
  endfacet
  facet normal 0 -1 -0
    outer loop
      vertex 15 -30 7
      vertex -15 -30 0
      vertex 15 -30 0
    endloop
  endfacet
  facet normal 0 0 1
    outer loop
      vertex 15 30 7
      vertex 8.75 27.55 7
      vertex 15 18.5 7
    endloop
  endfacet
  facet normal 0 0 1
    outer loop
      vertex 15 30 7
      vertex 4.75 27.55 7
      vertex 8.75 27.55 7
    endloop
  endfacet
  facet normal 0 0 1
    outer loop
      vertex 2.74411 24.0701 7
      vertex 4.75 27.55 7
      vertex 2.75 24.25 7
    endloop
  endfacet
  facet normal 0 0 1
    outer loop
      vertex 4.75 27.55 7
      vertex 2.74411 24.4299 7
      vertex 2.75 24.25 7
    endloop
  endfacet
  facet normal 0 0 1
    outer loop
      vertex 4.75 27.55 7
      vertex 2.72647 24.6089 7
      vertex 2.74411 24.4299 7
    endloop
  endfacet
  facet normal 0 0 1
    outer loop
      vertex 4.75 27.55 7
      vertex 2.69716 24.7865 7
      vertex 2.72647 24.6089 7
    endloop
  endfacet
  facet normal 0 0 1
    outer loop
      vertex 4.75 27.55 7
      vertex 2.6563 24.9618 7
      vertex 2.69716 24.7865 7
    endloop
  endfacet
  facet normal 0 0 1
    outer loop
      vertex 4.75 27.55 7
      vertex 2.60406 25.134 7
      vertex 2.6563 24.9618 7
    endloop
  endfacet
  facet normal 0 0 1
    outer loop
      vertex 4.75 27.55 7
      vertex 2.54067 25.3024 7
      vertex 2.60406 25.134 7
    endloop
  endfacet
  facet normal 0 0 1
    outer loop
      vertex 4.75 27.55 7
      vertex 2.4664 25.4663 7
      vertex 2.54067 25.3024 7
    endloop
  endfacet
  facet normal 0 0 1
    outer loop
      vertex 4.75 27.55 7
      vertex 2.38157 25.625 7
      vertex 2.4664 25.4663 7
    endloop
  endfacet
  facet normal 0 0 1
    outer loop
      vertex 4.75 27.55 7
      vertex 2.28654 25.7778 7
      vertex 2.38157 25.625 7
    endloop
  endfacet
  facet normal 0 0 1
    outer loop
      vertex 4.75 27.55 7
      vertex 2.18172 25.9241 7
      vertex 2.28654 25.7778 7
    endloop
  endfacet
  facet normal 0 0 1
    outer loop
      vertex 4.75 27.55 7
      vertex 2.06756 26.0632 7
      vertex 2.18172 25.9241 7
    endloop
  endfacet
  facet normal 0 0 1
    outer loop
      vertex 4.75 27.55 7
      vertex 1.94454 26.1945 7
      vertex 2.06756 26.0632 7
    endloop
  endfacet
  facet normal 0 0 1
    outer loop
      vertex 4.75 27.55 7
      vertex 1.8132 26.3176 7
      vertex 1.94454 26.1945 7
    endloop
  endfacet
  facet normal 0 0 1
    outer loop
      vertex 4.75 27.55 7
      vertex 1.67409 26.4317 7
      vertex 1.8132 26.3176 7
    endloop
  endfacet
  facet normal 0 0 1
    outer loop
      vertex 4.75 27.55 7
      vertex 1.52782 26.5365 7
      vertex 1.67409 26.4317 7
    endloop
  endfacet
  facet normal 0 0 1
    outer loop
      vertex 4.75 27.55 7
      vertex 1.375 26.6316 7
      vertex 1.52782 26.5365 7
    endloop
  endfacet
  facet normal 0 0 1
    outer loop
      vertex 4.75 27.55 7
      vertex 1.21629 26.7164 7
      vertex 1.375 26.6316 7
    endloop
  endfacet
  facet normal 0 0 1
    outer loop
      vertex -4.75 27.55 7
      vertex 4.75 27.55 7
      vertex 15 30 7
    endloop
  endfacet
  facet normal 0 0 1
    outer loop
      vertex 4.75 27.55 7
      vertex 1.05238 26.7907 7
      vertex 1.21629 26.7164 7
    endloop
  endfacet
  facet normal 0 0 1
    outer loop
      vertex 4.75 27.55 7
      vertex 0.883958 26.8541 7
      vertex 1.05238 26.7907 7
    endloop
  endfacet
  facet normal 0 0 1
    outer loop
      vertex 4.75 27.55 7
      vertex 0.711752 26.9063 7
      vertex 0.883958 26.8541 7
    endloop
  endfacet
  facet normal 0 0 1
    outer loop
      vertex 4.75 27.55 7
      vertex 0.536498 26.9472 7
      vertex 0.711752 26.9063 7
    endloop
  endfacet
  facet normal 0 0 1
    outer loop
      vertex 4.75 27.55 7
      vertex 0.358947 26.9765 7
      vertex 0.536498 26.9472 7
    endloop
  endfacet
  facet normal 0 0 1
    outer loop
      vertex 4.75 27.55 7
      vertex 0.179858 26.9941 7
      vertex 0.358947 26.9765 7
    endloop
  endfacet
  facet normal 0 0 1
    outer loop
      vertex 4.75 27.55 7
      vertex 0 27 7
      vertex 0.179858 26.9941 7
    endloop
  endfacet
  facet normal 0 0 1
    outer loop
      vertex 4.75 27.55 7
      vertex -4.75 27.55 7
      vertex 0 27 7
    endloop
  endfacet
  facet normal 0 0 1
    outer loop
      vertex 0 27 7
      vertex -4.75 27.55 7
      vertex -0.179858 26.9941 7
    endloop
  endfacet
  facet normal 0 0 1
    outer loop
      vertex -0.179858 26.9941 7
      vertex -4.75 27.55 7
      vertex -0.358947 26.9765 7
    endloop
  endfacet
  facet normal 0 0 1
    outer loop
      vertex -2.74411 24.4299 7
      vertex -4.75 27.55 7
      vertex -2.75 24.25 7
    endloop
  endfacet
  facet normal 0 0 1
    outer loop
      vertex -2.72647 24.6089 7
      vertex -4.75 27.55 7
      vertex -2.74411 24.4299 7
    endloop
  endfacet
  facet normal 0 0 1
    outer loop
      vertex -2.69716 24.7865 7
      vertex -4.75 27.55 7
      vertex -2.72647 24.6089 7
    endloop
  endfacet
  facet normal 0 0 1
    outer loop
      vertex -2.6563 24.9618 7
      vertex -4.75 27.55 7
      vertex -2.69716 24.7865 7
    endloop
  endfacet
  facet normal 0 0 1
    outer loop
      vertex -2.60406 25.134 7
      vertex -4.75 27.55 7
      vertex -2.6563 24.9618 7
    endloop
  endfacet
  facet normal 0 0 1
    outer loop
      vertex -2.54067 25.3024 7
      vertex -4.75 27.55 7
      vertex -2.60406 25.134 7
    endloop
  endfacet
  facet normal 0 0 1
    outer loop
      vertex -2.4664 25.4663 7
      vertex -4.75 27.55 7
      vertex -2.54067 25.3024 7
    endloop
  endfacet
  facet normal 0 0 1
    outer loop
      vertex -2.38157 25.625 7
      vertex -4.75 27.55 7
      vertex -2.4664 25.4663 7
    endloop
  endfacet
  facet normal 0 0 1
    outer loop
      vertex -2.28654 25.7778 7
      vertex -4.75 27.55 7
      vertex -2.38157 25.625 7
    endloop
  endfacet
  facet normal 0 0 1
    outer loop
      vertex -2.18172 25.9241 7
      vertex -4.75 27.55 7
      vertex -2.28654 25.7778 7
    endloop
  endfacet
  facet normal 0 0 1
    outer loop
      vertex -2.06756 26.0632 7
      vertex -4.75 27.55 7
      vertex -2.18172 25.9241 7
    endloop
  endfacet
  facet normal 0 0 1
    outer loop
      vertex -1.94454 26.1945 7
      vertex -4.75 27.55 7
      vertex -2.06756 26.0632 7
    endloop
  endfacet
  facet normal 0 0 1
    outer loop
      vertex -1.8132 26.3176 7
      vertex -4.75 27.55 7
      vertex -1.94454 26.1945 7
    endloop
  endfacet
  facet normal 0 0 1
    outer loop
      vertex -1.67409 26.4317 7
      vertex -4.75 27.55 7
      vertex -1.8132 26.3176 7
    endloop
  endfacet
  facet normal 0 0 1
    outer loop
      vertex -1.52782 26.5365 7
      vertex -4.75 27.55 7
      vertex -1.67409 26.4317 7
    endloop
  endfacet
  facet normal 0 0 1
    outer loop
      vertex -1.375 26.6316 7
      vertex -4.75 27.55 7
      vertex -1.52782 26.5365 7
    endloop
  endfacet
  facet normal 0 0 1
    outer loop
      vertex -1.21629 26.7164 7
      vertex -4.75 27.55 7
      vertex -1.375 26.6316 7
    endloop
  endfacet
  facet normal 0 0 1
    outer loop
      vertex -1.05238 26.7907 7
      vertex -4.75 27.55 7
      vertex -1.21629 26.7164 7
    endloop
  endfacet
  facet normal 0 0 1
    outer loop
      vertex -0.883958 26.8541 7
      vertex -4.75 27.55 7
      vertex -1.05238 26.7907 7
    endloop
  endfacet
  facet normal 0 0 1
    outer loop
      vertex -0.711752 26.9063 7
      vertex -4.75 27.55 7
      vertex -0.883958 26.8541 7
    endloop
  endfacet
  facet normal 0 0 1
    outer loop
      vertex -0.536498 26.9472 7
      vertex -4.75 27.55 7
      vertex -0.711752 26.9063 7
    endloop
  endfacet
  facet normal 0 0 1
    outer loop
      vertex -0.358947 26.9765 7
      vertex -4.75 27.55 7
      vertex -0.536498 26.9472 7
    endloop
  endfacet
  facet normal -0 0 1
    outer loop
      vertex -15 30 7
      vertex -4.75 27.55 7
      vertex 15 30 7
    endloop
  endfacet
  facet normal 0 0 1
    outer loop
      vertex -4.75 27.55 7
      vertex -15 30 7
      vertex -8.75 27.55 7
    endloop
  endfacet
  facet normal 0 0 1
    outer loop
      vertex -15 18.5 7
      vertex -8.75 27.55 7
      vertex -15 30 7
    endloop
  endfacet
  facet normal 0 0 1
    outer loop
      vertex -8.75 27.55 7
      vertex -15 18.5 7
      vertex -8.75 18.5 7
    endloop
  endfacet
  facet normal 0 0 1
    outer loop
      vertex 15 18.5 7
      vertex 8.75 27.55 7
      vertex 8.75 18.5 7
    endloop
  endfacet
  facet normal 0 0 1
    outer loop
      vertex 2.72647 23.8911 7
      vertex 4.75 27.55 7
      vertex 2.74411 24.0701 7
    endloop
  endfacet
  facet normal 0 0 1
    outer loop
      vertex 4.75 27.55 7
      vertex 2.72647 23.8911 7
      vertex 4.75 18.5 7
    endloop
  endfacet
  facet normal -0 0 1
    outer loop
      vertex 2.69716 23.7135 7
      vertex 4.75 18.5 7
      vertex 2.72647 23.8911 7
    endloop
  endfacet
  facet normal -0 0 1
    outer loop
      vertex 2.6563 23.5382 7
      vertex 4.75 18.5 7
      vertex 2.69716 23.7135 7
    endloop
  endfacet
  facet normal -0 0 1
    outer loop
      vertex 2.60406 23.366 7
      vertex 4.75 18.5 7
      vertex 2.6563 23.5382 7
    endloop
  endfacet
  facet normal -0 0 1
    outer loop
      vertex 2.54067 23.1976 7
      vertex 4.75 18.5 7
      vertex 2.60406 23.366 7
    endloop
  endfacet
  facet normal -0 0 1
    outer loop
      vertex 2.4664 23.0337 7
      vertex 4.75 18.5 7
      vertex 2.54067 23.1976 7
    endloop
  endfacet
  facet normal -0 0 1
    outer loop
      vertex 2.38157 22.875 7
      vertex 4.75 18.5 7
      vertex 2.4664 23.0337 7
    endloop
  endfacet
  facet normal -0 0 1
    outer loop
      vertex 2.28654 22.7222 7
      vertex 4.75 18.5 7
      vertex 2.38157 22.875 7
    endloop
  endfacet
  facet normal -0 0 1
    outer loop
      vertex 2.18172 22.5759 7
      vertex 4.75 18.5 7
      vertex 2.28654 22.7222 7
    endloop
  endfacet
  facet normal -0 0 1
    outer loop
      vertex 2.06756 22.4368 7
      vertex 4.75 18.5 7
      vertex 2.18172 22.5759 7
    endloop
  endfacet
  facet normal -0 0 1
    outer loop
      vertex 1.94454 22.3055 7
      vertex 4.75 18.5 7
      vertex 2.06756 22.4368 7
    endloop
  endfacet
  facet normal -0 0 1
    outer loop
      vertex 1.8132 22.1824 7
      vertex 4.75 18.5 7
      vertex 1.94454 22.3055 7
    endloop
  endfacet
  facet normal -0 0 1
    outer loop
      vertex 1.67409 22.0683 7
      vertex 4.75 18.5 7
      vertex 1.8132 22.1824 7
    endloop
  endfacet
  facet normal -0 0 1
    outer loop
      vertex 1.52782 21.9635 7
      vertex 4.75 18.5 7
      vertex 1.67409 22.0683 7
    endloop
  endfacet
  facet normal -0 0 1
    outer loop
      vertex 1.375 21.8684 7
      vertex 4.75 18.5 7
      vertex 1.52782 21.9635 7
    endloop
  endfacet
  facet normal -0 0 1
    outer loop
      vertex 1.21629 21.7836 7
      vertex 4.75 18.5 7
      vertex 1.375 21.8684 7
    endloop
  endfacet
  facet normal -0 0 1
    outer loop
      vertex 1.05238 21.7093 7
      vertex 4.75 18.5 7
      vertex 1.21629 21.7836 7
    endloop
  endfacet
  facet normal -0 0 1
    outer loop
      vertex 0.883958 21.6459 7
      vertex 4.75 18.5 7
      vertex 1.05238 21.7093 7
    endloop
  endfacet
  facet normal -0 0 1
    outer loop
      vertex 0.711752 21.5937 7
      vertex 4.75 18.5 7
      vertex 0.883958 21.6459 7
    endloop
  endfacet
  facet normal -0 0 1
    outer loop
      vertex 0.536498 21.5528 7
      vertex 4.75 18.5 7
      vertex 0.711752 21.5937 7
    endloop
  endfacet
  facet normal -0 0 1
    outer loop
      vertex 0.358947 21.5235 7
      vertex 4.75 18.5 7
      vertex 0.536498 21.5528 7
    endloop
  endfacet
  facet normal -0 0 1
    outer loop
      vertex 0.179858 21.5059 7
      vertex 4.75 18.5 7
      vertex 0.358947 21.5235 7
    endloop
  endfacet
  facet normal -0 0 1
    outer loop
      vertex 0 21.5 7
      vertex 4.75 18.5 7
      vertex 0.179858 21.5059 7
    endloop
  endfacet
  facet normal 0 0 1
    outer loop
      vertex -4.75 18.5 7
      vertex 0 21.5 7
      vertex -0.179858 21.5059 7
    endloop
  endfacet
  facet normal 0 0 1
    outer loop
      vertex -4.75 18.5 7
      vertex -0.179858 21.5059 7
      vertex -0.358947 21.5235 7
    endloop
  endfacet
  facet normal 0 0 1
    outer loop
      vertex -4.75 18.5 7
      vertex -0.358947 21.5235 7
      vertex -0.536498 21.5528 7
    endloop
  endfacet
  facet normal 0 0 1
    outer loop
      vertex -4.75 18.5 7
      vertex -0.536498 21.5528 7
      vertex -0.711752 21.5937 7
    endloop
  endfacet
  facet normal 0 0 1
    outer loop
      vertex -4.75 18.5 7
      vertex -0.711752 21.5937 7
      vertex -0.883958 21.6459 7
    endloop
  endfacet
  facet normal 0 0 1
    outer loop
      vertex -4.75 18.5 7
      vertex -0.883958 21.6459 7
      vertex -1.05238 21.7093 7
    endloop
  endfacet
  facet normal 0 0 1
    outer loop
      vertex -4.75 18.5 7
      vertex -1.05238 21.7093 7
      vertex -1.21629 21.7836 7
    endloop
  endfacet
  facet normal 0 0 1
    outer loop
      vertex -4.75 18.5 7
      vertex -1.21629 21.7836 7
      vertex -1.375 21.8684 7
    endloop
  endfacet
  facet normal 0 0 1
    outer loop
      vertex -4.75 27.55 7
      vertex -2.74411 24.0701 7
      vertex -2.75 24.25 7
    endloop
  endfacet
  facet normal 0 0 1
    outer loop
      vertex -4.75 27.55 7
      vertex -2.72647 23.8911 7
      vertex -2.74411 24.0701 7
    endloop
  endfacet
  facet normal 0 0 1
    outer loop
      vertex -4.75 18.5 7
      vertex -2.72647 23.8911 7
      vertex -4.75 27.55 7
    endloop
  endfacet
  facet normal 0 0 1
    outer loop
      vertex -2.72647 23.8911 7
      vertex -4.75 18.5 7
      vertex -2.69716 23.7135 7
    endloop
  endfacet
  facet normal 0 0 1
    outer loop
      vertex -2.69716 23.7135 7
      vertex -4.75 18.5 7
      vertex -2.6563 23.5382 7
    endloop
  endfacet
  facet normal 0 0 1
    outer loop
      vertex -2.6563 23.5382 7
      vertex -4.75 18.5 7
      vertex -2.60406 23.366 7
    endloop
  endfacet
  facet normal 0 0 1
    outer loop
      vertex -2.60406 23.366 7
      vertex -4.75 18.5 7
      vertex -2.54067 23.1976 7
    endloop
  endfacet
  facet normal 0 0 1
    outer loop
      vertex 0 21.5 7
      vertex -4.75 18.5 7
      vertex 4.75 18.5 7
    endloop
  endfacet
  facet normal 0 0 1
    outer loop
      vertex -1.52782 21.9635 7
      vertex -4.75 18.5 7
      vertex -1.375 21.8684 7
    endloop
  endfacet
  facet normal 0 0 1
    outer loop
      vertex -1.67409 22.0683 7
      vertex -4.75 18.5 7
      vertex -1.52782 21.9635 7
    endloop
  endfacet
  facet normal 0 0 1
    outer loop
      vertex -1.8132 22.1824 7
      vertex -4.75 18.5 7
      vertex -1.67409 22.0683 7
    endloop
  endfacet
  facet normal 0 0 1
    outer loop
      vertex -1.94454 22.3055 7
      vertex -4.75 18.5 7
      vertex -1.8132 22.1824 7
    endloop
  endfacet
  facet normal 0 0 1
    outer loop
      vertex -2.06756 22.4368 7
      vertex -4.75 18.5 7
      vertex -1.94454 22.3055 7
    endloop
  endfacet
  facet normal 0 0 1
    outer loop
      vertex -2.18172 22.5759 7
      vertex -4.75 18.5 7
      vertex -2.06756 22.4368 7
    endloop
  endfacet
  facet normal 0 0 1
    outer loop
      vertex -2.28654 22.7222 7
      vertex -4.75 18.5 7
      vertex -2.18172 22.5759 7
    endloop
  endfacet
  facet normal 0 0 1
    outer loop
      vertex -2.38157 22.875 7
      vertex -4.75 18.5 7
      vertex -2.28654 22.7222 7
    endloop
  endfacet
  facet normal 0 0 1
    outer loop
      vertex -2.4664 23.0337 7
      vertex -4.75 18.5 7
      vertex -2.38157 22.875 7
    endloop
  endfacet
  facet normal 0 0 1
    outer loop
      vertex -2.54067 23.1976 7
      vertex -4.75 18.5 7
      vertex -2.4664 23.0337 7
    endloop
  endfacet
  facet normal 0 1 -0
    outer loop
      vertex 15 30 0
      vertex -15 30 7
      vertex 15 30 7
    endloop
  endfacet
  facet normal 0 1 0
    outer loop
      vertex -15 30 7
      vertex 15 30 0
      vertex -15 30 0
    endloop
  endfacet
  facet normal 0 1 -0
    outer loop
      vertex 4.75 18.5 7
      vertex -4.75 18.5 14.3
      vertex 4.75 18.5 14.3
    endloop
  endfacet
  facet normal 0 1 0
    outer loop
      vertex -4.75 18.5 14.3
      vertex 4.75 18.5 7
      vertex -4.75 18.5 7
    endloop
  endfacet
  facet normal 0 1 0
    outer loop
      vertex 4.75 18.5 14.3
      vertex 15 18.5 26
      vertex 8.75 18.5 14.3
    endloop
  endfacet
  facet normal 0 1 -0
    outer loop
      vertex 15 18.5 7
      vertex 8.75 18.5 14.3
      vertex 15 18.5 26
    endloop
  endfacet
  facet normal 0 1 0
    outer loop
      vertex 8.75 18.5 14.3
      vertex 15 18.5 7
      vertex 8.75 18.5 7
    endloop
  endfacet
  facet normal 0 1 0
    outer loop
      vertex 15 18.5 26
      vertex 4.75 18.5 14.3
      vertex -15 18.5 26
    endloop
  endfacet
  facet normal 0 1 -0
    outer loop
      vertex -4.75 18.5 14.3
      vertex -15 18.5 26
      vertex 4.75 18.5 14.3
    endloop
  endfacet
  facet normal 0 1 -0
    outer loop
      vertex -8.75 18.5 14.3
      vertex -15 18.5 26
      vertex -4.75 18.5 14.3
    endloop
  endfacet
  facet normal 0 1 0
    outer loop
      vertex -15 18.5 7
      vertex -8.75 18.5 14.3
      vertex -8.75 18.5 7
    endloop
  endfacet
  facet normal 0 1 0
    outer loop
      vertex -8.75 18.5 14.3
      vertex -15 18.5 7
      vertex -15 18.5 26
    endloop
  endfacet
  facet normal -1 0 0
    outer loop
      vertex -8.75 -18.5 7
      vertex -8.75 -27.55 7
      vertex -8.75 -18.5 14.3
    endloop
  endfacet
  facet normal 0 -0.627837 0.778345
    outer loop
      vertex -8.75 -18.5 14.3
      vertex -4.75 -27.55 7
      vertex -4.75 -18.5 14.3
    endloop
  endfacet
  facet normal 0 -0.627837 0.778345
    outer loop
      vertex -4.75 -27.55 7
      vertex -8.75 -18.5 14.3
      vertex -8.75 -27.55 7
    endloop
  endfacet
  facet normal 1 0 0
    outer loop
      vertex -4.75 -18.5 14.3
      vertex -4.75 -27.55 7
      vertex -4.75 -18.5 7
    endloop
  endfacet
  facet normal -1 0 0
    outer loop
      vertex 4.75 -18.5 7
      vertex 4.75 -27.55 7
      vertex 4.75 -18.5 14.3
    endloop
  endfacet
  facet normal 0 -0.627837 0.778345
    outer loop
      vertex 4.75 -18.5 14.3
      vertex 8.75 -27.55 7
      vertex 8.75 -18.5 14.3
    endloop
  endfacet
  facet normal 0 -0.627837 0.778345
    outer loop
      vertex 8.75 -27.55 7
      vertex 4.75 -18.5 14.3
      vertex 4.75 -27.55 7
    endloop
  endfacet
  facet normal 1 0 0
    outer loop
      vertex 8.75 -18.5 14.3
      vertex 8.75 -27.55 7
      vertex 8.75 -18.5 7
    endloop
  endfacet
  facet normal 1 0 0
    outer loop
      vertex -4.75 18.5 14.3
      vertex -4.75 18.5 7
      vertex -4.75 27.55 7
    endloop
  endfacet
  facet normal -0 0.627837 0.778345
    outer loop
      vertex -8.75 27.55 7
      vertex -4.75 18.5 14.3
      vertex -4.75 27.55 7
    endloop
  endfacet
  facet normal 0 0.627837 0.778345
    outer loop
      vertex -4.75 18.5 14.3
      vertex -8.75 27.55 7
      vertex -8.75 18.5 14.3
    endloop
  endfacet
  facet normal -1 0 0
    outer loop
      vertex -8.75 27.55 7
      vertex -8.75 18.5 7
      vertex -8.75 18.5 14.3
    endloop
  endfacet
  facet normal 1 0 0
    outer loop
      vertex 8.75 18.5 14.3
      vertex 8.75 18.5 7
      vertex 8.75 27.55 7
    endloop
  endfacet
  facet normal -0 0.627837 0.778345
    outer loop
      vertex 4.75 27.55 7
      vertex 8.75 18.5 14.3
      vertex 8.75 27.55 7
    endloop
  endfacet
  facet normal 0 0.627837 0.778345
    outer loop
      vertex 8.75 18.5 14.3
      vertex 4.75 27.55 7
      vertex 4.75 18.5 14.3
    endloop
  endfacet
  facet normal -1 0 0
    outer loop
      vertex 4.75 27.55 7
      vertex 4.75 18.5 7
      vertex 4.75 18.5 14.3
    endloop
  endfacet
  facet normal 0 0 1
    outer loop
      vertex 2.69716 10.9635 26
      vertex 15 18.5 26
      vertex 2.72647 11.1411 26
    endloop
  endfacet
  facet normal 0 0 1
    outer loop
      vertex 15 -18.5 26
      vertex 2.74411 -11.3201 26
      vertex 2.75 -11.5 26
    endloop
  endfacet
  facet normal 0 0 1
    outer loop
      vertex 2.6563 10.7882 26
      vertex 15 18.5 26
      vertex 2.69716 10.9635 26
    endloop
  endfacet
  facet normal 0 0 1
    outer loop
      vertex 15 -18.5 26
      vertex 2.72647 -11.1411 26
      vertex 2.74411 -11.3201 26
    endloop
  endfacet
  facet normal 0 0 1
    outer loop
      vertex 2.60406 10.616 26
      vertex 15 18.5 26
      vertex 2.6563 10.7882 26
    endloop
  endfacet
  facet normal 0 0 1
    outer loop
      vertex 15 -18.5 26
      vertex 2.69716 -10.9635 26
      vertex 2.72647 -11.1411 26
    endloop
  endfacet
  facet normal 0 0 1
    outer loop
      vertex 2.54067 10.4476 26
      vertex 15 18.5 26
      vertex 2.60406 10.616 26
    endloop
  endfacet
  facet normal 0 0 1
    outer loop
      vertex 15 -18.5 26
      vertex 2.6563 -10.7882 26
      vertex 2.69716 -10.9635 26
    endloop
  endfacet
  facet normal 0 0 1
    outer loop
      vertex 2.4664 10.2837 26
      vertex 15 18.5 26
      vertex 2.54067 10.4476 26
    endloop
  endfacet
  facet normal 0 0 1
    outer loop
      vertex 15 -18.5 26
      vertex 2.60406 -10.616 26
      vertex 2.6563 -10.7882 26
    endloop
  endfacet
  facet normal 0 0 1
    outer loop
      vertex 2.38157 10.125 26
      vertex 15 18.5 26
      vertex 2.4664 10.2837 26
    endloop
  endfacet
  facet normal 0 0 1
    outer loop
      vertex 15 -18.5 26
      vertex 2.54067 -10.4476 26
      vertex 2.60406 -10.616 26
    endloop
  endfacet
  facet normal 0 0 1
    outer loop
      vertex 15 18.5 26
      vertex 2.38157 10.125 26
      vertex 15 -18.5 26
    endloop
  endfacet
  facet normal 0 0 1
    outer loop
      vertex 15 -18.5 26
      vertex 2.4664 -10.2837 26
      vertex 2.54067 -10.4476 26
    endloop
  endfacet
  facet normal -0 0 1
    outer loop
      vertex 2.38157 -10.125 26
      vertex 15 -18.5 26
      vertex 2.38157 10.125 26
    endloop
  endfacet
  facet normal 0 0 1
    outer loop
      vertex 15 -18.5 26
      vertex 2.38157 -10.125 26
      vertex 2.4664 -10.2837 26
    endloop
  endfacet
  facet normal -0 0 1
    outer loop
      vertex 2.28654 9.97218 26
      vertex 2.38157 -10.125 26
      vertex 2.38157 10.125 26
    endloop
  endfacet
  facet normal 0 0 1
    outer loop
      vertex 2.28654 9.97218 26
      vertex 2.28654 -9.97218 26
      vertex 2.38157 -10.125 26
    endloop
  endfacet
  facet normal -0 0 1
    outer loop
      vertex 2.18172 9.82591 26
      vertex 2.28654 -9.97218 26
      vertex 2.28654 9.97218 26
    endloop
  endfacet
  facet normal 0 0 1
    outer loop
      vertex 2.18172 9.82591 26
      vertex 2.18172 -9.82591 26
      vertex 2.28654 -9.97218 26
    endloop
  endfacet
  facet normal -0 0 1
    outer loop
      vertex 2.06756 9.6868 26
      vertex 2.18172 -9.82591 26
      vertex 2.18172 9.82591 26
    endloop
  endfacet
  facet normal 0 0 1
    outer loop
      vertex 2.06756 9.6868 26
      vertex 2.06756 -9.6868 26
      vertex 2.18172 -9.82591 26
    endloop
  endfacet
  facet normal -0 0 1
    outer loop
      vertex 1.94454 9.55546 26
      vertex 2.06756 -9.6868 26
      vertex 2.06756 9.6868 26
    endloop
  endfacet
  facet normal 0 0 1
    outer loop
      vertex 1.94454 9.55546 26
      vertex 1.94454 -9.55546 26
      vertex 2.06756 -9.6868 26
    endloop
  endfacet
  facet normal -0 0 1
    outer loop
      vertex 1.8132 9.43244 26
      vertex 1.94454 -9.55546 26
      vertex 1.94454 9.55546 26
    endloop
  endfacet
  facet normal 0 0 1
    outer loop
      vertex 1.8132 9.43244 26
      vertex 1.8132 -9.43244 26
      vertex 1.94454 -9.55546 26
    endloop
  endfacet
  facet normal -0 0 1
    outer loop
      vertex 1.67409 9.31828 26
      vertex 1.8132 -9.43244 26
      vertex 1.8132 9.43244 26
    endloop
  endfacet
  facet normal 0 0 1
    outer loop
      vertex 1.67409 9.31828 26
      vertex 1.67409 -9.31828 26
      vertex 1.8132 -9.43244 26
    endloop
  endfacet
  facet normal -0 0 1
    outer loop
      vertex 1.52782 9.21346 26
      vertex 1.67409 -9.31828 26
      vertex 1.67409 9.31828 26
    endloop
  endfacet
  facet normal 0 0 1
    outer loop
      vertex 1.52782 9.21346 26
      vertex 1.52782 -9.21346 26
      vertex 1.67409 -9.31828 26
    endloop
  endfacet
  facet normal -0 0 1
    outer loop
      vertex 1.375 9.11843 26
      vertex 1.52782 -9.21346 26
      vertex 1.52782 9.21346 26
    endloop
  endfacet
  facet normal 0 0 1
    outer loop
      vertex 1.375 9.11843 26
      vertex 1.375 -9.11843 26
      vertex 1.52782 -9.21346 26
    endloop
  endfacet
  facet normal -0 0 1
    outer loop
      vertex 1.21629 9.0336 26
      vertex 1.375 -9.11843 26
      vertex 1.375 9.11843 26
    endloop
  endfacet
  facet normal 0 0 1
    outer loop
      vertex 1.21629 9.0336 26
      vertex 1.21629 -9.0336 26
      vertex 1.375 -9.11843 26
    endloop
  endfacet
  facet normal -0 0 1
    outer loop
      vertex 1.05238 8.95933 26
      vertex 1.21629 -9.0336 26
      vertex 1.21629 9.0336 26
    endloop
  endfacet
  facet normal 0 0 1
    outer loop
      vertex 1.05238 8.95933 26
      vertex 1.05238 -8.95933 26
      vertex 1.21629 -9.0336 26
    endloop
  endfacet
  facet normal -0 0 1
    outer loop
      vertex 0.883958 8.89594 26
      vertex 1.05238 -8.95933 26
      vertex 1.05238 8.95933 26
    endloop
  endfacet
  facet normal 0 0 1
    outer loop
      vertex 0.883958 8.89594 26
      vertex 0.883958 -8.89594 26
      vertex 1.05238 -8.95933 26
    endloop
  endfacet
  facet normal -0 0 1
    outer loop
      vertex 0.711752 8.8437 26
      vertex 0.883958 -8.89594 26
      vertex 0.883958 8.89594 26
    endloop
  endfacet
  facet normal 0 0 1
    outer loop
      vertex 0.711752 8.8437 26
      vertex 0.711752 -8.8437 26
      vertex 0.883958 -8.89594 26
    endloop
  endfacet
  facet normal -0 0 1
    outer loop
      vertex 0.536498 8.80284 26
      vertex 0.711752 -8.8437 26
      vertex 0.711752 8.8437 26
    endloop
  endfacet
  facet normal 0 0 1
    outer loop
      vertex 0.536498 8.80284 26
      vertex 0.536498 -8.80284 26
      vertex 0.711752 -8.8437 26
    endloop
  endfacet
  facet normal -0 0 1
    outer loop
      vertex 0.358947 8.77353 26
      vertex 0.536498 -8.80284 26
      vertex 0.536498 8.80284 26
    endloop
  endfacet
  facet normal 0 0 1
    outer loop
      vertex 0.358947 8.77353 26
      vertex 0.358947 -8.77353 26
      vertex 0.536498 -8.80284 26
    endloop
  endfacet
  facet normal -0 0 1
    outer loop
      vertex 0.179858 8.75589 26
      vertex 0.358947 -8.77353 26
      vertex 0.358947 8.77353 26
    endloop
  endfacet
  facet normal 0 0 1
    outer loop
      vertex 0.179858 8.75589 26
      vertex 0.179858 -8.75589 26
      vertex 0.358947 -8.77353 26
    endloop
  endfacet
  facet normal -0 0 1
    outer loop
      vertex 0 8.75 26
      vertex 0.179858 -8.75589 26
      vertex 0.179858 8.75589 26
    endloop
  endfacet
  facet normal 0 0 1
    outer loop
      vertex 0 8.75 26
      vertex 0 -8.75 26
      vertex 0.179858 -8.75589 26
    endloop
  endfacet
  facet normal 0 0 1
    outer loop
      vertex -0.179858 8.75589 26
      vertex 0 -8.75 26
      vertex 0 8.75 26
    endloop
  endfacet
  facet normal 0 0 1
    outer loop
      vertex -0.179858 8.75589 26
      vertex -0.179858 -8.75589 26
      vertex 0 -8.75 26
    endloop
  endfacet
  facet normal 0 0 1
    outer loop
      vertex -0.358947 8.77353 26
      vertex -0.179858 -8.75589 26
      vertex -0.179858 8.75589 26
    endloop
  endfacet
  facet normal 0 0 1
    outer loop
      vertex -0.358947 8.77353 26
      vertex -0.358947 -8.77353 26
      vertex -0.179858 -8.75589 26
    endloop
  endfacet
  facet normal 0 0 1
    outer loop
      vertex -0.536498 8.80284 26
      vertex -0.358947 -8.77353 26
      vertex -0.358947 8.77353 26
    endloop
  endfacet
  facet normal 0 0 1
    outer loop
      vertex -0.536498 8.80284 26
      vertex -0.536498 -8.80284 26
      vertex -0.358947 -8.77353 26
    endloop
  endfacet
  facet normal 0 0 1
    outer loop
      vertex -0.711752 8.8437 26
      vertex -0.536498 -8.80284 26
      vertex -0.536498 8.80284 26
    endloop
  endfacet
  facet normal 0 0 1
    outer loop
      vertex -0.711752 8.8437 26
      vertex -0.711752 -8.8437 26
      vertex -0.536498 -8.80284 26
    endloop
  endfacet
  facet normal 0 0 1
    outer loop
      vertex -0.883958 8.89594 26
      vertex -0.711752 -8.8437 26
      vertex -0.711752 8.8437 26
    endloop
  endfacet
  facet normal 0 0 1
    outer loop
      vertex -0.883958 8.89594 26
      vertex -0.883958 -8.89594 26
      vertex -0.711752 -8.8437 26
    endloop
  endfacet
  facet normal 0 0 1
    outer loop
      vertex -1.05238 8.95933 26
      vertex -0.883958 -8.89594 26
      vertex -0.883958 8.89594 26
    endloop
  endfacet
  facet normal 0 0 1
    outer loop
      vertex -1.05238 8.95933 26
      vertex -1.05238 -8.95933 26
      vertex -0.883958 -8.89594 26
    endloop
  endfacet
  facet normal 0 0 1
    outer loop
      vertex -1.21629 9.0336 26
      vertex -1.05238 -8.95933 26
      vertex -1.05238 8.95933 26
    endloop
  endfacet
  facet normal 0 0 1
    outer loop
      vertex -1.21629 9.0336 26
      vertex -1.21629 -9.0336 26
      vertex -1.05238 -8.95933 26
    endloop
  endfacet
  facet normal 0 0 1
    outer loop
      vertex -1.375 9.11843 26
      vertex -1.21629 -9.0336 26
      vertex -1.21629 9.0336 26
    endloop
  endfacet
  facet normal 0 0 1
    outer loop
      vertex -1.375 9.11843 26
      vertex -1.375 -9.11843 26
      vertex -1.21629 -9.0336 26
    endloop
  endfacet
  facet normal 0 0 1
    outer loop
      vertex -1.52782 9.21346 26
      vertex -1.375 -9.11843 26
      vertex -1.375 9.11843 26
    endloop
  endfacet
  facet normal 0 0 1
    outer loop
      vertex -1.52782 9.21346 26
      vertex -1.52782 -9.21346 26
      vertex -1.375 -9.11843 26
    endloop
  endfacet
  facet normal 0 0 1
    outer loop
      vertex -1.67409 9.31828 26
      vertex -1.52782 -9.21346 26
      vertex -1.52782 9.21346 26
    endloop
  endfacet
  facet normal 0 0 1
    outer loop
      vertex -1.67409 9.31828 26
      vertex -1.67409 -9.31828 26
      vertex -1.52782 -9.21346 26
    endloop
  endfacet
  facet normal 0 0 1
    outer loop
      vertex -1.8132 9.43244 26
      vertex -1.67409 -9.31828 26
      vertex -1.67409 9.31828 26
    endloop
  endfacet
  facet normal 0 0 1
    outer loop
      vertex -1.8132 9.43244 26
      vertex -1.8132 -9.43244 26
      vertex -1.67409 -9.31828 26
    endloop
  endfacet
  facet normal 0 0 1
    outer loop
      vertex -1.94454 9.55546 26
      vertex -1.8132 -9.43244 26
      vertex -1.8132 9.43244 26
    endloop
  endfacet
  facet normal 0 0 1
    outer loop
      vertex -1.94454 9.55546 26
      vertex -1.94454 -9.55546 26
      vertex -1.8132 -9.43244 26
    endloop
  endfacet
  facet normal 0 0 1
    outer loop
      vertex -2.06756 9.6868 26
      vertex -1.94454 -9.55546 26
      vertex -1.94454 9.55546 26
    endloop
  endfacet
  facet normal 0 0 1
    outer loop
      vertex -2.06756 9.6868 26
      vertex -2.06756 -9.6868 26
      vertex -1.94454 -9.55546 26
    endloop
  endfacet
  facet normal 0 0 1
    outer loop
      vertex -2.18172 9.82591 26
      vertex -2.06756 -9.6868 26
      vertex -2.06756 9.6868 26
    endloop
  endfacet
  facet normal 0 0 1
    outer loop
      vertex -2.18172 9.82591 26
      vertex -2.18172 -9.82591 26
      vertex -2.06756 -9.6868 26
    endloop
  endfacet
  facet normal 0 0 1
    outer loop
      vertex -2.28654 9.97218 26
      vertex -2.18172 -9.82591 26
      vertex -2.18172 9.82591 26
    endloop
  endfacet
  facet normal 0 0 1
    outer loop
      vertex -2.28654 9.97218 26
      vertex -2.28654 -9.97218 26
      vertex -2.18172 -9.82591 26
    endloop
  endfacet
  facet normal 0 0 1
    outer loop
      vertex -2.38157 10.125 26
      vertex -2.28654 -9.97218 26
      vertex -2.28654 9.97218 26
    endloop
  endfacet
  facet normal 0 0 1
    outer loop
      vertex -2.38157 10.125 26
      vertex -2.38157 -10.125 26
      vertex -2.28654 -9.97218 26
    endloop
  endfacet
  facet normal 0 0 1
    outer loop
      vertex -15 18.5 26
      vertex -2.38157 10.125 26
      vertex -2.4664 10.2837 26
    endloop
  endfacet
  facet normal 0 0 1
    outer loop
      vertex -2.38157 10.125 26
      vertex -15 18.5 26
      vertex -2.38157 -10.125 26
    endloop
  endfacet
  facet normal 0 0 1
    outer loop
      vertex -15 18.5 26
      vertex -2.4664 10.2837 26
      vertex -2.54067 10.4476 26
    endloop
  endfacet
  facet normal 0 0 1
    outer loop
      vertex -15 -18.5 26
      vertex -2.38157 -10.125 26
      vertex -15 18.5 26
    endloop
  endfacet
  facet normal 0 0 1
    outer loop
      vertex -15 18.5 26
      vertex -2.54067 10.4476 26
      vertex -2.60406 10.616 26
    endloop
  endfacet
  facet normal 0 0 1
    outer loop
      vertex -2.38157 -10.125 26
      vertex -15 -18.5 26
      vertex -2.4664 -10.2837 26
    endloop
  endfacet
  facet normal 0 0 1
    outer loop
      vertex -15 18.5 26
      vertex -2.60406 10.616 26
      vertex -2.6563 10.7882 26
    endloop
  endfacet
  facet normal 0 0 1
    outer loop
      vertex -2.4664 -10.2837 26
      vertex -15 -18.5 26
      vertex -2.54067 -10.4476 26
    endloop
  endfacet
  facet normal 0 0 1
    outer loop
      vertex -15 18.5 26
      vertex -2.6563 10.7882 26
      vertex -2.69716 10.9635 26
    endloop
  endfacet
  facet normal 0 0 1
    outer loop
      vertex -2.54067 -10.4476 26
      vertex -15 -18.5 26
      vertex -2.60406 -10.616 26
    endloop
  endfacet
  facet normal 0 0 1
    outer loop
      vertex -15 18.5 26
      vertex -2.69716 10.9635 26
      vertex -2.72647 11.1411 26
    endloop
  endfacet
  facet normal 0 0 1
    outer loop
      vertex -2.60406 -10.616 26
      vertex -15 -18.5 26
      vertex -2.6563 -10.7882 26
    endloop
  endfacet
  facet normal 0 0 1
    outer loop
      vertex -15 18.5 26
      vertex -2.72647 11.1411 26
      vertex -2.74411 11.3201 26
    endloop
  endfacet
  facet normal 0 0 1
    outer loop
      vertex -2.6563 -10.7882 26
      vertex -15 -18.5 26
      vertex -2.69716 -10.9635 26
    endloop
  endfacet
  facet normal 0 0 1
    outer loop
      vertex -15 18.5 26
      vertex -2.74411 11.3201 26
      vertex -2.75 11.5 26
    endloop
  endfacet
  facet normal 0 0 1
    outer loop
      vertex -2.69716 -10.9635 26
      vertex -15 -18.5 26
      vertex -2.72647 -11.1411 26
    endloop
  endfacet
  facet normal 0 0 1
    outer loop
      vertex 2.74411 11.3201 26
      vertex 15 18.5 26
      vertex 2.75 11.5 26
    endloop
  endfacet
  facet normal 0 0 1
    outer loop
      vertex 15 18.5 26
      vertex 2.74411 11.6799 26
      vertex 2.75 11.5 26
    endloop
  endfacet
  facet normal 0 0 1
    outer loop
      vertex 15 18.5 26
      vertex 2.72647 11.8589 26
      vertex 2.74411 11.6799 26
    endloop
  endfacet
  facet normal 0 0 1
    outer loop
      vertex 15 18.5 26
      vertex 2.69716 12.0365 26
      vertex 2.72647 11.8589 26
    endloop
  endfacet
  facet normal 0 0 1
    outer loop
      vertex 15 18.5 26
      vertex 2.6563 12.2118 26
      vertex 2.69716 12.0365 26
    endloop
  endfacet
  facet normal 0 0 1
    outer loop
      vertex 15 18.5 26
      vertex 2.60406 12.384 26
      vertex 2.6563 12.2118 26
    endloop
  endfacet
  facet normal 0 0 1
    outer loop
      vertex 15 18.5 26
      vertex 2.54067 12.5524 26
      vertex 2.60406 12.384 26
    endloop
  endfacet
  facet normal 0 0 1
    outer loop
      vertex 15 18.5 26
      vertex 2.4664 12.7163 26
      vertex 2.54067 12.5524 26
    endloop
  endfacet
  facet normal 0 0 1
    outer loop
      vertex 15 18.5 26
      vertex 2.38157 12.875 26
      vertex 2.4664 12.7163 26
    endloop
  endfacet
  facet normal 0 0 1
    outer loop
      vertex 15 18.5 26
      vertex 2.28654 13.0278 26
      vertex 2.38157 12.875 26
    endloop
  endfacet
  facet normal 0 0 1
    outer loop
      vertex 15 18.5 26
      vertex 2.18172 13.1741 26
      vertex 2.28654 13.0278 26
    endloop
  endfacet
  facet normal 0 0 1
    outer loop
      vertex 15 18.5 26
      vertex 2.06756 13.3132 26
      vertex 2.18172 13.1741 26
    endloop
  endfacet
  facet normal 0 0 1
    outer loop
      vertex 15 18.5 26
      vertex 1.94454 13.4445 26
      vertex 2.06756 13.3132 26
    endloop
  endfacet
  facet normal 0 0 1
    outer loop
      vertex 15 18.5 26
      vertex 1.8132 13.5676 26
      vertex 1.94454 13.4445 26
    endloop
  endfacet
  facet normal 0 0 1
    outer loop
      vertex 15 18.5 26
      vertex 1.67409 13.6817 26
      vertex 1.8132 13.5676 26
    endloop
  endfacet
  facet normal 0 0 1
    outer loop
      vertex 15 18.5 26
      vertex 1.52782 13.7865 26
      vertex 1.67409 13.6817 26
    endloop
  endfacet
  facet normal 0 0 1
    outer loop
      vertex 15 18.5 26
      vertex 1.375 13.8816 26
      vertex 1.52782 13.7865 26
    endloop
  endfacet
  facet normal 0 0 1
    outer loop
      vertex 15 18.5 26
      vertex 1.21629 13.9664 26
      vertex 1.375 13.8816 26
    endloop
  endfacet
  facet normal 0 0 1
    outer loop
      vertex 15 18.5 26
      vertex 1.05238 14.0407 26
      vertex 1.21629 13.9664 26
    endloop
  endfacet
  facet normal 0 0 1
    outer loop
      vertex 15 18.5 26
      vertex 0.883958 14.1041 26
      vertex 1.05238 14.0407 26
    endloop
  endfacet
  facet normal 0 0 1
    outer loop
      vertex 15 18.5 26
      vertex 0.711752 14.1563 26
      vertex 0.883958 14.1041 26
    endloop
  endfacet
  facet normal 0 0 1
    outer loop
      vertex 15 18.5 26
      vertex 0.536498 14.1972 26
      vertex 0.711752 14.1563 26
    endloop
  endfacet
  facet normal 0 0 1
    outer loop
      vertex 15 18.5 26
      vertex 0.358947 14.2265 26
      vertex 0.536498 14.1972 26
    endloop
  endfacet
  facet normal 0 0 1
    outer loop
      vertex 15 18.5 26
      vertex 0.179858 14.2441 26
      vertex 0.358947 14.2265 26
    endloop
  endfacet
  facet normal 0 0 1
    outer loop
      vertex 15 18.5 26
      vertex 0 14.25 26
      vertex 0.179858 14.2441 26
    endloop
  endfacet
  facet normal -0 0 1
    outer loop
      vertex -15 18.5 26
      vertex 0 14.25 26
      vertex 15 18.5 26
    endloop
  endfacet
  facet normal 0 0 1
    outer loop
      vertex 0 14.25 26
      vertex -15 18.5 26
      vertex -0.179858 14.2441 26
    endloop
  endfacet
  facet normal 0 0 1
    outer loop
      vertex -0.179858 14.2441 26
      vertex -15 18.5 26
      vertex -0.358947 14.2265 26
    endloop
  endfacet
  facet normal 0 0 1
    outer loop
      vertex -0.358947 14.2265 26
      vertex -15 18.5 26
      vertex -0.536498 14.1972 26
    endloop
  endfacet
  facet normal 0 0 1
    outer loop
      vertex -2.72647 -11.1411 26
      vertex -15 -18.5 26
      vertex -2.74411 -11.3201 26
    endloop
  endfacet
  facet normal 0 0 1
    outer loop
      vertex -2.74411 11.6799 26
      vertex -15 18.5 26
      vertex -2.75 11.5 26
    endloop
  endfacet
  facet normal 0 0 1
    outer loop
      vertex -2.72647 11.8589 26
      vertex -15 18.5 26
      vertex -2.74411 11.6799 26
    endloop
  endfacet
  facet normal 0 0 1
    outer loop
      vertex -2.69716 12.0365 26
      vertex -15 18.5 26
      vertex -2.72647 11.8589 26
    endloop
  endfacet
  facet normal 0 0 1
    outer loop
      vertex -2.6563 12.2118 26
      vertex -15 18.5 26
      vertex -2.69716 12.0365 26
    endloop
  endfacet
  facet normal 0 0 1
    outer loop
      vertex -2.60406 12.384 26
      vertex -15 18.5 26
      vertex -2.6563 12.2118 26
    endloop
  endfacet
  facet normal 0 0 1
    outer loop
      vertex -2.54067 12.5524 26
      vertex -15 18.5 26
      vertex -2.60406 12.384 26
    endloop
  endfacet
  facet normal 0 0 1
    outer loop
      vertex -2.4664 12.7163 26
      vertex -15 18.5 26
      vertex -2.54067 12.5524 26
    endloop
  endfacet
  facet normal 0 0 1
    outer loop
      vertex -2.38157 12.875 26
      vertex -15 18.5 26
      vertex -2.4664 12.7163 26
    endloop
  endfacet
  facet normal 0 0 1
    outer loop
      vertex -2.28654 13.0278 26
      vertex -15 18.5 26
      vertex -2.38157 12.875 26
    endloop
  endfacet
  facet normal 0 0 1
    outer loop
      vertex -2.18172 13.1741 26
      vertex -15 18.5 26
      vertex -2.28654 13.0278 26
    endloop
  endfacet
  facet normal 0 0 1
    outer loop
      vertex -2.06756 13.3132 26
      vertex -15 18.5 26
      vertex -2.18172 13.1741 26
    endloop
  endfacet
  facet normal 0 0 1
    outer loop
      vertex -1.94454 13.4445 26
      vertex -15 18.5 26
      vertex -2.06756 13.3132 26
    endloop
  endfacet
  facet normal 0 0 1
    outer loop
      vertex -1.8132 13.5676 26
      vertex -15 18.5 26
      vertex -1.94454 13.4445 26
    endloop
  endfacet
  facet normal 0 0 1
    outer loop
      vertex -1.67409 13.6817 26
      vertex -15 18.5 26
      vertex -1.8132 13.5676 26
    endloop
  endfacet
  facet normal 0 0 1
    outer loop
      vertex -1.52782 13.7865 26
      vertex -15 18.5 26
      vertex -1.67409 13.6817 26
    endloop
  endfacet
  facet normal 0 0 1
    outer loop
      vertex -1.375 13.8816 26
      vertex -15 18.5 26
      vertex -1.52782 13.7865 26
    endloop
  endfacet
  facet normal 0 0 1
    outer loop
      vertex -1.21629 13.9664 26
      vertex -15 18.5 26
      vertex -1.375 13.8816 26
    endloop
  endfacet
  facet normal 0 0 1
    outer loop
      vertex -1.05238 14.0407 26
      vertex -15 18.5 26
      vertex -1.21629 13.9664 26
    endloop
  endfacet
  facet normal 0 0 1
    outer loop
      vertex -0.883958 14.1041 26
      vertex -15 18.5 26
      vertex -1.05238 14.0407 26
    endloop
  endfacet
  facet normal 0 0 1
    outer loop
      vertex -0.711752 14.1563 26
      vertex -15 18.5 26
      vertex -0.883958 14.1041 26
    endloop
  endfacet
  facet normal 0 0 1
    outer loop
      vertex -0.536498 14.1972 26
      vertex -15 18.5 26
      vertex -0.711752 14.1563 26
    endloop
  endfacet
  facet normal 0 0 1
    outer loop
      vertex 2.72647 11.1411 26
      vertex 15 18.5 26
      vertex 2.74411 11.3201 26
    endloop
  endfacet
  facet normal -0 0 1
    outer loop
      vertex 2.74411 -11.6799 26
      vertex 15 -18.5 26
      vertex 2.75 -11.5 26
    endloop
  endfacet
  facet normal -0 0 1
    outer loop
      vertex 2.72647 -11.8589 26
      vertex 15 -18.5 26
      vertex 2.74411 -11.6799 26
    endloop
  endfacet
  facet normal -0 0 1
    outer loop
      vertex 2.69716 -12.0365 26
      vertex 15 -18.5 26
      vertex 2.72647 -11.8589 26
    endloop
  endfacet
  facet normal -0 0 1
    outer loop
      vertex 2.6563 -12.2118 26
      vertex 15 -18.5 26
      vertex 2.69716 -12.0365 26
    endloop
  endfacet
  facet normal -0 0 1
    outer loop
      vertex 2.60406 -12.384 26
      vertex 15 -18.5 26
      vertex 2.6563 -12.2118 26
    endloop
  endfacet
  facet normal -0 0 1
    outer loop
      vertex 2.54067 -12.5524 26
      vertex 15 -18.5 26
      vertex 2.60406 -12.384 26
    endloop
  endfacet
  facet normal -0 0 1
    outer loop
      vertex 2.4664 -12.7163 26
      vertex 15 -18.5 26
      vertex 2.54067 -12.5524 26
    endloop
  endfacet
  facet normal -0 0 1
    outer loop
      vertex 2.38157 -12.875 26
      vertex 15 -18.5 26
      vertex 2.4664 -12.7163 26
    endloop
  endfacet
  facet normal -0 0 1
    outer loop
      vertex 2.28654 -13.0278 26
      vertex 15 -18.5 26
      vertex 2.38157 -12.875 26
    endloop
  endfacet
  facet normal -0 0 1
    outer loop
      vertex 2.18172 -13.1741 26
      vertex 15 -18.5 26
      vertex 2.28654 -13.0278 26
    endloop
  endfacet
  facet normal -0 0 1
    outer loop
      vertex 2.06756 -13.3132 26
      vertex 15 -18.5 26
      vertex 2.18172 -13.1741 26
    endloop
  endfacet
  facet normal -0 0 1
    outer loop
      vertex 1.94454 -13.4445 26
      vertex 15 -18.5 26
      vertex 2.06756 -13.3132 26
    endloop
  endfacet
  facet normal -0 0 1
    outer loop
      vertex 1.8132 -13.5676 26
      vertex 15 -18.5 26
      vertex 1.94454 -13.4445 26
    endloop
  endfacet
  facet normal -0 0 1
    outer loop
      vertex 1.67409 -13.6817 26
      vertex 15 -18.5 26
      vertex 1.8132 -13.5676 26
    endloop
  endfacet
  facet normal -0 0 1
    outer loop
      vertex 1.52782 -13.7865 26
      vertex 15 -18.5 26
      vertex 1.67409 -13.6817 26
    endloop
  endfacet
  facet normal -0 0 1
    outer loop
      vertex 1.375 -13.8816 26
      vertex 15 -18.5 26
      vertex 1.52782 -13.7865 26
    endloop
  endfacet
  facet normal -0 0 1
    outer loop
      vertex 1.21629 -13.9664 26
      vertex 15 -18.5 26
      vertex 1.375 -13.8816 26
    endloop
  endfacet
  facet normal -0 0 1
    outer loop
      vertex 1.05238 -14.0407 26
      vertex 15 -18.5 26
      vertex 1.21629 -13.9664 26
    endloop
  endfacet
  facet normal -0 0 1
    outer loop
      vertex 0.883958 -14.1041 26
      vertex 15 -18.5 26
      vertex 1.05238 -14.0407 26
    endloop
  endfacet
  facet normal -0 0 1
    outer loop
      vertex 0.711752 -14.1563 26
      vertex 15 -18.5 26
      vertex 0.883958 -14.1041 26
    endloop
  endfacet
  facet normal -0 0 1
    outer loop
      vertex 0.536498 -14.1972 26
      vertex 15 -18.5 26
      vertex 0.711752 -14.1563 26
    endloop
  endfacet
  facet normal -0 0 1
    outer loop
      vertex 0.358947 -14.2265 26
      vertex 15 -18.5 26
      vertex 0.536498 -14.1972 26
    endloop
  endfacet
  facet normal -0 0 1
    outer loop
      vertex 0.179858 -14.2441 26
      vertex 15 -18.5 26
      vertex 0.358947 -14.2265 26
    endloop
  endfacet
  facet normal -0 0 1
    outer loop
      vertex 0 -14.25 26
      vertex 15 -18.5 26
      vertex 0.179858 -14.2441 26
    endloop
  endfacet
  facet normal 0 0 1
    outer loop
      vertex -15 -18.5 26
      vertex 0 -14.25 26
      vertex -0.179858 -14.2441 26
    endloop
  endfacet
  facet normal 0 0 1
    outer loop
      vertex -15 -18.5 26
      vertex -0.179858 -14.2441 26
      vertex -0.358947 -14.2265 26
    endloop
  endfacet
  facet normal 0 0 1
    outer loop
      vertex -15 -18.5 26
      vertex -0.358947 -14.2265 26
      vertex -0.536498 -14.1972 26
    endloop
  endfacet
  facet normal 0 0 1
    outer loop
      vertex -15 -18.5 26
      vertex -0.536498 -14.1972 26
      vertex -0.711752 -14.1563 26
    endloop
  endfacet
  facet normal 0 0 1
    outer loop
      vertex -2.74411 -11.3201 26
      vertex -15 -18.5 26
      vertex -2.75 -11.5 26
    endloop
  endfacet
  facet normal 0 0 1
    outer loop
      vertex -2.75 -11.5 26
      vertex -15 -18.5 26
      vertex -2.74411 -11.6799 26
    endloop
  endfacet
  facet normal 0 0 1
    outer loop
      vertex -2.74411 -11.6799 26
      vertex -15 -18.5 26
      vertex -2.72647 -11.8589 26
    endloop
  endfacet
  facet normal 0 0 1
    outer loop
      vertex -2.72647 -11.8589 26
      vertex -15 -18.5 26
      vertex -2.69716 -12.0365 26
    endloop
  endfacet
  facet normal 0 0 1
    outer loop
      vertex -2.69716 -12.0365 26
      vertex -15 -18.5 26
      vertex -2.6563 -12.2118 26
    endloop
  endfacet
  facet normal 0 0 1
    outer loop
      vertex -2.6563 -12.2118 26
      vertex -15 -18.5 26
      vertex -2.60406 -12.384 26
    endloop
  endfacet
  facet normal 0 0 1
    outer loop
      vertex 0 -14.25 26
      vertex -15 -18.5 26
      vertex 15 -18.5 26
    endloop
  endfacet
  facet normal 0 0 1
    outer loop
      vertex -0.883958 -14.1041 26
      vertex -15 -18.5 26
      vertex -0.711752 -14.1563 26
    endloop
  endfacet
  facet normal 0 0 1
    outer loop
      vertex -1.05238 -14.0407 26
      vertex -15 -18.5 26
      vertex -0.883958 -14.1041 26
    endloop
  endfacet
  facet normal 0 0 1
    outer loop
      vertex -1.21629 -13.9664 26
      vertex -15 -18.5 26
      vertex -1.05238 -14.0407 26
    endloop
  endfacet
  facet normal 0 0 1
    outer loop
      vertex -1.375 -13.8816 26
      vertex -15 -18.5 26
      vertex -1.21629 -13.9664 26
    endloop
  endfacet
  facet normal 0 0 1
    outer loop
      vertex -1.52782 -13.7865 26
      vertex -15 -18.5 26
      vertex -1.375 -13.8816 26
    endloop
  endfacet
  facet normal 0 0 1
    outer loop
      vertex -1.67409 -13.6817 26
      vertex -15 -18.5 26
      vertex -1.52782 -13.7865 26
    endloop
  endfacet
  facet normal 0 0 1
    outer loop
      vertex -1.8132 -13.5676 26
      vertex -15 -18.5 26
      vertex -1.67409 -13.6817 26
    endloop
  endfacet
  facet normal 0 0 1
    outer loop
      vertex -1.94454 -13.4445 26
      vertex -15 -18.5 26
      vertex -1.8132 -13.5676 26
    endloop
  endfacet
  facet normal 0 0 1
    outer loop
      vertex -2.06756 -13.3132 26
      vertex -15 -18.5 26
      vertex -1.94454 -13.4445 26
    endloop
  endfacet
  facet normal 0 0 1
    outer loop
      vertex -2.18172 -13.1741 26
      vertex -15 -18.5 26
      vertex -2.06756 -13.3132 26
    endloop
  endfacet
  facet normal 0 0 1
    outer loop
      vertex -2.28654 -13.0278 26
      vertex -15 -18.5 26
      vertex -2.18172 -13.1741 26
    endloop
  endfacet
  facet normal 0 0 1
    outer loop
      vertex -2.38157 -12.875 26
      vertex -15 -18.5 26
      vertex -2.28654 -13.0278 26
    endloop
  endfacet
  facet normal 0 0 1
    outer loop
      vertex -2.4664 -12.7163 26
      vertex -15 -18.5 26
      vertex -2.38157 -12.875 26
    endloop
  endfacet
  facet normal 0 0 1
    outer loop
      vertex -2.54067 -12.5524 26
      vertex -15 -18.5 26
      vertex -2.4664 -12.7163 26
    endloop
  endfacet
  facet normal 0 0 1
    outer loop
      vertex -2.60406 -12.384 26
      vertex -15 -18.5 26
      vertex -2.54067 -12.5524 26
    endloop
  endfacet
  facet normal -0.995179 -0.0980724 8.59313e-20
    outer loop
      vertex 2.74411 -11.3201 19
      vertex 2.72647 -11.1411 26
      vertex 2.72647 -11.1411 19
    endloop
  endfacet
  facet normal -0.995179 -0.0980724 8.59313e-20
    outer loop
      vertex 2.72647 -11.1411 26
      vertex 2.74411 -11.3201 19
      vertex 2.74411 -11.3201 26
    endloop
  endfacet
  facet normal -0.999464 -0.0327229 4.44748e-20
    outer loop
      vertex 2.75 -11.5 19
      vertex 2.74411 -11.3201 26
      vertex 2.74411 -11.3201 19
    endloop
  endfacet
  facet normal -0.999464 -0.0327229 4.44748e-20
    outer loop
      vertex 2.74411 -11.3201 26
      vertex 2.75 -11.5 19
      vertex 2.75 -11.5 26
    endloop
  endfacet
  facet normal 0.812892 0.582415 2.67872e-19
    outer loop
      vertex -2.18172 -13.1741 26
      vertex -2.28654 -13.0278 19
      vertex -2.28654 -13.0278 26
    endloop
  endfacet
  facet normal 0.812892 0.582415 2.67872e-19
    outer loop
      vertex -2.28654 -13.0278 19
      vertex -2.18172 -13.1741 26
      vertex -2.18172 -13.1741 19
    endloop
  endfacet
  facet normal 0.973894 0.227001 2.5473e-19
    outer loop
      vertex -2.6563 -12.2118 26
      vertex -2.69716 -12.0365 19
      vertex -2.69716 -12.0365 26
    endloop
  endfacet
  facet normal 0.973894 0.227001 2.5473e-19
    outer loop
      vertex -2.69716 -12.0365 19
      vertex -2.6563 -12.2118 26
      vertex -2.6563 -12.2118 19
    endloop
  endfacet
  facet normal 0.352301 0.935887 -0
    outer loop
      vertex -0.883958 -14.1041 19
      vertex -1.05238 -14.0407 26
      vertex -0.883958 -14.1041 26
    endloop
  endfacet
  facet normal 0.352301 0.935887 0
    outer loop
      vertex -1.05238 -14.0407 26
      vertex -0.883958 -14.1041 19
      vertex -1.05238 -14.0407 19
    endloop
  endfacet
  facet normal 0.849201 -0.52807 3.90986e-19
    outer loop
      vertex -2.38157 -10.125 26
      vertex -2.28654 -9.97218 19
      vertex -2.28654 -9.97218 26
    endloop
  endfacet
  facet normal 0.849201 -0.52807 3.90986e-19
    outer loop
      vertex -2.28654 -9.97218 19
      vertex -2.38157 -10.125 26
      vertex -2.38157 -10.125 19
    endloop
  endfacet
  facet normal -0.352301 0.935887 0
    outer loop
      vertex 1.05238 -14.0407 19
      vertex 0.883958 -14.1041 26
      vertex 1.05238 -14.0407 26
    endloop
  endfacet
  facet normal -0.352301 0.935887 0
    outer loop
      vertex 0.883958 -14.1041 26
      vertex 1.05238 -14.0407 19
      vertex 0.883958 -14.1041 19
    endloop
  endfacet
  facet normal -0.227269 0.973832 0
    outer loop
      vertex 0.711752 -14.1563 19
      vertex 0.536498 -14.1972 26
      vertex 0.711752 -14.1563 26
    endloop
  endfacet
  facet normal -0.227269 0.973832 0
    outer loop
      vertex 0.536498 -14.1972 26
      vertex 0.711752 -14.1563 19
      vertex 0.536498 -14.1972 19
    endloop
  endfacet
  facet normal 0.93589 -0.352293 -6.52885e-19
    outer loop
      vertex -2.60406 -10.616 26
      vertex -2.54067 -10.4476 19
      vertex -2.54067 -10.4476 26
    endloop
  endfacet
  facet normal 0.93589 -0.352293 -6.52885e-19
    outer loop
      vertex -2.54067 -10.4476 19
      vertex -2.60406 -10.616 26
      vertex -2.60406 -10.616 19
    endloop
  endfacet
  facet normal 0.683612 -0.729846 0
    outer loop
      vertex -1.94454 -9.55546 19
      vertex -1.8132 -9.43244 26
      vertex -1.94454 -9.55546 26
    endloop
  endfacet
  facet normal 0.683612 -0.729846 0
    outer loop
      vertex -1.8132 -9.43244 26
      vertex -1.94454 -9.55546 19
      vertex -1.8132 -9.43244 19
    endloop
  endfacet
  facet normal -0.0980241 -0.995184 0
    outer loop
      vertex 0.179858 -8.75589 19
      vertex 0.358947 -8.77353 26
      vertex 0.179858 -8.75589 26
    endloop
  endfacet
  facet normal -0.0980241 -0.995184 -0
    outer loop
      vertex 0.358947 -8.77353 26
      vertex 0.179858 -8.75589 19
      vertex 0.358947 -8.77353 19
    endloop
  endfacet
  facet normal 0.52807 -0.849201 0
    outer loop
      vertex -1.52782 -9.21346 19
      vertex -1.375 -9.11843 26
      vertex -1.52782 -9.21346 26
    endloop
  endfacet
  facet normal 0.52807 -0.849201 0
    outer loop
      vertex -1.375 -9.11843 26
      vertex -1.52782 -9.21346 19
      vertex -1.375 -9.11843 19
    endloop
  endfacet
  facet normal 0.881914 0.47141 -2.75357e-19
    outer loop
      vertex -2.38157 -12.875 26
      vertex -2.4664 -12.7163 19
      vertex -2.4664 -12.7163 26
    endloop
  endfacet
  facet normal 0.881914 0.47141 -2.75357e-19
    outer loop
      vertex -2.4664 -12.7163 19
      vertex -2.38157 -12.875 26
      vertex -2.38157 -12.875 19
    endloop
  endfacet
  facet normal -0.999464 0.0327229 -4.44748e-20
    outer loop
      vertex 2.74411 -11.6799 19
      vertex 2.75 -11.5 26
      vertex 2.75 -11.5 19
    endloop
  endfacet
  facet normal -0.999464 0.0327229 -4.44748e-20
    outer loop
      vertex 2.75 -11.5 26
      vertex 2.74411 -11.6799 19
      vertex 2.74411 -11.6799 26
    endloop
  endfacet
  facet normal -0.162821 0.986656 0
    outer loop
      vertex 0.536498 -14.1972 19
      vertex 0.358947 -14.2265 26
      vertex 0.536498 -14.1972 26
    endloop
  endfacet
  facet normal -0.162821 0.986656 0
    outer loop
      vertex 0.358947 -14.2265 26
      vertex 0.536498 -14.1972 19
      vertex 0.358947 -14.2265 19
    endloop
  endfacet
  facet normal -0.812835 -0.582494 3.46928e-19
    outer loop
      vertex 2.28654 -9.97218 19
      vertex 2.18172 -9.82591 26
      vertex 2.18172 -9.82591 19
    endloop
  endfacet
  facet normal -0.812835 -0.582494 3.46928e-19
    outer loop
      vertex 2.18172 -9.82591 26
      vertex 2.28654 -9.97218 19
      vertex 2.28654 -9.97218 26
    endloop
  endfacet
  facet normal -0.881914 -0.47141 -2.75357e-19
    outer loop
      vertex 2.4664 -10.2837 19
      vertex 2.38157 -10.125 26
      vertex 2.38157 -10.125 19
    endloop
  endfacet
  facet normal -0.881914 -0.47141 -2.75357e-19
    outer loop
      vertex 2.38157 -10.125 26
      vertex 2.4664 -10.2837 19
      vertex 2.4664 -10.2837 26
    endloop
  endfacet
  facet normal 0.973894 -0.227001 -2.5473e-19
    outer loop
      vertex -2.69716 -10.9635 26
      vertex -2.6563 -10.7882 19
      vertex -2.6563 -10.7882 26
    endloop
  endfacet
  facet normal 0.973894 -0.227001 -2.5473e-19
    outer loop
      vertex -2.6563 -10.7882 19
      vertex -2.69716 -10.9635 26
      vertex -2.69716 -10.9635 19
    endloop
  endfacet
  facet normal 0.910847 -0.412743 3.25666e-19
    outer loop
      vertex -2.54067 -10.4476 26
      vertex -2.4664 -10.2837 19
      vertex -2.4664 -10.2837 26
    endloop
  endfacet
  facet normal 0.910847 -0.412743 3.25666e-19
    outer loop
      vertex -2.4664 -10.2837 19
      vertex -2.54067 -10.4476 26
      vertex -2.54067 -10.4476 19
    endloop
  endfacet
  facet normal 0.162875 -0.986647 0
    outer loop
      vertex -0.536498 -8.80284 19
      vertex -0.358947 -8.77353 26
      vertex -0.536498 -8.80284 26
    endloop
  endfacet
  facet normal 0.162875 -0.986647 0
    outer loop
      vertex -0.358947 -8.77353 26
      vertex -0.536498 -8.80284 19
      vertex -0.358947 -8.77353 19
    endloop
  endfacet
  facet normal 0.986654 0.162831 -1.48481e-19
    outer loop
      vertex -2.69716 -12.0365 26
      vertex -2.72647 -11.8589 19
      vertex -2.72647 -11.8589 26
    endloop
  endfacet
  facet normal 0.986654 0.162831 -1.48481e-19
    outer loop
      vertex -2.72647 -11.8589 19
      vertex -2.69716 -12.0365 26
      vertex -2.69716 -12.0365 19
    endloop
  endfacet
  facet normal -0.729846 -0.683612 -7.77415e-19
    outer loop
      vertex 2.06756 -9.6868 19
      vertex 1.94454 -9.55546 26
      vertex 1.94454 -9.55546 19
    endloop
  endfacet
  facet normal -0.729846 -0.683612 -7.77415e-19
    outer loop
      vertex 1.94454 -9.55546 26
      vertex 2.06756 -9.6868 19
      vertex 2.06756 -9.6868 26
    endloop
  endfacet
  facet normal -0.986654 0.162831 1.48481e-19
    outer loop
      vertex 2.69716 -12.0365 19
      vertex 2.72647 -11.8589 26
      vertex 2.72647 -11.8589 19
    endloop
  endfacet
  facet normal -0.986654 0.162831 1.48481e-19
    outer loop
      vertex 2.72647 -11.8589 26
      vertex 2.69716 -12.0365 19
      vertex 2.69716 -12.0365 26
    endloop
  endfacet
  facet normal -0.634378 -0.773023 0
    outer loop
      vertex 1.67409 -9.31828 19
      vertex 1.8132 -9.43244 26
      vertex 1.67409 -9.31828 26
    endloop
  endfacet
  facet normal -0.634378 -0.773023 -0
    outer loop
      vertex 1.8132 -9.43244 26
      vertex 1.67409 -9.31828 19
      vertex 1.8132 -9.43244 19
    endloop
  endfacet
  facet normal -0.412722 -0.910857 0
    outer loop
      vertex 1.05238 -8.95933 19
      vertex 1.21629 -9.0336 26
      vertex 1.05238 -8.95933 26
    endloop
  endfacet
  facet normal -0.412722 -0.910857 -0
    outer loop
      vertex 1.21629 -9.0336 26
      vertex 1.05238 -8.95933 19
      vertex 1.21629 -9.0336 19
    endloop
  endfacet
  facet normal 0.290294 -0.956937 0
    outer loop
      vertex -0.883958 -8.89594 19
      vertex -0.711752 -8.8437 26
      vertex -0.883958 -8.89594 26
    endloop
  endfacet
  facet normal 0.290294 -0.956937 0
    outer loop
      vertex -0.711752 -8.8437 26
      vertex -0.883958 -8.89594 19
      vertex -0.711752 -8.8437 19
    endloop
  endfacet
  facet normal -0.812892 0.582415 -2.67872e-19
    outer loop
      vertex 2.18172 -13.1741 19
      vertex 2.28654 -13.0278 26
      vertex 2.28654 -13.0278 19
    endloop
  endfacet
  facet normal -0.812892 0.582415 -2.67872e-19
    outer loop
      vertex 2.28654 -13.0278 26
      vertex 2.18172 -13.1741 19
      vertex 2.18172 -13.1741 26
    endloop
  endfacet
  facet normal -0.973894 -0.227001 2.5473e-19
    outer loop
      vertex 2.69716 -10.9635 19
      vertex 2.6563 -10.7882 26
      vertex 2.6563 -10.7882 19
    endloop
  endfacet
  facet normal -0.973894 -0.227001 2.5473e-19
    outer loop
      vertex 2.6563 -10.7882 26
      vertex 2.69716 -10.9635 19
      vertex 2.69716 -10.9635 26
    endloop
  endfacet
  facet normal 0.729846 -0.683612 7.77415e-19
    outer loop
      vertex -2.06756 -9.6868 26
      vertex -1.94454 -9.55546 19
      vertex -1.94454 -9.55546 26
    endloop
  endfacet
  facet normal 0.729846 -0.683612 7.77415e-19
    outer loop
      vertex -1.94454 -9.55546 19
      vertex -2.06756 -9.6868 26
      vertex -2.06756 -9.6868 19
    endloop
  endfacet
  facet normal 0.729742 0.683723 9.68385e-19
    outer loop
      vertex -1.94454 -13.4445 26
      vertex -2.06756 -13.3132 19
      vertex -2.06756 -13.3132 26
    endloop
  endfacet
  facet normal 0.729742 0.683723 9.68385e-19
    outer loop
      vertex -2.06756 -13.3132 19
      vertex -1.94454 -13.4445 26
      vertex -1.94454 -13.4445 19
    endloop
  endfacet
  facet normal -0.881914 0.47141 2.75357e-19
    outer loop
      vertex 2.38157 -12.875 19
      vertex 2.4664 -12.7163 26
      vertex 2.4664 -12.7163 19
    endloop
  endfacet
  facet normal -0.881914 0.47141 2.75357e-19
    outer loop
      vertex 2.4664 -12.7163 26
      vertex 2.38157 -12.875 19
      vertex 2.38157 -12.875 26
    endloop
  endfacet
  facet normal 0.995179 0.0980724 8.59313e-20
    outer loop
      vertex -2.72647 -11.8589 26
      vertex -2.74411 -11.6799 19
      vertex -2.74411 -11.6799 26
    endloop
  endfacet
  facet normal 0.995179 0.0980724 8.59313e-20
    outer loop
      vertex -2.74411 -11.6799 19
      vertex -2.72647 -11.8589 26
      vertex -2.72647 -11.8589 19
    endloop
  endfacet
  facet normal 0.773023 -0.634378 1.34271e-18
    outer loop
      vertex -2.18172 -9.82591 26
      vertex -2.06756 -9.6868 19
      vertex -2.06756 -9.6868 26
    endloop
  endfacet
  facet normal 0.773023 -0.634378 1.34271e-18
    outer loop
      vertex -2.06756 -9.6868 19
      vertex -2.18172 -9.82591 26
      vertex -2.18172 -9.82591 19
    endloop
  endfacet
  facet normal -0.582494 -0.812835 0
    outer loop
      vertex 1.52782 -9.21346 19
      vertex 1.67409 -9.31828 26
      vertex 1.52782 -9.21346 26
    endloop
  endfacet
  facet normal -0.582494 -0.812835 -0
    outer loop
      vertex 1.67409 -9.31828 26
      vertex 1.52782 -9.21346 19
      vertex 1.67409 -9.31828 19
    endloop
  endfacet
  facet normal -0.956935 0.290304 5.94296e-19
    outer loop
      vertex 2.60406 -12.384 19
      vertex 2.6563 -12.2118 26
      vertex 2.6563 -12.2118 19
    endloop
  endfacet
  facet normal -0.956935 0.290304 5.94296e-19
    outer loop
      vertex 2.6563 -12.2118 26
      vertex 2.60406 -12.384 19
      vertex 2.60406 -12.384 26
    endloop
  endfacet
  facet normal -0.412861 0.910794 0
    outer loop
      vertex 1.21629 -13.9664 19
      vertex 1.05238 -14.0407 26
      vertex 1.21629 -13.9664 26
    endloop
  endfacet
  facet normal -0.412861 0.910794 0
    outer loop
      vertex 1.05238 -14.0407 26
      vertex 1.21629 -13.9664 19
      vertex 1.05238 -14.0407 19
    endloop
  endfacet
  facet normal -0.52807 -0.849201 0
    outer loop
      vertex 1.375 -9.11843 19
      vertex 1.52782 -9.21346 26
      vertex 1.375 -9.11843 26
    endloop
  endfacet
  facet normal -0.52807 -0.849201 -0
    outer loop
      vertex 1.52782 -9.21346 26
      vertex 1.375 -9.11843 19
      vertex 1.52782 -9.21346 19
    endloop
  endfacet
  facet normal 0.582494 -0.812835 0
    outer loop
      vertex -1.67409 -9.31828 19
      vertex -1.52782 -9.21346 26
      vertex -1.67409 -9.31828 26
    endloop
  endfacet
  facet normal 0.582494 -0.812835 0
    outer loop
      vertex -1.52782 -9.21346 26
      vertex -1.67409 -9.31828 19
      vertex -1.52782 -9.21346 19
    endloop
  endfacet
  facet normal -0.910847 -0.412743 -3.25666e-19
    outer loop
      vertex 2.54067 -10.4476 19
      vertex 2.4664 -10.2837 26
      vertex 2.4664 -10.2837 19
    endloop
  endfacet
  facet normal -0.910847 -0.412743 -3.25666e-19
    outer loop
      vertex 2.4664 -10.2837 26
      vertex 2.54067 -10.4476 19
      vertex 2.54067 -10.4476 26
    endloop
  endfacet
  facet normal -0.032786 0.999462 0
    outer loop
      vertex 0.179858 -14.2441 19
      vertex 0 -14.25 26
      vertex 0.179858 -14.2441 26
    endloop
  endfacet
  facet normal -0.032786 0.999462 0
    outer loop
      vertex 0 -14.25 26
      vertex 0.179858 -14.2441 19
      vertex 0 -14.25 19
    endloop
  endfacet
  facet normal -0.84917 0.528119 -5.99307e-19
    outer loop
      vertex 2.28654 -13.0278 19
      vertex 2.38157 -12.875 26
      vertex 2.38157 -12.875 19
    endloop
  endfacet
  facet normal -0.84917 0.528119 -5.99307e-19
    outer loop
      vertex 2.38157 -12.875 26
      vertex 2.28654 -13.0278 19
      vertex 2.28654 -13.0278 26
    endloop
  endfacet
  facet normal -0.773023 -0.634378 -1.34271e-18
    outer loop
      vertex 2.18172 -9.82591 19
      vertex 2.06756 -9.6868 26
      vertex 2.06756 -9.6868 19
    endloop
  endfacet
  facet normal -0.773023 -0.634378 -1.34271e-18
    outer loop
      vertex 2.06756 -9.6868 26
      vertex 2.18172 -9.82591 19
      vertex 2.18172 -9.82591 26
    endloop
  endfacet
  facet normal 0.227058 -0.973881 0
    outer loop
      vertex -0.711752 -8.8437 19
      vertex -0.536498 -8.80284 26
      vertex -0.711752 -8.8437 26
    endloop
  endfacet
  facet normal 0.227058 -0.973881 0
    outer loop
      vertex -0.536498 -8.80284 26
      vertex -0.711752 -8.8437 19
      vertex -0.536498 -8.80284 19
    endloop
  endfacet
  facet normal -0.995179 0.0980724 -8.59313e-20
    outer loop
      vertex 2.72647 -11.8589 19
      vertex 2.74411 -11.6799 26
      vertex 2.74411 -11.6799 19
    endloop
  endfacet
  facet normal -0.995179 0.0980724 -8.59313e-20
    outer loop
      vertex 2.74411 -11.6799 26
      vertex 2.72647 -11.8589 19
      vertex 2.72647 -11.8589 26
    endloop
  endfacet
  facet normal 0.812835 -0.582494 -3.46928e-19
    outer loop
      vertex -2.28654 -9.97218 26
      vertex -2.18172 -9.82591 19
      vertex -2.18172 -9.82591 26
    endloop
  endfacet
  facet normal 0.812835 -0.582494 -3.46928e-19
    outer loop
      vertex -2.18172 -9.82591 19
      vertex -2.28654 -9.97218 26
      vertex -2.28654 -9.97218 19
    endloop
  endfacet
  facet normal -0.58242 0.812888 0
    outer loop
      vertex 1.67409 -13.6817 19
      vertex 1.52782 -13.7865 26
      vertex 1.67409 -13.6817 26
    endloop
  endfacet
  facet normal -0.58242 0.812888 0
    outer loop
      vertex 1.52782 -13.7865 26
      vertex 1.67409 -13.6817 19
      vertex 1.52782 -13.7865 19
    endloop
  endfacet
  facet normal 0.352252 -0.935905 0
    outer loop
      vertex -1.05238 -8.95933 19
      vertex -0.883958 -8.89594 26
      vertex -1.05238 -8.95933 26
    endloop
  endfacet
  facet normal 0.352252 -0.935905 0
    outer loop
      vertex -0.883958 -8.89594 26
      vertex -1.05238 -8.95933 19
      vertex -0.883958 -8.89594 19
    endloop
  endfacet
  facet normal -0.352252 -0.935905 0
    outer loop
      vertex 0.883958 -8.89594 19
      vertex 1.05238 -8.95933 26
      vertex 0.883958 -8.89594 26
    endloop
  endfacet
  facet normal -0.352252 -0.935905 -0
    outer loop
      vertex 1.05238 -8.95933 26
      vertex 0.883958 -8.89594 19
      vertex 1.05238 -8.95933 19
    endloop
  endfacet
  facet normal -0.956935 -0.290304 -5.94296e-19
    outer loop
      vertex 2.6563 -10.7882 19
      vertex 2.60406 -10.616 26
      vertex 2.60406 -10.616 19
    endloop
  endfacet
  facet normal -0.956935 -0.290304 -5.94296e-19
    outer loop
      vertex 2.60406 -10.616 26
      vertex 2.6563 -10.7882 19
      vertex 2.6563 -10.7882 26
    endloop
  endfacet
  facet normal 0.0980241 -0.995184 0
    outer loop
      vertex -0.358947 -8.77353 19
      vertex -0.179858 -8.75589 26
      vertex -0.358947 -8.77353 26
    endloop
  endfacet
  facet normal 0.0980241 -0.995184 0
    outer loop
      vertex -0.179858 -8.75589 26
      vertex -0.358947 -8.77353 19
      vertex -0.179858 -8.75589 19
    endloop
  endfacet
  facet normal 0.956935 -0.290304 5.94296e-19
    outer loop
      vertex -2.6563 -10.7882 26
      vertex -2.60406 -10.616 19
      vertex -2.60406 -10.616 26
    endloop
  endfacet
  facet normal 0.956935 -0.290304 5.94296e-19
    outer loop
      vertex -2.60406 -10.616 19
      vertex -2.6563 -10.7882 26
      vertex -2.6563 -10.7882 19
    endloop
  endfacet
  facet normal 0.290091 0.956999 -0
    outer loop
      vertex -0.711752 -14.1563 19
      vertex -0.883958 -14.1041 26
      vertex -0.711752 -14.1563 26
    endloop
  endfacet
  facet normal 0.290091 0.956999 0
    outer loop
      vertex -0.883958 -14.1041 26
      vertex -0.711752 -14.1563 19
      vertex -0.883958 -14.1041 19
    endloop
  endfacet
  facet normal -0.683612 -0.729846 0
    outer loop
      vertex 1.8132 -9.43244 19
      vertex 1.94454 -9.55546 26
      vertex 1.8132 -9.43244 26
    endloop
  endfacet
  facet normal -0.683612 -0.729846 -0
    outer loop
      vertex 1.94454 -9.55546 26
      vertex 1.8132 -9.43244 19
      vertex 1.94454 -9.55546 19
    endloop
  endfacet
  facet normal -0.0327305 -0.999464 0
    outer loop
      vertex 0 -8.75 19
      vertex 0.179858 -8.75589 26
      vertex 0 -8.75 26
    endloop
  endfacet
  facet normal -0.0327305 -0.999464 -0
    outer loop
      vertex 0.179858 -8.75589 26
      vertex 0 -8.75 19
      vertex 0.179858 -8.75589 19
    endloop
  endfacet
  facet normal -0.52835 0.849027 0
    outer loop
      vertex 1.52782 -13.7865 19
      vertex 1.375 -13.8816 26
      vertex 1.52782 -13.7865 26
    endloop
  endfacet
  facet normal -0.52835 0.849027 0
    outer loop
      vertex 1.375 -13.8816 26
      vertex 1.52782 -13.7865 19
      vertex 1.375 -13.8816 19
    endloop
  endfacet
  facet normal 0.0327305 -0.999464 0
    outer loop
      vertex -0.179858 -8.75589 19
      vertex 0 -8.75 26
      vertex -0.179858 -8.75589 26
    endloop
  endfacet
  facet normal 0.0327305 -0.999464 0
    outer loop
      vertex 0 -8.75 26
      vertex -0.179858 -8.75589 19
      vertex 0 -8.75 19
    endloop
  endfacet
  facet normal 0.84917 0.528119 5.99307e-19
    outer loop
      vertex -2.28654 -13.0278 26
      vertex -2.38157 -12.875 19
      vertex -2.38157 -12.875 26
    endloop
  endfacet
  facet normal 0.84917 0.528119 5.99307e-19
    outer loop
      vertex -2.38157 -12.875 19
      vertex -2.28654 -13.0278 26
      vertex -2.28654 -13.0278 19
    endloop
  endfacet
  facet normal 0.412722 -0.910857 0
    outer loop
      vertex -1.21629 -9.0336 19
      vertex -1.05238 -8.95933 26
      vertex -1.21629 -9.0336 26
    endloop
  endfacet
  facet normal 0.412722 -0.910857 0
    outer loop
      vertex -1.05238 -8.95933 26
      vertex -1.21629 -9.0336 19
      vertex -1.05238 -8.95933 19
    endloop
  endfacet
  facet normal 0.999464 0.0327229 4.44748e-20
    outer loop
      vertex -2.74411 -11.6799 26
      vertex -2.75 -11.5 19
      vertex -2.75 -11.5 26
    endloop
  endfacet
  facet normal 0.999464 0.0327229 4.44748e-20
    outer loop
      vertex -2.75 -11.5 19
      vertex -2.74411 -11.6799 26
      vertex -2.74411 -11.6799 19
    endloop
  endfacet
  facet normal 0.93589 0.352293 6.52885e-19
    outer loop
      vertex -2.54067 -12.5524 26
      vertex -2.60406 -12.384 19
      vertex -2.60406 -12.384 26
    endloop
  endfacet
  facet normal 0.93589 0.352293 6.52885e-19
    outer loop
      vertex -2.60406 -12.384 19
      vertex -2.54067 -12.5524 26
      vertex -2.54067 -12.5524 19
    endloop
  endfacet
  facet normal -0.773001 0.634405 4.13479e-19
    outer loop
      vertex 2.06756 -13.3132 19
      vertex 2.18172 -13.1741 26
      vertex 2.18172 -13.1741 19
    endloop
  endfacet
  facet normal -0.773001 0.634405 4.13479e-19
    outer loop
      vertex 2.18172 -13.1741 26
      vertex 2.06756 -13.3132 19
      vertex 2.06756 -13.3132 26
    endloop
  endfacet
  facet normal -0.973894 0.227001 -2.5473e-19
    outer loop
      vertex 2.6563 -12.2118 19
      vertex 2.69716 -12.0365 26
      vertex 2.69716 -12.0365 19
    endloop
  endfacet
  facet normal -0.973894 0.227001 -2.5473e-19
    outer loop
      vertex 2.69716 -12.0365 26
      vertex 2.6563 -12.2118 19
      vertex 2.6563 -12.2118 26
    endloop
  endfacet
  facet normal -0.290091 0.956999 0
    outer loop
      vertex 0.883958 -14.1041 19
      vertex 0.711752 -14.1563 26
      vertex 0.883958 -14.1041 26
    endloop
  endfacet
  facet normal -0.290091 0.956999 0
    outer loop
      vertex 0.711752 -14.1563 26
      vertex 0.883958 -14.1041 19
      vertex 0.711752 -14.1563 19
    endloop
  endfacet
  facet normal -0.471387 -0.881926 0
    outer loop
      vertex 1.21629 -9.0336 19
      vertex 1.375 -9.11843 26
      vertex 1.21629 -9.0336 26
    endloop
  endfacet
  facet normal -0.471387 -0.881926 -0
    outer loop
      vertex 1.375 -9.11843 26
      vertex 1.21629 -9.0336 19
      vertex 1.375 -9.11843 19
    endloop
  endfacet
  facet normal -0.849201 -0.52807 -3.90986e-19
    outer loop
      vertex 2.38157 -10.125 19
      vertex 2.28654 -9.97218 26
      vertex 2.28654 -9.97218 19
    endloop
  endfacet
  facet normal -0.849201 -0.52807 -3.90986e-19
    outer loop
      vertex 2.28654 -9.97218 26
      vertex 2.38157 -10.125 19
      vertex 2.38157 -10.125 26
    endloop
  endfacet
  facet normal 0.986654 -0.162831 1.48481e-19
    outer loop
      vertex -2.72647 -11.1411 26
      vertex -2.69716 -10.9635 19
      vertex -2.69716 -10.9635 26
    endloop
  endfacet
  facet normal 0.986654 -0.162831 1.48481e-19
    outer loop
      vertex -2.69716 -10.9635 19
      vertex -2.72647 -11.1411 26
      vertex -2.72647 -11.1411 19
    endloop
  endfacet
  facet normal 0.227269 0.973832 -0
    outer loop
      vertex -0.536498 -14.1972 19
      vertex -0.711752 -14.1563 26
      vertex -0.536498 -14.1972 26
    endloop
  endfacet
  facet normal 0.227269 0.973832 0
    outer loop
      vertex -0.711752 -14.1563 26
      vertex -0.536498 -14.1972 19
      vertex -0.711752 -14.1563 19
    endloop
  endfacet
  facet normal -0.93589 0.352293 -6.52885e-19
    outer loop
      vertex 2.54067 -12.5524 19
      vertex 2.60406 -12.384 26
      vertex 2.60406 -12.384 19
    endloop
  endfacet
  facet normal -0.93589 0.352293 -6.52885e-19
    outer loop
      vertex 2.60406 -12.384 26
      vertex 2.54067 -12.5524 19
      vertex 2.54067 -12.5524 26
    endloop
  endfacet
  facet normal 0.910847 0.412743 -3.25666e-19
    outer loop
      vertex -2.4664 -12.7163 26
      vertex -2.54067 -12.5524 19
      vertex -2.54067 -12.5524 26
    endloop
  endfacet
  facet normal 0.910847 0.412743 -3.25666e-19
    outer loop
      vertex -2.54067 -12.5524 19
      vertex -2.4664 -12.7163 26
      vertex -2.4664 -12.7163 19
    endloop
  endfacet
  facet normal -0.162875 -0.986647 0
    outer loop
      vertex 0.358947 -8.77353 19
      vertex 0.536498 -8.80284 26
      vertex 0.358947 -8.77353 26
    endloop
  endfacet
  facet normal -0.162875 -0.986647 -0
    outer loop
      vertex 0.536498 -8.80284 26
      vertex 0.358947 -8.77353 19
      vertex 0.536498 -8.80284 19
    endloop
  endfacet
  facet normal -0.93589 -0.352293 6.52885e-19
    outer loop
      vertex 2.60406 -10.616 19
      vertex 2.54067 -10.4476 26
      vertex 2.54067 -10.4476 19
    endloop
  endfacet
  facet normal -0.93589 -0.352293 6.52885e-19
    outer loop
      vertex 2.54067 -10.4476 26
      vertex 2.60406 -10.616 19
      vertex 2.60406 -10.616 26
    endloop
  endfacet
  facet normal 0.471257 0.881996 -0
    outer loop
      vertex -1.21629 -13.9664 19
      vertex -1.375 -13.8816 26
      vertex -1.21629 -13.9664 26
    endloop
  endfacet
  facet normal 0.471257 0.881996 0
    outer loop
      vertex -1.375 -13.8816 26
      vertex -1.21629 -13.9664 19
      vertex -1.375 -13.8816 19
    endloop
  endfacet
  facet normal -0.986654 -0.162831 -1.48481e-19
    outer loop
      vertex 2.72647 -11.1411 19
      vertex 2.69716 -10.9635 26
      vertex 2.69716 -10.9635 19
    endloop
  endfacet
  facet normal -0.986654 -0.162831 -1.48481e-19
    outer loop
      vertex 2.69716 -10.9635 26
      vertex 2.72647 -11.1411 19
      vertex 2.72647 -11.1411 26
    endloop
  endfacet
  facet normal 0.032786 0.999462 -0
    outer loop
      vertex 0 -14.25 19
      vertex -0.179858 -14.2441 26
      vertex 0 -14.25 26
    endloop
  endfacet
  facet normal 0.032786 0.999462 0
    outer loop
      vertex -0.179858 -14.2441 26
      vertex 0 -14.25 19
      vertex -0.179858 -14.2441 19
    endloop
  endfacet
  facet normal 0.995179 -0.0980724 -8.59313e-20
    outer loop
      vertex -2.74411 -11.3201 26
      vertex -2.72647 -11.1411 19
      vertex -2.72647 -11.1411 26
    endloop
  endfacet
  facet normal 0.995179 -0.0980724 -8.59313e-20
    outer loop
      vertex -2.72647 -11.1411 19
      vertex -2.74411 -11.3201 26
      vertex -2.74411 -11.3201 19
    endloop
  endfacet
  facet normal -0.097804 0.995206 0
    outer loop
      vertex 0.358947 -14.2265 19
      vertex 0.179858 -14.2441 26
      vertex 0.358947 -14.2265 26
    endloop
  endfacet
  facet normal -0.097804 0.995206 0
    outer loop
      vertex 0.179858 -14.2441 26
      vertex 0.358947 -14.2265 19
      vertex 0.179858 -14.2441 19
    endloop
  endfacet
  facet normal 0.683849 0.729624 -0
    outer loop
      vertex -1.8132 -13.5676 19
      vertex -1.94454 -13.4445 26
      vertex -1.8132 -13.5676 26
    endloop
  endfacet
  facet normal 0.683849 0.729624 0
    outer loop
      vertex -1.94454 -13.4445 26
      vertex -1.8132 -13.5676 19
      vertex -1.94454 -13.4445 19
    endloop
  endfacet
  facet normal 0.999464 -0.0327229 -4.44748e-20
    outer loop
      vertex -2.75 -11.5 26
      vertex -2.74411 -11.3201 19
      vertex -2.74411 -11.3201 26
    endloop
  endfacet
  facet normal 0.999464 -0.0327229 -4.44748e-20
    outer loop
      vertex -2.74411 -11.3201 19
      vertex -2.75 -11.5 26
      vertex -2.75 -11.5 19
    endloop
  endfacet
  facet normal 0.956935 0.290304 -5.94296e-19
    outer loop
      vertex -2.60406 -12.384 26
      vertex -2.6563 -12.2118 19
      vertex -2.6563 -12.2118 26
    endloop
  endfacet
  facet normal 0.956935 0.290304 -5.94296e-19
    outer loop
      vertex -2.6563 -12.2118 19
      vertex -2.60406 -12.384 26
      vertex -2.60406 -12.384 19
    endloop
  endfacet
  facet normal -0.729742 0.683723 -9.68385e-19
    outer loop
      vertex 1.94454 -13.4445 19
      vertex 2.06756 -13.3132 26
      vertex 2.06756 -13.3132 19
    endloop
  endfacet
  facet normal -0.729742 0.683723 -9.68385e-19
    outer loop
      vertex 2.06756 -13.3132 26
      vertex 1.94454 -13.4445 19
      vertex 1.94454 -13.4445 26
    endloop
  endfacet
  facet normal -0.471257 0.881996 0
    outer loop
      vertex 1.375 -13.8816 19
      vertex 1.21629 -13.9664 26
      vertex 1.375 -13.8816 26
    endloop
  endfacet
  facet normal -0.471257 0.881996 0
    outer loop
      vertex 1.21629 -13.9664 26
      vertex 1.375 -13.8816 19
      vertex 1.21629 -13.9664 19
    endloop
  endfacet
  facet normal -0.227058 -0.973881 0
    outer loop
      vertex 0.536498 -8.80284 19
      vertex 0.711752 -8.8437 26
      vertex 0.536498 -8.80284 26
    endloop
  endfacet
  facet normal -0.227058 -0.973881 -0
    outer loop
      vertex 0.711752 -8.8437 26
      vertex 0.536498 -8.80284 19
      vertex 0.711752 -8.8437 19
    endloop
  endfacet
  facet normal 0.471387 -0.881926 0
    outer loop
      vertex -1.375 -9.11843 19
      vertex -1.21629 -9.0336 26
      vertex -1.375 -9.11843 26
    endloop
  endfacet
  facet normal 0.471387 -0.881926 0
    outer loop
      vertex -1.21629 -9.0336 26
      vertex -1.375 -9.11843 19
      vertex -1.21629 -9.0336 19
    endloop
  endfacet
  facet normal -0.634179 0.773187 0
    outer loop
      vertex 1.8132 -13.5676 19
      vertex 1.67409 -13.6817 26
      vertex 1.8132 -13.5676 26
    endloop
  endfacet
  facet normal -0.634179 0.773187 0
    outer loop
      vertex 1.67409 -13.6817 26
      vertex 1.8132 -13.5676 19
      vertex 1.67409 -13.6817 19
    endloop
  endfacet
  facet normal 0.52835 0.849027 -0
    outer loop
      vertex -1.375 -13.8816 19
      vertex -1.52782 -13.7865 26
      vertex -1.375 -13.8816 26
    endloop
  endfacet
  facet normal 0.52835 0.849027 0
    outer loop
      vertex -1.52782 -13.7865 26
      vertex -1.375 -13.8816 19
      vertex -1.52782 -13.7865 19
    endloop
  endfacet
  facet normal 0 0 -1
    outer loop
      vertex 2.75 -11.5 19
      vertex 4.5 -11.5 19
      vertex 4.49037 -11.7943 19
    endloop
  endfacet
  facet normal 0 0 -1
    outer loop
      vertex 2.74411 -11.6799 19
      vertex 4.49037 -11.7943 19
      vertex 4.4615 -12.0874 19
    endloop
  endfacet
  facet normal 0 0 -1
    outer loop
      vertex 4.5 -11.5 19
      vertex 2.75 -11.5 19
      vertex 4.49037 -11.2057 19
    endloop
  endfacet
  facet normal 0 0 -1
    outer loop
      vertex 2.72647 -11.8589 19
      vertex 4.4615 -12.0874 19
      vertex 4.41353 -12.3779 19
    endloop
  endfacet
  facet normal 0 0 -1
    outer loop
      vertex 2.74411 -11.3201 19
      vertex 4.49037 -11.2057 19
      vertex 2.75 -11.5 19
    endloop
  endfacet
  facet normal 0 0 -1
    outer loop
      vertex 2.69716 -12.0365 19
      vertex 4.41353 -12.3779 19
      vertex 4.34667 -12.6647 19
    endloop
  endfacet
  facet normal -0 0 -1
    outer loop
      vertex 4.49037 -11.2057 19
      vertex 2.74411 -11.3201 19
      vertex 4.4615 -10.9126 19
    endloop
  endfacet
  facet normal 0 0 -1
    outer loop
      vertex 2.6563 -12.2118 19
      vertex 4.34667 -12.6647 19
      vertex 4.26118 -12.9465 19
    endloop
  endfacet
  facet normal 0 0 -1
    outer loop
      vertex 2.72647 -11.1411 19
      vertex 4.4615 -10.9126 19
      vertex 2.74411 -11.3201 19
    endloop
  endfacet
  facet normal 0 0 -1
    outer loop
      vertex 2.60406 -12.384 19
      vertex 4.26118 -12.9465 19
      vertex 4.15746 -13.2221 19
    endloop
  endfacet
  facet normal -0 0 -1
    outer loop
      vertex 4.4615 -10.9126 19
      vertex 2.72647 -11.1411 19
      vertex 4.41353 -10.6221 19
    endloop
  endfacet
  facet normal 0 0 -1
    outer loop
      vertex 2.54067 -12.5524 19
      vertex 4.15746 -13.2221 19
      vertex 4.03593 -13.4903 19
    endloop
  endfacet
  facet normal 0 0 -1
    outer loop
      vertex 2.69716 -10.9635 19
      vertex 4.41353 -10.6221 19
      vertex 2.72647 -11.1411 19
    endloop
  endfacet
  facet normal 0 0 -1
    outer loop
      vertex 2.4664 -12.7163 19
      vertex 4.03593 -13.4903 19
      vertex 3.89711 -13.75 19
    endloop
  endfacet
  facet normal -0 0 -1
    outer loop
      vertex 4.41353 -10.6221 19
      vertex 2.69716 -10.9635 19
      vertex 4.34667 -10.3353 19
    endloop
  endfacet
  facet normal 0 0 -1
    outer loop
      vertex 2.38157 -12.875 19
      vertex 3.89711 -13.75 19
      vertex 3.74161 -14.0001 19
    endloop
  endfacet
  facet normal 0 0 -1
    outer loop
      vertex 2.6563 -10.7882 19
      vertex 4.34667 -10.3353 19
      vertex 2.69716 -10.9635 19
    endloop
  endfacet
  facet normal 0 0 -1
    outer loop
      vertex 2.28654 -13.0278 19
      vertex 3.74161 -14.0001 19
      vertex 3.57009 -14.2394 19
    endloop
  endfacet
  facet normal -0 0 -1
    outer loop
      vertex 4.34667 -10.3353 19
      vertex 2.6563 -10.7882 19
      vertex 4.26118 -10.0535 19
    endloop
  endfacet
  facet normal 0 0 -1
    outer loop
      vertex 2.18172 -13.1741 19
      vertex 3.57009 -14.2394 19
      vertex 3.38328 -14.4671 19
    endloop
  endfacet
  facet normal 0 0 -1
    outer loop
      vertex 2.60406 -10.616 19
      vertex 4.26118 -10.0535 19
      vertex 2.6563 -10.7882 19
    endloop
  endfacet
  facet normal 0 0 -1
    outer loop
      vertex 2.06756 -13.3132 19
      vertex 3.38328 -14.4671 19
      vertex 3.18198 -14.682 19
    endloop
  endfacet
  facet normal -0 0 -1
    outer loop
      vertex 4.26118 -10.0535 19
      vertex 2.60406 -10.616 19
      vertex 4.15746 -9.77793 19
    endloop
  endfacet
  facet normal 0 0 -1
    outer loop
      vertex 1.94454 -13.4445 19
      vertex 3.18198 -14.682 19
      vertex 2.96706 -14.8833 19
    endloop
  endfacet
  facet normal 0 0 -1
    outer loop
      vertex 2.54067 -10.4476 19
      vertex 4.15746 -9.77793 19
      vertex 2.60406 -10.616 19
    endloop
  endfacet
  facet normal -0 0 -1
    outer loop
      vertex 4.15746 -9.77793 19
      vertex 2.54067 -10.4476 19
      vertex 4.03593 -9.5097 19
    endloop
  endfacet
  facet normal 0 0 -1
    outer loop
      vertex 4.49037 -11.7943 19
      vertex 2.74411 -11.6799 19
      vertex 2.75 -11.5 19
    endloop
  endfacet
  facet normal 0 0 -1
    outer loop
      vertex 1.8132 -13.5676 19
      vertex 2.96706 -14.8833 19
      vertex 2.73943 -15.0701 19
    endloop
  endfacet
  facet normal 0 0 -1
    outer loop
      vertex 4.4615 -12.0874 19
      vertex 2.72647 -11.8589 19
      vertex 2.74411 -11.6799 19
    endloop
  endfacet
  facet normal 0 0 -1
    outer loop
      vertex 4.41353 -12.3779 19
      vertex 2.69716 -12.0365 19
      vertex 2.72647 -11.8589 19
    endloop
  endfacet
  facet normal 0 0 -1
    outer loop
      vertex 4.34667 -12.6647 19
      vertex 2.6563 -12.2118 19
      vertex 2.69716 -12.0365 19
    endloop
  endfacet
  facet normal 0 0 -1
    outer loop
      vertex 4.26118 -12.9465 19
      vertex 2.60406 -12.384 19
      vertex 2.6563 -12.2118 19
    endloop
  endfacet
  facet normal 0 0 -1
    outer loop
      vertex 4.15746 -13.2221 19
      vertex 2.54067 -12.5524 19
      vertex 2.60406 -12.384 19
    endloop
  endfacet
  facet normal 0 0 -1
    outer loop
      vertex 1.67409 -13.6817 19
      vertex 2.73943 -15.0701 19
      vertex 2.50007 -15.2416 19
    endloop
  endfacet
  facet normal 0 0 -1
    outer loop
      vertex 4.03593 -13.4903 19
      vertex 2.4664 -12.7163 19
      vertex 2.54067 -12.5524 19
    endloop
  endfacet
  facet normal 0 0 -1
    outer loop
      vertex 3.89711 -13.75 19
      vertex 2.38157 -12.875 19
      vertex 2.4664 -12.7163 19
    endloop
  endfacet
  facet normal 0 0 -1
    outer loop
      vertex 3.74161 -14.0001 19
      vertex 2.28654 -13.0278 19
      vertex 2.38157 -12.875 19
    endloop
  endfacet
  facet normal 0 0 -1
    outer loop
      vertex 1.52782 -13.7865 19
      vertex 2.50007 -15.2416 19
      vertex 2.25 -15.3971 19
    endloop
  endfacet
  facet normal 0 0 -1
    outer loop
      vertex 3.57009 -14.2394 19
      vertex 2.18172 -13.1741 19
      vertex 2.28654 -13.0278 19
    endloop
  endfacet
  facet normal 0 0 -1
    outer loop
      vertex 3.38328 -14.4671 19
      vertex 2.06756 -13.3132 19
      vertex 2.18172 -13.1741 19
    endloop
  endfacet
  facet normal 0 0 -1
    outer loop
      vertex 1.375 -13.8816 19
      vertex 2.25 -15.3971 19
      vertex 1.9903 -15.5359 19
    endloop
  endfacet
  facet normal 0 0 -1
    outer loop
      vertex 3.18198 -14.682 19
      vertex 1.94454 -13.4445 19
      vertex 2.06756 -13.3132 19
    endloop
  endfacet
  facet normal 0 0 -1
    outer loop
      vertex 2.96706 -14.8833 19
      vertex 1.8132 -13.5676 19
      vertex 1.94454 -13.4445 19
    endloop
  endfacet
  facet normal 0 0 -1
    outer loop
      vertex 1.21629 -13.9664 19
      vertex 1.9903 -15.5359 19
      vertex 1.72207 -15.6575 19
    endloop
  endfacet
  facet normal 0 0 -1
    outer loop
      vertex 2.73943 -15.0701 19
      vertex 1.67409 -13.6817 19
      vertex 1.8132 -13.5676 19
    endloop
  endfacet
  facet normal 0 0 -1
    outer loop
      vertex 2.50007 -15.2416 19
      vertex 1.52782 -13.7865 19
      vertex 1.67409 -13.6817 19
    endloop
  endfacet
  facet normal 0 0 -1
    outer loop
      vertex 1.05238 -14.0407 19
      vertex 1.72207 -15.6575 19
      vertex 1.44648 -15.7612 19
    endloop
  endfacet
  facet normal 0 0 -1
    outer loop
      vertex 2.25 -15.3971 19
      vertex 1.375 -13.8816 19
      vertex 1.52782 -13.7865 19
    endloop
  endfacet
  facet normal 0 0 -1
    outer loop
      vertex 1.9903 -15.5359 19
      vertex 1.21629 -13.9664 19
      vertex 1.375 -13.8816 19
    endloop
  endfacet
  facet normal 0 0 -1
    outer loop
      vertex 0.883958 -14.1041 19
      vertex 1.44648 -15.7612 19
      vertex 1.16469 -15.8467 19
    endloop
  endfacet
  facet normal 0 0 -1
    outer loop
      vertex 1.72207 -15.6575 19
      vertex 1.05238 -14.0407 19
      vertex 1.21629 -13.9664 19
    endloop
  endfacet
  facet normal 0 0 -1
    outer loop
      vertex 1.44648 -15.7612 19
      vertex 0.883958 -14.1041 19
      vertex 1.05238 -14.0407 19
    endloop
  endfacet
  facet normal 0 0 -1
    outer loop
      vertex 0.711752 -14.1563 19
      vertex 1.16469 -15.8467 19
      vertex 0.877906 -15.9135 19
    endloop
  endfacet
  facet normal 0 0 -1
    outer loop
      vertex 1.16469 -15.8467 19
      vertex 0.711752 -14.1563 19
      vertex 0.883958 -14.1041 19
    endloop
  endfacet
  facet normal 0 0 -1
    outer loop
      vertex 0.536498 -14.1972 19
      vertex 0.877906 -15.9135 19
      vertex 0.587367 -15.9615 19
    endloop
  endfacet
  facet normal 0 0 -1
    outer loop
      vertex 0.877906 -15.9135 19
      vertex 0.536498 -14.1972 19
      vertex 0.711752 -14.1563 19
    endloop
  endfacet
  facet normal 0 0 -1
    outer loop
      vertex 0.587367 -15.9615 19
      vertex 0.358947 -14.2265 19
      vertex 0.536498 -14.1972 19
    endloop
  endfacet
  facet normal 0 0 -1
    outer loop
      vertex 0.294313 -15.9904 19
      vertex 0.358947 -14.2265 19
      vertex 0.587367 -15.9615 19
    endloop
  endfacet
  facet normal 0 0 -1
    outer loop
      vertex 0.294313 -15.9904 19
      vertex 0.179858 -14.2441 19
      vertex 0.358947 -14.2265 19
    endloop
  endfacet
  facet normal 0 0 -1
    outer loop
      vertex 0 -16 19
      vertex 0.179858 -14.2441 19
      vertex 0.294313 -15.9904 19
    endloop
  endfacet
  facet normal 0 0 -1
    outer loop
      vertex 0 -16 19
      vertex 0 -14.25 19
      vertex 0.179858 -14.2441 19
    endloop
  endfacet
  facet normal 0 0 -1
    outer loop
      vertex 0 -16 19
      vertex -0.179858 -14.2441 19
      vertex 0 -14.25 19
    endloop
  endfacet
  facet normal 0 0 -1
    outer loop
      vertex -0.294313 -15.9904 19
      vertex -0.179858 -14.2441 19
      vertex 0 -16 19
    endloop
  endfacet
  facet normal 0 0 -1
    outer loop
      vertex -0.294313 -15.9904 19
      vertex -0.358947 -14.2265 19
      vertex -0.179858 -14.2441 19
    endloop
  endfacet
  facet normal 0 0 -1
    outer loop
      vertex -0.587367 -15.9615 19
      vertex -0.358947 -14.2265 19
      vertex -0.294313 -15.9904 19
    endloop
  endfacet
  facet normal -0 0 -1
    outer loop
      vertex -0.358947 -14.2265 19
      vertex -0.587367 -15.9615 19
      vertex -0.536498 -14.1972 19
    endloop
  endfacet
  facet normal 0 0 -1
    outer loop
      vertex -0.877906 -15.9135 19
      vertex -0.536498 -14.1972 19
      vertex -0.587367 -15.9615 19
    endloop
  endfacet
  facet normal -0 0 -1
    outer loop
      vertex -0.536498 -14.1972 19
      vertex -0.877906 -15.9135 19
      vertex -0.711752 -14.1563 19
    endloop
  endfacet
  facet normal 0 0 -1
    outer loop
      vertex -1.16469 -15.8467 19
      vertex -0.711752 -14.1563 19
      vertex -0.877906 -15.9135 19
    endloop
  endfacet
  facet normal -0 0 -1
    outer loop
      vertex -0.711752 -14.1563 19
      vertex -1.16469 -15.8467 19
      vertex -0.883958 -14.1041 19
    endloop
  endfacet
  facet normal 0 0 -1
    outer loop
      vertex -1.44648 -15.7612 19
      vertex -0.883958 -14.1041 19
      vertex -1.16469 -15.8467 19
    endloop
  endfacet
  facet normal -0 0 -1
    outer loop
      vertex -0.883958 -14.1041 19
      vertex -1.44648 -15.7612 19
      vertex -1.05238 -14.0407 19
    endloop
  endfacet
  facet normal 0 0 -1
    outer loop
      vertex -1.72207 -15.6575 19
      vertex -1.05238 -14.0407 19
      vertex -1.44648 -15.7612 19
    endloop
  endfacet
  facet normal -0 0 -1
    outer loop
      vertex -1.05238 -14.0407 19
      vertex -1.72207 -15.6575 19
      vertex -1.21629 -13.9664 19
    endloop
  endfacet
  facet normal 0 0 -1
    outer loop
      vertex -1.9903 -15.5359 19
      vertex -1.21629 -13.9664 19
      vertex -1.72207 -15.6575 19
    endloop
  endfacet
  facet normal -0 0 -1
    outer loop
      vertex -1.21629 -13.9664 19
      vertex -1.9903 -15.5359 19
      vertex -1.375 -13.8816 19
    endloop
  endfacet
  facet normal 0 0 -1
    outer loop
      vertex -2.25 -15.3971 19
      vertex -1.375 -13.8816 19
      vertex -1.9903 -15.5359 19
    endloop
  endfacet
  facet normal -0 0 -1
    outer loop
      vertex -1.375 -13.8816 19
      vertex -2.25 -15.3971 19
      vertex -1.52782 -13.7865 19
    endloop
  endfacet
  facet normal 0 0 -1
    outer loop
      vertex -2.50007 -15.2416 19
      vertex -1.52782 -13.7865 19
      vertex -2.25 -15.3971 19
    endloop
  endfacet
  facet normal -0 0 -1
    outer loop
      vertex -1.52782 -13.7865 19
      vertex -2.50007 -15.2416 19
      vertex -1.67409 -13.6817 19
    endloop
  endfacet
  facet normal 0 0 -1
    outer loop
      vertex -2.73943 -15.0701 19
      vertex -1.67409 -13.6817 19
      vertex -2.50007 -15.2416 19
    endloop
  endfacet
  facet normal -0 0 -1
    outer loop
      vertex -1.67409 -13.6817 19
      vertex -2.73943 -15.0701 19
      vertex -1.8132 -13.5676 19
    endloop
  endfacet
  facet normal 0 0 -1
    outer loop
      vertex -2.96706 -14.8833 19
      vertex -1.8132 -13.5676 19
      vertex -2.73943 -15.0701 19
    endloop
  endfacet
  facet normal -0 0 -1
    outer loop
      vertex -1.8132 -13.5676 19
      vertex -2.96706 -14.8833 19
      vertex -1.94454 -13.4445 19
    endloop
  endfacet
  facet normal 0 0 -1
    outer loop
      vertex -3.18198 -14.682 19
      vertex -1.94454 -13.4445 19
      vertex -2.96706 -14.8833 19
    endloop
  endfacet
  facet normal -0 0 -1
    outer loop
      vertex -1.94454 -13.4445 19
      vertex -3.18198 -14.682 19
      vertex -2.06756 -13.3132 19
    endloop
  endfacet
  facet normal 0 0 -1
    outer loop
      vertex -3.38328 -14.4671 19
      vertex -2.06756 -13.3132 19
      vertex -3.18198 -14.682 19
    endloop
  endfacet
  facet normal -0 0 -1
    outer loop
      vertex -2.06756 -13.3132 19
      vertex -3.38328 -14.4671 19
      vertex -2.18172 -13.1741 19
    endloop
  endfacet
  facet normal 0 0 -1
    outer loop
      vertex -3.57009 -14.2394 19
      vertex -2.18172 -13.1741 19
      vertex -3.38328 -14.4671 19
    endloop
  endfacet
  facet normal -0 0 -1
    outer loop
      vertex -2.18172 -13.1741 19
      vertex -3.57009 -14.2394 19
      vertex -2.28654 -13.0278 19
    endloop
  endfacet
  facet normal 0 0 -1
    outer loop
      vertex -3.74161 -14.0001 19
      vertex -2.28654 -13.0278 19
      vertex -3.57009 -14.2394 19
    endloop
  endfacet
  facet normal -0 0 -1
    outer loop
      vertex -2.28654 -13.0278 19
      vertex -3.74161 -14.0001 19
      vertex -2.38157 -12.875 19
    endloop
  endfacet
  facet normal 0 0 -1
    outer loop
      vertex -3.89711 -13.75 19
      vertex -2.38157 -12.875 19
      vertex -3.74161 -14.0001 19
    endloop
  endfacet
  facet normal -0 0 -1
    outer loop
      vertex -2.38157 -12.875 19
      vertex -3.89711 -13.75 19
      vertex -2.4664 -12.7163 19
    endloop
  endfacet
  facet normal 0 0 -1
    outer loop
      vertex -4.03593 -13.4903 19
      vertex -2.4664 -12.7163 19
      vertex -3.89711 -13.75 19
    endloop
  endfacet
  facet normal -0 0 -1
    outer loop
      vertex -2.4664 -12.7163 19
      vertex -4.03593 -13.4903 19
      vertex -2.54067 -12.5524 19
    endloop
  endfacet
  facet normal 0 0 -1
    outer loop
      vertex 2.4664 -10.2837 19
      vertex 4.03593 -9.5097 19
      vertex 2.54067 -10.4476 19
    endloop
  endfacet
  facet normal -0 0 -1
    outer loop
      vertex 4.03593 -9.5097 19
      vertex 2.4664 -10.2837 19
      vertex 3.89711 -9.25 19
    endloop
  endfacet
  facet normal 0 0 -1
    outer loop
      vertex 2.38157 -10.125 19
      vertex 3.89711 -9.25 19
      vertex 2.4664 -10.2837 19
    endloop
  endfacet
  facet normal -0 0 -1
    outer loop
      vertex 3.89711 -9.25 19
      vertex 2.38157 -10.125 19
      vertex 3.74161 -8.99993 19
    endloop
  endfacet
  facet normal 0 0 -1
    outer loop
      vertex 2.28654 -9.97218 19
      vertex 3.74161 -8.99993 19
      vertex 2.38157 -10.125 19
    endloop
  endfacet
  facet normal -0 0 -1
    outer loop
      vertex 3.74161 -8.99993 19
      vertex 2.28654 -9.97218 19
      vertex 3.57009 -8.76057 19
    endloop
  endfacet
  facet normal 0 0 -1
    outer loop
      vertex 2.18172 -9.82591 19
      vertex 3.57009 -8.76057 19
      vertex 2.28654 -9.97218 19
    endloop
  endfacet
  facet normal -0 0 -1
    outer loop
      vertex 3.57009 -8.76057 19
      vertex 2.18172 -9.82591 19
      vertex 3.38328 -8.53294 19
    endloop
  endfacet
  facet normal 0 0 -1
    outer loop
      vertex 2.06756 -9.6868 19
      vertex 3.38328 -8.53294 19
      vertex 2.18172 -9.82591 19
    endloop
  endfacet
  facet normal -0 0 -1
    outer loop
      vertex 3.38328 -8.53294 19
      vertex 2.06756 -9.6868 19
      vertex 3.18198 -8.31802 19
    endloop
  endfacet
  facet normal 0 0 -1
    outer loop
      vertex 1.94454 -9.55546 19
      vertex 3.18198 -8.31802 19
      vertex 2.06756 -9.6868 19
    endloop
  endfacet
  facet normal -0 0 -1
    outer loop
      vertex 3.18198 -8.31802 19
      vertex 1.94454 -9.55546 19
      vertex 2.96706 -8.11672 19
    endloop
  endfacet
  facet normal 0 0 -1
    outer loop
      vertex 1.8132 -9.43244 19
      vertex 2.96706 -8.11672 19
      vertex 1.94454 -9.55546 19
    endloop
  endfacet
  facet normal -0 0 -1
    outer loop
      vertex 2.96706 -8.11672 19
      vertex 1.8132 -9.43244 19
      vertex 2.73943 -7.92991 19
    endloop
  endfacet
  facet normal 0 0 -1
    outer loop
      vertex 1.67409 -9.31828 19
      vertex 2.73943 -7.92991 19
      vertex 1.8132 -9.43244 19
    endloop
  endfacet
  facet normal -0 0 -1
    outer loop
      vertex 2.73943 -7.92991 19
      vertex 1.67409 -9.31828 19
      vertex 2.50007 -7.75839 19
    endloop
  endfacet
  facet normal 0 0 -1
    outer loop
      vertex 1.52782 -9.21346 19
      vertex 2.50007 -7.75839 19
      vertex 1.67409 -9.31828 19
    endloop
  endfacet
  facet normal -0 0 -1
    outer loop
      vertex 2.50007 -7.75839 19
      vertex 1.52782 -9.21346 19
      vertex 2.25 -7.60289 19
    endloop
  endfacet
  facet normal 0 0 -1
    outer loop
      vertex 1.375 -9.11843 19
      vertex 2.25 -7.60289 19
      vertex 1.52782 -9.21346 19
    endloop
  endfacet
  facet normal -0 0 -1
    outer loop
      vertex 2.25 -7.60289 19
      vertex 1.375 -9.11843 19
      vertex 1.9903 -7.46407 19
    endloop
  endfacet
  facet normal 0 0 -1
    outer loop
      vertex 1.21629 -9.0336 19
      vertex 1.9903 -7.46407 19
      vertex 1.375 -9.11843 19
    endloop
  endfacet
  facet normal -0 0 -1
    outer loop
      vertex 1.9903 -7.46407 19
      vertex 1.21629 -9.0336 19
      vertex 1.72207 -7.34254 19
    endloop
  endfacet
  facet normal 0 0 -1
    outer loop
      vertex 1.05238 -8.95933 19
      vertex 1.72207 -7.34254 19
      vertex 1.21629 -9.0336 19
    endloop
  endfacet
  facet normal -0 0 -1
    outer loop
      vertex 1.72207 -7.34254 19
      vertex 1.05238 -8.95933 19
      vertex 1.44648 -7.23882 19
    endloop
  endfacet
  facet normal 0 0 -1
    outer loop
      vertex 0.883958 -8.89594 19
      vertex 1.44648 -7.23882 19
      vertex 1.05238 -8.95933 19
    endloop
  endfacet
  facet normal -0 0 -1
    outer loop
      vertex 1.44648 -7.23882 19
      vertex 0.883958 -8.89594 19
      vertex 1.16469 -7.15333 19
    endloop
  endfacet
  facet normal 0 0 -1
    outer loop
      vertex 0.711752 -8.8437 19
      vertex 1.16469 -7.15333 19
      vertex 0.883958 -8.89594 19
    endloop
  endfacet
  facet normal -0 0 -1
    outer loop
      vertex 1.16469 -7.15333 19
      vertex 0.711752 -8.8437 19
      vertex 0.877906 -7.08647 19
    endloop
  endfacet
  facet normal 0 0 -1
    outer loop
      vertex 0.536498 -8.80284 19
      vertex 0.877906 -7.08647 19
      vertex 0.711752 -8.8437 19
    endloop
  endfacet
  facet normal -0 0 -1
    outer loop
      vertex 0.877906 -7.08647 19
      vertex 0.536498 -8.80284 19
      vertex 0.587367 -7.0385 19
    endloop
  endfacet
  facet normal 0 0 -1
    outer loop
      vertex 0.358947 -8.77353 19
      vertex 0.587367 -7.0385 19
      vertex 0.536498 -8.80284 19
    endloop
  endfacet
  facet normal 0 0 -1
    outer loop
      vertex 0.358947 -8.77353 19
      vertex 0.294313 -7.00963 19
      vertex 0.587367 -7.0385 19
    endloop
  endfacet
  facet normal 0 0 -1
    outer loop
      vertex 0.179858 -8.75589 19
      vertex 0.294313 -7.00963 19
      vertex 0.358947 -8.77353 19
    endloop
  endfacet
  facet normal 0 0 -1
    outer loop
      vertex 0 -8.75 19
      vertex 0.294313 -7.00963 19
      vertex 0.179858 -8.75589 19
    endloop
  endfacet
  facet normal 0 0 -1
    outer loop
      vertex 0 -8.75 19
      vertex 0 -7 19
      vertex 0.294313 -7.00963 19
    endloop
  endfacet
  facet normal 0 0 -1
    outer loop
      vertex -0.179858 -8.75589 19
      vertex 0 -7 19
      vertex 0 -8.75 19
    endloop
  endfacet
  facet normal 0 0 -1
    outer loop
      vertex -0.179858 -8.75589 19
      vertex -0.294313 -7.00963 19
      vertex 0 -7 19
    endloop
  endfacet
  facet normal 0 0 -1
    outer loop
      vertex -0.358947 -8.77353 19
      vertex -0.294313 -7.00963 19
      vertex -0.179858 -8.75589 19
    endloop
  endfacet
  facet normal 0 0 -1
    outer loop
      vertex -0.587367 -7.0385 19
      vertex -0.358947 -8.77353 19
      vertex -0.536498 -8.80284 19
    endloop
  endfacet
  facet normal 0 0 -1
    outer loop
      vertex -0.358947 -8.77353 19
      vertex -0.587367 -7.0385 19
      vertex -0.294313 -7.00963 19
    endloop
  endfacet
  facet normal 0 0 -1
    outer loop
      vertex -0.877906 -7.08647 19
      vertex -0.536498 -8.80284 19
      vertex -0.711752 -8.8437 19
    endloop
  endfacet
  facet normal 0 0 -1
    outer loop
      vertex -0.536498 -8.80284 19
      vertex -0.877906 -7.08647 19
      vertex -0.587367 -7.0385 19
    endloop
  endfacet
  facet normal 0 0 -1
    outer loop
      vertex -1.16469 -7.15333 19
      vertex -0.711752 -8.8437 19
      vertex -0.883958 -8.89594 19
    endloop
  endfacet
  facet normal 0 0 -1
    outer loop
      vertex -1.44648 -7.23882 19
      vertex -0.883958 -8.89594 19
      vertex -1.05238 -8.95933 19
    endloop
  endfacet
  facet normal 0 0 -1
    outer loop
      vertex -0.711752 -8.8437 19
      vertex -1.16469 -7.15333 19
      vertex -0.877906 -7.08647 19
    endloop
  endfacet
  facet normal 0 0 -1
    outer loop
      vertex -1.72207 -7.34254 19
      vertex -1.05238 -8.95933 19
      vertex -1.21629 -9.0336 19
    endloop
  endfacet
  facet normal 0 0 -1
    outer loop
      vertex -1.9903 -7.46407 19
      vertex -1.21629 -9.0336 19
      vertex -1.375 -9.11843 19
    endloop
  endfacet
  facet normal 0 0 -1
    outer loop
      vertex -0.883958 -8.89594 19
      vertex -1.44648 -7.23882 19
      vertex -1.16469 -7.15333 19
    endloop
  endfacet
  facet normal 0 0 -1
    outer loop
      vertex -2.25 -7.60289 19
      vertex -1.375 -9.11843 19
      vertex -1.52782 -9.21346 19
    endloop
  endfacet
  facet normal 0 0 -1
    outer loop
      vertex -2.50007 -7.75839 19
      vertex -1.52782 -9.21346 19
      vertex -1.67409 -9.31828 19
    endloop
  endfacet
  facet normal 0 0 -1
    outer loop
      vertex -1.05238 -8.95933 19
      vertex -1.72207 -7.34254 19
      vertex -1.44648 -7.23882 19
    endloop
  endfacet
  facet normal 0 0 -1
    outer loop
      vertex -2.73943 -7.92991 19
      vertex -1.67409 -9.31828 19
      vertex -1.8132 -9.43244 19
    endloop
  endfacet
  facet normal 0 0 -1
    outer loop
      vertex -2.96706 -8.11672 19
      vertex -1.8132 -9.43244 19
      vertex -1.94454 -9.55546 19
    endloop
  endfacet
  facet normal 0 0 -1
    outer loop
      vertex -1.21629 -9.0336 19
      vertex -1.9903 -7.46407 19
      vertex -1.72207 -7.34254 19
    endloop
  endfacet
  facet normal 0 0 -1
    outer loop
      vertex -3.18198 -8.31802 19
      vertex -1.94454 -9.55546 19
      vertex -2.06756 -9.6868 19
    endloop
  endfacet
  facet normal 0 0 -1
    outer loop
      vertex -3.38328 -8.53294 19
      vertex -2.06756 -9.6868 19
      vertex -2.18172 -9.82591 19
    endloop
  endfacet
  facet normal 0 0 -1
    outer loop
      vertex -1.375 -9.11843 19
      vertex -2.25 -7.60289 19
      vertex -1.9903 -7.46407 19
    endloop
  endfacet
  facet normal 0 0 -1
    outer loop
      vertex -3.57009 -8.76057 19
      vertex -2.18172 -9.82591 19
      vertex -2.28654 -9.97218 19
    endloop
  endfacet
  facet normal 0 0 -1
    outer loop
      vertex -3.74161 -8.99993 19
      vertex -2.28654 -9.97218 19
      vertex -2.38157 -10.125 19
    endloop
  endfacet
  facet normal 0 0 -1
    outer loop
      vertex -3.89711 -9.25 19
      vertex -2.38157 -10.125 19
      vertex -2.4664 -10.2837 19
    endloop
  endfacet
  facet normal 0 0 -1
    outer loop
      vertex -1.52782 -9.21346 19
      vertex -2.50007 -7.75839 19
      vertex -2.25 -7.60289 19
    endloop
  endfacet
  facet normal 0 0 -1
    outer loop
      vertex -4.03593 -9.5097 19
      vertex -2.4664 -10.2837 19
      vertex -2.54067 -10.4476 19
    endloop
  endfacet
  facet normal 0 0 -1
    outer loop
      vertex -4.15746 -9.77793 19
      vertex -2.54067 -10.4476 19
      vertex -2.60406 -10.616 19
    endloop
  endfacet
  facet normal 0 0 -1
    outer loop
      vertex -4.26118 -10.0535 19
      vertex -2.60406 -10.616 19
      vertex -2.6563 -10.7882 19
    endloop
  endfacet
  facet normal 0 0 -1
    outer loop
      vertex -4.34667 -10.3353 19
      vertex -2.6563 -10.7882 19
      vertex -2.69716 -10.9635 19
    endloop
  endfacet
  facet normal 0 0 -1
    outer loop
      vertex -4.41353 -10.6221 19
      vertex -2.69716 -10.9635 19
      vertex -2.72647 -11.1411 19
    endloop
  endfacet
  facet normal 0 0 -1
    outer loop
      vertex -1.67409 -9.31828 19
      vertex -2.73943 -7.92991 19
      vertex -2.50007 -7.75839 19
    endloop
  endfacet
  facet normal 0 0 -1
    outer loop
      vertex -4.4615 -10.9126 19
      vertex -2.72647 -11.1411 19
      vertex -2.74411 -11.3201 19
    endloop
  endfacet
  facet normal 0 0 -1
    outer loop
      vertex -4.49037 -11.2057 19
      vertex -2.74411 -11.3201 19
      vertex -2.75 -11.5 19
    endloop
  endfacet
  facet normal 0 0 -1
    outer loop
      vertex -4.15746 -13.2221 19
      vertex -2.54067 -12.5524 19
      vertex -4.03593 -13.4903 19
    endloop
  endfacet
  facet normal 0 0 -1
    outer loop
      vertex -1.8132 -9.43244 19
      vertex -2.96706 -8.11672 19
      vertex -2.73943 -7.92991 19
    endloop
  endfacet
  facet normal -0 0 -1
    outer loop
      vertex -2.54067 -12.5524 19
      vertex -4.15746 -13.2221 19
      vertex -2.60406 -12.384 19
    endloop
  endfacet
  facet normal 0 0 -1
    outer loop
      vertex -1.94454 -9.55546 19
      vertex -3.18198 -8.31802 19
      vertex -2.96706 -8.11672 19
    endloop
  endfacet
  facet normal 0 0 -1
    outer loop
      vertex -4.26118 -12.9465 19
      vertex -2.60406 -12.384 19
      vertex -4.15746 -13.2221 19
    endloop
  endfacet
  facet normal 0 0 -1
    outer loop
      vertex -2.06756 -9.6868 19
      vertex -3.38328 -8.53294 19
      vertex -3.18198 -8.31802 19
    endloop
  endfacet
  facet normal -0 0 -1
    outer loop
      vertex -2.60406 -12.384 19
      vertex -4.26118 -12.9465 19
      vertex -2.6563 -12.2118 19
    endloop
  endfacet
  facet normal 0 0 -1
    outer loop
      vertex -2.18172 -9.82591 19
      vertex -3.57009 -8.76057 19
      vertex -3.38328 -8.53294 19
    endloop
  endfacet
  facet normal 0 0 -1
    outer loop
      vertex -4.34667 -12.6647 19
      vertex -2.6563 -12.2118 19
      vertex -4.26118 -12.9465 19
    endloop
  endfacet
  facet normal 0 0 -1
    outer loop
      vertex -2.28654 -9.97218 19
      vertex -3.74161 -8.99993 19
      vertex -3.57009 -8.76057 19
    endloop
  endfacet
  facet normal -0 0 -1
    outer loop
      vertex -2.6563 -12.2118 19
      vertex -4.34667 -12.6647 19
      vertex -2.69716 -12.0365 19
    endloop
  endfacet
  facet normal 0 0 -1
    outer loop
      vertex -2.38157 -10.125 19
      vertex -3.89711 -9.25 19
      vertex -3.74161 -8.99993 19
    endloop
  endfacet
  facet normal 0 0 -1
    outer loop
      vertex -4.41353 -12.3779 19
      vertex -2.69716 -12.0365 19
      vertex -4.34667 -12.6647 19
    endloop
  endfacet
  facet normal 0 0 -1
    outer loop
      vertex -2.4664 -10.2837 19
      vertex -4.03593 -9.5097 19
      vertex -3.89711 -9.25 19
    endloop
  endfacet
  facet normal -0 0 -1
    outer loop
      vertex -2.69716 -12.0365 19
      vertex -4.41353 -12.3779 19
      vertex -2.72647 -11.8589 19
    endloop
  endfacet
  facet normal 0 0 -1
    outer loop
      vertex -2.54067 -10.4476 19
      vertex -4.15746 -9.77793 19
      vertex -4.03593 -9.5097 19
    endloop
  endfacet
  facet normal 0 0 -1
    outer loop
      vertex -4.4615 -12.0874 19
      vertex -2.72647 -11.8589 19
      vertex -4.41353 -12.3779 19
    endloop
  endfacet
  facet normal 0 0 -1
    outer loop
      vertex -2.60406 -10.616 19
      vertex -4.26118 -10.0535 19
      vertex -4.15746 -9.77793 19
    endloop
  endfacet
  facet normal -0 0 -1
    outer loop
      vertex -2.72647 -11.8589 19
      vertex -4.4615 -12.0874 19
      vertex -2.74411 -11.6799 19
    endloop
  endfacet
  facet normal 0 0 -1
    outer loop
      vertex -2.6563 -10.7882 19
      vertex -4.34667 -10.3353 19
      vertex -4.26118 -10.0535 19
    endloop
  endfacet
  facet normal 0 0 -1
    outer loop
      vertex -4.49037 -11.7943 19
      vertex -2.74411 -11.6799 19
      vertex -4.4615 -12.0874 19
    endloop
  endfacet
  facet normal 0 0 -1
    outer loop
      vertex -2.69716 -10.9635 19
      vertex -4.41353 -10.6221 19
      vertex -4.34667 -10.3353 19
    endloop
  endfacet
  facet normal -0 0 -1
    outer loop
      vertex -2.74411 -11.6799 19
      vertex -4.49037 -11.7943 19
      vertex -2.75 -11.5 19
    endloop
  endfacet
  facet normal 0 0 -1
    outer loop
      vertex -2.72647 -11.1411 19
      vertex -4.4615 -10.9126 19
      vertex -4.41353 -10.6221 19
    endloop
  endfacet
  facet normal 0 0 -1
    outer loop
      vertex -4.5 -11.5 19
      vertex -2.75 -11.5 19
      vertex -4.49037 -11.7943 19
    endloop
  endfacet
  facet normal 0 0 -1
    outer loop
      vertex -2.74411 -11.3201 19
      vertex -4.49037 -11.2057 19
      vertex -4.4615 -10.9126 19
    endloop
  endfacet
  facet normal 0 0 -1
    outer loop
      vertex -2.75 -11.5 19
      vertex -4.5 -11.5 19
      vertex -4.49037 -11.2057 19
    endloop
  endfacet
  facet normal 0.881914 -0.47141 2.75357e-19
    outer loop
      vertex -2.4664 -10.2837 26
      vertex -2.38157 -10.125 19
      vertex -2.38157 -10.125 26
    endloop
  endfacet
  facet normal 0.881914 -0.47141 2.75357e-19
    outer loop
      vertex -2.38157 -10.125 19
      vertex -2.4664 -10.2837 26
      vertex -2.4664 -10.2837 19
    endloop
  endfacet
  facet normal -0.910847 0.412743 3.25666e-19
    outer loop
      vertex 2.4664 -12.7163 19
      vertex 2.54067 -12.5524 26
      vertex 2.54067 -12.5524 19
    endloop
  endfacet
  facet normal -0.910847 0.412743 3.25666e-19
    outer loop
      vertex 2.54067 -12.5524 26
      vertex 2.4664 -12.7163 19
      vertex 2.4664 -12.7163 26
    endloop
  endfacet
  facet normal -0.290294 -0.956937 0
    outer loop
      vertex 0.711752 -8.8437 19
      vertex 0.883958 -8.89594 26
      vertex 0.711752 -8.8437 26
    endloop
  endfacet
  facet normal -0.290294 -0.956937 -0
    outer loop
      vertex 0.883958 -8.89594 26
      vertex 0.711752 -8.8437 19
      vertex 0.883958 -8.89594 19
    endloop
  endfacet
  facet normal 0.634179 0.773187 -0
    outer loop
      vertex -1.67409 -13.6817 19
      vertex -1.8132 -13.5676 26
      vertex -1.67409 -13.6817 26
    endloop
  endfacet
  facet normal 0.634179 0.773187 0
    outer loop
      vertex -1.8132 -13.5676 26
      vertex -1.67409 -13.6817 19
      vertex -1.8132 -13.5676 19
    endloop
  endfacet
  facet normal 0.773001 0.634405 -4.13479e-19
    outer loop
      vertex -2.06756 -13.3132 26
      vertex -2.18172 -13.1741 19
      vertex -2.18172 -13.1741 26
    endloop
  endfacet
  facet normal 0.773001 0.634405 -4.13479e-19
    outer loop
      vertex -2.18172 -13.1741 19
      vertex -2.06756 -13.3132 26
      vertex -2.06756 -13.3132 19
    endloop
  endfacet
  facet normal 0.162821 0.986656 -0
    outer loop
      vertex -0.358947 -14.2265 19
      vertex -0.536498 -14.1972 26
      vertex -0.358947 -14.2265 26
    endloop
  endfacet
  facet normal 0.162821 0.986656 0
    outer loop
      vertex -0.536498 -14.1972 26
      vertex -0.358947 -14.2265 19
      vertex -0.536498 -14.1972 19
    endloop
  endfacet
  facet normal 0.097804 0.995206 -0
    outer loop
      vertex -0.179858 -14.2441 19
      vertex -0.358947 -14.2265 26
      vertex -0.179858 -14.2441 26
    endloop
  endfacet
  facet normal 0.097804 0.995206 0
    outer loop
      vertex -0.358947 -14.2265 26
      vertex -0.179858 -14.2441 19
      vertex -0.358947 -14.2265 19
    endloop
  endfacet
  facet normal 0.634378 -0.773023 0
    outer loop
      vertex -1.8132 -9.43244 19
      vertex -1.67409 -9.31828 26
      vertex -1.8132 -9.43244 26
    endloop
  endfacet
  facet normal 0.634378 -0.773023 0
    outer loop
      vertex -1.67409 -9.31828 26
      vertex -1.8132 -9.43244 19
      vertex -1.67409 -9.31828 19
    endloop
  endfacet
  facet normal -0.683849 0.729624 0
    outer loop
      vertex 1.94454 -13.4445 19
      vertex 1.8132 -13.5676 26
      vertex 1.94454 -13.4445 26
    endloop
  endfacet
  facet normal -0.683849 0.729624 0
    outer loop
      vertex 1.8132 -13.5676 26
      vertex 1.94454 -13.4445 19
      vertex 1.8132 -13.5676 19
    endloop
  endfacet
  facet normal 0.412861 0.910794 -0
    outer loop
      vertex -1.05238 -14.0407 19
      vertex -1.21629 -13.9664 26
      vertex -1.05238 -14.0407 26
    endloop
  endfacet
  facet normal 0.412861 0.910794 0
    outer loop
      vertex -1.21629 -13.9664 26
      vertex -1.05238 -14.0407 19
      vertex -1.21629 -13.9664 19
    endloop
  endfacet
  facet normal 0.58242 0.812888 -0
    outer loop
      vertex -1.52782 -13.7865 19
      vertex -1.67409 -13.6817 26
      vertex -1.52782 -13.7865 26
    endloop
  endfacet
  facet normal 0.58242 0.812888 0
    outer loop
      vertex -1.67409 -13.6817 26
      vertex -1.52782 -13.7865 19
      vertex -1.67409 -13.6817 19
    endloop
  endfacet
  facet normal -0.162901 -0.986642 0
    outer loop
      vertex 0.587367 -7.0385 0
      vertex 0.877906 -7.08647 19
      vertex 0.587367 -7.0385 19
    endloop
  endfacet
  facet normal -0.162901 -0.986642 -0
    outer loop
      vertex 0.877906 -7.08647 19
      vertex 0.587367 -7.0385 0
      vertex 0.877906 -7.08647 0
    endloop
  endfacet
  facet normal 0.986639 -0.162923 -9.44208e-20
    outer loop
      vertex -4.4615 -10.9126 19
      vertex -4.41353 -10.6221 0
      vertex -4.41353 -10.6221 19
    endloop
  endfacet
  facet normal 0.986639 -0.162923 -9.44208e-20
    outer loop
      vertex -4.41353 -10.6221 0
      vertex -4.4615 -10.9126 19
      vertex -4.4615 -10.9126 0
    endloop
  endfacet
  facet normal 0.973886 0.227036 1.74499e-19
    outer loop
      vertex -4.34667 -12.6647 19
      vertex -4.41353 -12.3779 0
      vertex -4.41353 -12.3779 19
    endloop
  endfacet
  facet normal 0.973886 0.227036 1.74499e-19
    outer loop
      vertex -4.41353 -12.3779 0
      vertex -4.34667 -12.6647 19
      vertex -4.34667 -12.6647 0
    endloop
  endfacet
  facet normal 0.528059 -0.849208 0
    outer loop
      vertex -2.50007 -7.75839 0
      vertex -2.25 -7.60289 19
      vertex -2.50007 -7.75839 19
    endloop
  endfacet
  facet normal 0.528059 -0.849208 0
    outer loop
      vertex -2.25 -7.60289 19
      vertex -2.50007 -7.75839 0
      vertex -2.25 -7.60289 0
    endloop
  endfacet
  facet normal 0.163001 0.986626 -0
    outer loop
      vertex -0.587367 -15.9615 0
      vertex -0.877906 -15.9135 19
      vertex -0.587367 -15.9615 19
    endloop
  endfacet
  facet normal 0.163001 0.986626 0
    outer loop
      vertex -0.877906 -15.9135 19
      vertex -0.587367 -15.9615 0
      vertex -0.877906 -15.9135 0
    endloop
  endfacet
  facet normal -0.528059 0.849208 0
    outer loop
      vertex 2.50007 -15.2416 0
      vertex 2.25 -15.3971 19
      vertex 2.50007 -15.2416 19
    endloop
  endfacet
  facet normal -0.528059 0.849208 0
    outer loop
      vertex 2.25 -15.3971 19
      vertex 2.50007 -15.2416 0
      vertex 2.25 -15.3971 0
    endloop
  endfacet
  facet normal -0.683602 0.729855 0
    outer loop
      vertex 3.18198 -14.682 0
      vertex 2.96706 -14.8833 19
      vertex 3.18198 -14.682 19
    endloop
  endfacet
  facet normal -0.683602 0.729855 0
    outer loop
      vertex 2.96706 -14.8833 19
      vertex 3.18198 -14.682 0
      vertex 2.96706 -14.8833 0
    endloop
  endfacet
  facet normal 0.956934 -0.290306 2.88841e-19
    outer loop
      vertex -4.34667 -10.3353 19
      vertex -4.26118 -10.0535 0
      vertex -4.26118 -10.0535 19
    endloop
  endfacet
  facet normal 0.956934 -0.290306 2.88841e-19
    outer loop
      vertex -4.26118 -10.0535 0
      vertex -4.34667 -10.3353 19
      vertex -4.34667 -10.3353 0
    endloop
  endfacet
  facet normal 0.683602 -0.729855 0
    outer loop
      vertex -3.18198 -8.31802 0
      vertex -2.96706 -8.11672 19
      vertex -3.18198 -8.31802 19
    endloop
  endfacet
  facet normal 0.683602 -0.729855 0
    outer loop
      vertex -2.96706 -8.11672 19
      vertex -3.18198 -8.31802 0
      vertex -2.96706 -8.11672 0
    endloop
  endfacet
  facet normal 0.634391 -0.773012 0
    outer loop
      vertex -2.96706 -8.11672 0
      vertex -2.73943 -7.92991 19
      vertex -2.96706 -8.11672 19
    endloop
  endfacet
  facet normal 0.634391 -0.773012 0
    outer loop
      vertex -2.73943 -7.92991 19
      vertex -2.96706 -8.11672 0
      vertex -2.73943 -7.92991 0
    endloop
  endfacet
  facet normal -0.956934 0.290306 2.88841e-19
    outer loop
      vertex 4.26118 -12.9465 0
      vertex 4.34667 -12.6647 19
      vertex 4.34667 -12.6647 0
    endloop
  endfacet
  facet normal -0.956934 0.290306 2.88841e-19
    outer loop
      vertex 4.34667 -12.6647 19
      vertex 4.26118 -12.9465 0
      vertex 4.26118 -12.9465 19
    endloop
  endfacet
  facet normal -0.290316 -0.956931 0
    outer loop
      vertex 1.16469 -7.15333 0
      vertex 1.44648 -7.23882 19
      vertex 1.16469 -7.15333 19
    endloop
  endfacet
  facet normal -0.290316 -0.956931 -0
    outer loop
      vertex 1.44648 -7.23882 19
      vertex 1.16469 -7.15333 0
      vertex 1.44648 -7.23882 0
    endloop
  endfacet
  facet normal -0.226855 0.973929 0
    outer loop
      vertex 1.16469 -15.8467 0
      vertex 0.877906 -15.9135 19
      vertex 1.16469 -15.8467 19
    endloop
  endfacet
  facet normal -0.226855 0.973929 0
    outer loop
      vertex 0.877906 -15.9135 19
      vertex 1.16469 -15.8467 0
      vertex 0.877906 -15.9135 0
    endloop
  endfacet
  facet normal -0.634371 0.773029 0
    outer loop
      vertex 2.96706 -14.8833 0
      vertex 2.73943 -15.0701 19
      vertex 2.96706 -14.8833 19
    endloop
  endfacet
  facet normal -0.634371 0.773029 0
    outer loop
      vertex 2.73943 -15.0701 19
      vertex 2.96706 -14.8833 0
      vertex 2.73943 -15.0701 0
    endloop
  endfacet
  facet normal -0.812851 -0.582471 1.55473e-19
    outer loop
      vertex 3.74161 -8.99993 0
      vertex 3.57009 -8.76057 19
      vertex 3.57009 -8.76057 0
    endloop
  endfacet
  facet normal -0.812851 -0.582471 1.55473e-19
    outer loop
      vertex 3.57009 -8.76057 19
      vertex 3.74161 -8.99993 0
      vertex 3.74161 -8.99993 19
    endloop
  endfacet
  facet normal 0.910851 0.412736 -4.95101e-19
    outer loop
      vertex -4.03593 -13.4903 19
      vertex -4.15746 -13.2221 0
      vertex -4.15746 -13.2221 19
    endloop
  endfacet
  facet normal 0.910851 0.412736 -4.95101e-19
    outer loop
      vertex -4.15746 -13.2221 0
      vertex -4.03593 -13.4903 19
      vertex -4.03593 -13.4903 0
    endloop
  endfacet
  facet normal -0.973886 -0.227036 1.74499e-19
    outer loop
      vertex 4.41353 -10.6221 0
      vertex 4.34667 -10.3353 19
      vertex 4.34667 -10.3353 0
    endloop
  endfacet
  facet normal -0.973886 -0.227036 1.74499e-19
    outer loop
      vertex 4.34667 -10.3353 19
      vertex 4.41353 -10.6221 0
      vertex 4.41353 -10.6221 19
    endloop
  endfacet
  facet normal 0.999465 -0.0327042 3.14059e-20
    outer loop
      vertex -4.5 -11.5 19
      vertex -4.49037 -11.2057 0
      vertex -4.49037 -11.2057 19
    endloop
  endfacet
  facet normal 0.999465 -0.0327042 3.14059e-20
    outer loop
      vertex -4.49037 -11.2057 0
      vertex -4.5 -11.5 19
      vertex -4.5 -11.5 0
    endloop
  endfacet
  facet normal -0.910851 0.412736 4.95101e-19
    outer loop
      vertex 4.03593 -13.4903 0
      vertex 4.15746 -13.2221 19
      vertex 4.15746 -13.2221 0
    endloop
  endfacet
  facet normal -0.910851 0.412736 4.95101e-19
    outer loop
      vertex 4.15746 -13.2221 19
      vertex 4.03593 -13.4903 0
      vertex 4.03593 -13.4903 19
    endloop
  endfacet
  facet normal 0.995184 0.0980244 -4.47866e-20
    outer loop
      vertex -4.4615 -12.0874 19
      vertex -4.49037 -11.7943 0
      vertex -4.49037 -11.7943 19
    endloop
  endfacet
  facet normal 0.995184 0.0980244 -4.47866e-20
    outer loop
      vertex -4.49037 -11.7943 0
      vertex -4.4615 -12.0874 19
      vertex -4.4615 -12.0874 0
    endloop
  endfacet
  facet normal 0.935903 -0.352258 1.45476e-19
    outer loop
      vertex -4.26118 -10.0535 19
      vertex -4.15746 -9.77793 0
      vertex -4.15746 -9.77793 19
    endloop
  endfacet
  facet normal 0.935903 -0.352258 1.45476e-19
    outer loop
      vertex -4.15746 -9.77793 0
      vertex -4.26118 -10.0535 19
      vertex -4.26118 -10.0535 0
    endloop
  endfacet
  facet normal -0.683602 -0.729855 0
    outer loop
      vertex 2.96706 -8.11672 0
      vertex 3.18198 -8.31802 19
      vertex 2.96706 -8.11672 19
    endloop
  endfacet
  facet normal -0.683602 -0.729855 -0
    outer loop
      vertex 3.18198 -8.31802 19
      vertex 2.96706 -8.11672 0
      vertex 3.18198 -8.31802 0
    endloop
  endfacet
  facet normal 0.290347 0.956922 -0
    outer loop
      vertex -1.16469 -15.8467 0
      vertex -1.44648 -15.7612 19
      vertex -1.16469 -15.8467 19
    endloop
  endfacet
  facet normal 0.290347 0.956922 0
    outer loop
      vertex -1.44648 -15.7612 19
      vertex -1.16469 -15.8467 0
      vertex -1.44648 -15.7612 0
    endloop
  endfacet
  facet normal -0.412895 0.910779 0
    outer loop
      vertex 1.9903 -15.5359 0
      vertex 1.72207 -15.6575 19
      vertex 1.9903 -15.5359 19
    endloop
  endfacet
  facet normal -0.412895 0.910779 0
    outer loop
      vertex 1.72207 -15.6575 19
      vertex 1.9903 -15.5359 0
      vertex 1.72207 -15.6575 0
    endloop
  endfacet
  facet normal 0.0980397 -0.995183 0
    outer loop
      vertex -0.587367 -7.0385 0
      vertex -0.294313 -7.00963 19
      vertex -0.587367 -7.0385 19
    endloop
  endfacet
  facet normal 0.0980397 -0.995183 0
    outer loop
      vertex -0.294313 -7.00963 19
      vertex -0.587367 -7.0385 0
      vertex -0.294313 -7.00963 0
    endloop
  endfacet
  facet normal -0.528059 -0.849208 0
    outer loop
      vertex 2.25 -7.60289 0
      vertex 2.50007 -7.75839 19
      vertex 2.25 -7.60289 19
    endloop
  endfacet
  facet normal -0.528059 -0.849208 -0
    outer loop
      vertex 2.50007 -7.75839 19
      vertex 2.25 -7.60289 0
      vertex 2.50007 -7.75839 0
    endloop
  endfacet
  facet normal -0.032601 0.999468 0
    outer loop
      vertex 0.294313 -15.9904 0
      vertex 0 -16 19
      vertex 0.294313 -15.9904 19
    endloop
  endfacet
  facet normal -0.032601 0.999468 0
    outer loop
      vertex 0 -16 19
      vertex 0.294313 -15.9904 0
      vertex 0 -16 0
    endloop
  endfacet
  facet normal -0.352176 0.935934 0
    outer loop
      vertex 1.72207 -15.6575 0
      vertex 1.44648 -15.7612 19
      vertex 1.72207 -15.6575 19
    endloop
  endfacet
  facet normal -0.352176 0.935934 0
    outer loop
      vertex 1.44648 -15.7612 19
      vertex 1.72207 -15.6575 0
      vertex 1.44648 -15.7612 0
    endloop
  endfacet
  facet normal -0.986639 -0.162923 9.44208e-20
    outer loop
      vertex 4.4615 -10.9126 0
      vertex 4.41353 -10.6221 19
      vertex 4.41353 -10.6221 0
    endloop
  endfacet
  facet normal -0.986639 -0.162923 9.44208e-20
    outer loop
      vertex 4.41353 -10.6221 19
      vertex 4.4615 -10.9126 0
      vertex 4.4615 -10.9126 19
    endloop
  endfacet
  facet normal -0.582471 -0.812851 0
    outer loop
      vertex 2.50007 -7.75839 0
      vertex 2.73943 -7.92991 19
      vertex 2.50007 -7.75839 19
    endloop
  endfacet
  facet normal -0.582471 -0.812851 -0
    outer loop
      vertex 2.73943 -7.92991 19
      vertex 2.50007 -7.75839 0
      vertex 2.73943 -7.92991 0
    endloop
  endfacet
  facet normal -0.471416 -0.881911 0
    outer loop
      vertex 1.9903 -7.46407 0
      vertex 2.25 -7.60289 19
      vertex 1.9903 -7.46407 19
    endloop
  endfacet
  facet normal -0.471416 -0.881911 -0
    outer loop
      vertex 2.25 -7.60289 19
      vertex 1.9903 -7.46407 0
      vertex 2.25 -7.60289 0
    endloop
  endfacet
  facet normal -0.773108 0.634274 5.01072e-19
    outer loop
      vertex 3.38328 -14.4671 0
      vertex 3.57009 -14.2394 19
      vertex 3.57009 -14.2394 0
    endloop
  endfacet
  facet normal -0.773108 0.634274 5.01072e-19
    outer loop
      vertex 3.57009 -14.2394 19
      vertex 3.38328 -14.4671 0
      vertex 3.38328 -14.4671 19
    endloop
  endfacet
  facet normal -0.999465 -0.0327042 -3.14059e-20
    outer loop
      vertex 4.5 -11.5 0
      vertex 4.49037 -11.2057 19
      vertex 4.49037 -11.2057 0
    endloop
  endfacet
  facet normal -0.999465 -0.0327042 -3.14059e-20
    outer loop
      vertex 4.49037 -11.2057 19
      vertex 4.5 -11.5 0
      vertex 4.5 -11.5 19
    endloop
  endfacet
  facet normal -0.881911 0.471416 6.34668e-20
    outer loop
      vertex 3.89711 -13.75 0
      vertex 4.03593 -13.4903 19
      vertex 4.03593 -13.4903 0
    endloop
  endfacet
  facet normal -0.881911 0.471416 6.34668e-20
    outer loop
      vertex 4.03593 -13.4903 19
      vertex 3.89711 -13.75 0
      vertex 3.89711 -13.75 19
    endloop
  endfacet
  facet normal 0.849236 0.528014 -4.1616e-19
    outer loop
      vertex -3.74161 -14.0001 19
      vertex -3.89711 -13.75 0
      vertex -3.89711 -13.75 19
    endloop
  endfacet
  facet normal 0.849236 0.528014 -4.1616e-19
    outer loop
      vertex -3.89711 -13.75 0
      vertex -3.74161 -14.0001 19
      vertex -3.74161 -14.0001 0
    endloop
  endfacet
  facet normal -0.973886 0.227036 -1.74499e-19
    outer loop
      vertex 4.34667 -12.6647 0
      vertex 4.41353 -12.3779 19
      vertex 4.41353 -12.3779 0
    endloop
  endfacet
  facet normal -0.973886 0.227036 -1.74499e-19
    outer loop
      vertex 4.41353 -12.3779 19
      vertex 4.34667 -12.6647 0
      vertex 4.34667 -12.6647 19
    endloop
  endfacet
  facet normal -0.0981406 0.995173 0
    outer loop
      vertex 0.587367 -15.9615 0
      vertex 0.294313 -15.9904 19
      vertex 0.587367 -15.9615 19
    endloop
  endfacet
  facet normal -0.0981406 0.995173 0
    outer loop
      vertex 0.294313 -15.9904 19
      vertex 0.587367 -15.9615 0
      vertex 0.294313 -15.9904 0
    endloop
  endfacet
  facet normal -0.881911 -0.471416 -6.34668e-20
    outer loop
      vertex 4.03593 -9.5097 0
      vertex 3.89711 -9.25 19
      vertex 3.89711 -9.25 0
    endloop
  endfacet
  facet normal -0.881911 -0.471416 -6.34668e-20
    outer loop
      vertex 3.89711 -9.25 19
      vertex 4.03593 -9.5097 0
      vertex 4.03593 -9.5097 19
    endloop
  endfacet
  facet normal -0.910868 -0.412697 -3.3983e-19
    outer loop
      vertex 4.15746 -9.77793 0
      vertex 4.03593 -9.5097 19
      vertex 4.03593 -9.5097 0
    endloop
  endfacet
  facet normal -0.910868 -0.412697 -3.3983e-19
    outer loop
      vertex 4.03593 -9.5097 19
      vertex 4.15746 -9.77793 0
      vertex 4.15746 -9.77793 19
    endloop
  endfacet
  facet normal -0.634391 -0.773012 0
    outer loop
      vertex 2.73943 -7.92991 0
      vertex 2.96706 -8.11672 19
      vertex 2.73943 -7.92991 19
    endloop
  endfacet
  facet normal -0.634391 -0.773012 -0
    outer loop
      vertex 2.96706 -8.11672 19
      vertex 2.73943 -7.92991 0
      vertex 2.96706 -8.11672 0
    endloop
  endfacet
  facet normal -0.935915 0.352225 -3.2149e-20
    outer loop
      vertex 4.15746 -13.2221 0
      vertex 4.26118 -12.9465 19
      vertex 4.26118 -12.9465 0
    endloop
  endfacet
  facet normal -0.935915 0.352225 -3.2149e-20
    outer loop
      vertex 4.26118 -12.9465 19
      vertex 4.15746 -13.2221 0
      vertex 4.15746 -13.2221 19
    endloop
  endfacet
  facet normal 0.973886 -0.227036 -1.74499e-19
    outer loop
      vertex -4.41353 -10.6221 19
      vertex -4.34667 -10.3353 0
      vertex -4.34667 -10.3353 19
    endloop
  endfacet
  facet normal 0.973886 -0.227036 -1.74499e-19
    outer loop
      vertex -4.34667 -10.3353 0
      vertex -4.41353 -10.6221 19
      vertex -4.41353 -10.6221 0
    endloop
  endfacet
  facet normal -0.729823 0.683636 -2.28112e-19
    outer loop
      vertex 3.18198 -14.682 0
      vertex 3.38328 -14.4671 19
      vertex 3.38328 -14.4671 0
    endloop
  endfacet
  facet normal -0.729823 0.683636 -2.28112e-19
    outer loop
      vertex 3.38328 -14.4671 19
      vertex 3.18198 -14.682 0
      vertex 3.18198 -14.682 19
    endloop
  endfacet
  facet normal -0.163001 0.986626 0
    outer loop
      vertex 0.877906 -15.9135 0
      vertex 0.587367 -15.9615 19
      vertex 0.877906 -15.9135 19
    endloop
  endfacet
  facet normal -0.163001 0.986626 0
    outer loop
      vertex 0.587367 -15.9615 19
      vertex 0.877906 -15.9135 0
      vertex 0.587367 -15.9615 0
    endloop
  endfacet
  facet normal 0.162901 -0.986642 0
    outer loop
      vertex -0.877906 -7.08647 0
      vertex -0.587367 -7.0385 19
      vertex -0.877906 -7.08647 19
    endloop
  endfacet
  facet normal 0.162901 -0.986642 0
    outer loop
      vertex -0.587367 -7.0385 19
      vertex -0.877906 -7.08647 0
      vertex -0.587367 -7.0385 0
    endloop
  endfacet
  facet normal -0.995184 -0.0980244 -4.47866e-20
    outer loop
      vertex 4.49037 -11.2057 0
      vertex 4.4615 -10.9126 19
      vertex 4.4615 -10.9126 0
    endloop
  endfacet
  facet normal -0.995184 -0.0980244 -4.47866e-20
    outer loop
      vertex 4.4615 -10.9126 19
      vertex 4.49037 -11.2057 0
      vertex 4.49037 -11.2057 19
    endloop
  endfacet
  facet normal 0.227048 -0.973883 0
    outer loop
      vertex -1.16469 -7.15333 0
      vertex -0.877906 -7.08647 19
      vertex -1.16469 -7.15333 19
    endloop
  endfacet
  facet normal 0.227048 -0.973883 0
    outer loop
      vertex -0.877906 -7.08647 19
      vertex -1.16469 -7.15333 0
      vertex -0.877906 -7.08647 0
    endloop
  endfacet
  facet normal 0.956934 0.290306 -2.88841e-19
    outer loop
      vertex -4.26118 -12.9465 19
      vertex -4.34667 -12.6647 0
      vertex -4.34667 -12.6647 19
    endloop
  endfacet
  facet normal 0.956934 0.290306 -2.88841e-19
    outer loop
      vertex -4.34667 -12.6647 0
      vertex -4.26118 -12.9465 19
      vertex -4.26118 -12.9465 0
    endloop
  endfacet
  facet normal 0.995184 -0.0980244 4.47866e-20
    outer loop
      vertex -4.49037 -11.2057 19
      vertex -4.4615 -10.9126 0
      vertex -4.4615 -10.9126 19
    endloop
  endfacet
  facet normal 0.995184 -0.0980244 4.47866e-20
    outer loop
      vertex -4.4615 -10.9126 0
      vertex -4.49037 -11.2057 19
      vertex -4.49037 -11.2057 0
    endloop
  endfacet
  facet normal -0.849208 -0.528059 -1.38546e-19
    outer loop
      vertex 3.89711 -9.25 0
      vertex 3.74161 -8.99993 19
      vertex 3.74161 -8.99993 0
    endloop
  endfacet
  facet normal -0.849208 -0.528059 -1.38546e-19
    outer loop
      vertex 3.74161 -8.99993 19
      vertex 3.89711 -9.25 0
      vertex 3.89711 -9.25 19
    endloop
  endfacet
  facet normal 0.999465 0.0327042 -3.14059e-20
    outer loop
      vertex -4.49037 -11.7943 19
      vertex -4.5 -11.5 0
      vertex -4.5 -11.5 19
    endloop
  endfacet
  facet normal 0.999465 0.0327042 -3.14059e-20
    outer loop
      vertex -4.5 -11.5 0
      vertex -4.49037 -11.7943 19
      vertex -4.49037 -11.7943 0
    endloop
  endfacet
  facet normal 0.729823 0.683636 2.28112e-19
    outer loop
      vertex -3.18198 -14.682 19
      vertex -3.38328 -14.4671 0
      vertex -3.38328 -14.4671 19
    endloop
  endfacet
  facet normal 0.729823 0.683636 2.28112e-19
    outer loop
      vertex -3.38328 -14.4671 0
      vertex -3.18198 -14.682 19
      vertex -3.18198 -14.682 0
    endloop
  endfacet
  facet normal 0.582471 -0.812851 0
    outer loop
      vertex -2.73943 -7.92991 0
      vertex -2.50007 -7.75839 19
      vertex -2.73943 -7.92991 19
    endloop
  endfacet
  facet normal 0.582471 -0.812851 0
    outer loop
      vertex -2.50007 -7.75839 19
      vertex -2.73943 -7.92991 0
      vertex -2.50007 -7.75839 0
    endloop
  endfacet
  facet normal -0.812782 0.582568 -5.59302e-20
    outer loop
      vertex 3.57009 -14.2394 0
      vertex 3.74161 -14.0001 19
      vertex 3.74161 -14.0001 0
    endloop
  endfacet
  facet normal -0.812782 0.582568 -5.59302e-20
    outer loop
      vertex 3.74161 -14.0001 19
      vertex 3.57009 -14.2394 0
      vertex 3.57009 -14.2394 19
    endloop
  endfacet
  facet normal 0.0327028 -0.999465 0
    outer loop
      vertex -0.294313 -7.00963 0
      vertex 0 -7 19
      vertex -0.294313 -7.00963 19
    endloop
  endfacet
  facet normal 0.0327028 -0.999465 0
    outer loop
      vertex 0 -7 19
      vertex -0.294313 -7.00963 0
      vertex 0 -7 0
    endloop
  endfacet
  facet normal 0.910868 -0.412697 3.3983e-19
    outer loop
      vertex -4.15746 -9.77793 19
      vertex -4.03593 -9.5097 0
      vertex -4.03593 -9.5097 19
    endloop
  endfacet
  facet normal 0.910868 -0.412697 3.3983e-19
    outer loop
      vertex -4.03593 -9.5097 0
      vertex -4.15746 -9.77793 19
      vertex -4.15746 -9.77793 0
    endloop
  endfacet
  facet normal 0.935915 0.352225 3.2149e-20
    outer loop
      vertex -4.15746 -13.2221 19
      vertex -4.26118 -12.9465 0
      vertex -4.26118 -12.9465 19
    endloop
  endfacet
  facet normal 0.935915 0.352225 3.2149e-20
    outer loop
      vertex -4.26118 -12.9465 0
      vertex -4.15746 -13.2221 19
      vertex -4.15746 -13.2221 0
    endloop
  endfacet
  facet normal -0.956934 -0.290306 -2.88841e-19
    outer loop
      vertex 4.34667 -10.3353 0
      vertex 4.26118 -10.0535 19
      vertex 4.26118 -10.0535 0
    endloop
  endfacet
  facet normal -0.956934 -0.290306 -2.88841e-19
    outer loop
      vertex 4.26118 -10.0535 19
      vertex 4.34667 -10.3353 0
      vertex 4.34667 -10.3353 19
    endloop
  endfacet
  facet normal 0.352236 -0.935911 0
    outer loop
      vertex -1.72207 -7.34254 0
      vertex -1.44648 -7.23882 19
      vertex -1.72207 -7.34254 19
    endloop
  endfacet
  facet normal 0.352236 -0.935911 0
    outer loop
      vertex -1.44648 -7.23882 19
      vertex -1.72207 -7.34254 0
      vertex -1.44648 -7.23882 0
    endloop
  endfacet
  facet normal 0.729855 -0.683602 3.06604e-19
    outer loop
      vertex -3.38328 -8.53294 19
      vertex -3.18198 -8.31802 0
      vertex -3.18198 -8.31802 19
    endloop
  endfacet
  facet normal 0.729855 -0.683602 3.06604e-19
    outer loop
      vertex -3.18198 -8.31802 0
      vertex -3.38328 -8.53294 19
      vertex -3.38328 -8.53294 0
    endloop
  endfacet
  facet normal -0.0980397 -0.995183 0
    outer loop
      vertex 0.294313 -7.00963 0
      vertex 0.587367 -7.0385 19
      vertex 0.294313 -7.00963 19
    endloop
  endfacet
  facet normal -0.0980397 -0.995183 -0
    outer loop
      vertex 0.587367 -7.0385 19
      vertex 0.294313 -7.00963 0
      vertex 0.587367 -7.0385 0
    endloop
  endfacet
  facet normal -0.729855 -0.683602 -3.06604e-19
    outer loop
      vertex 3.38328 -8.53294 0
      vertex 3.18198 -8.31802 19
      vertex 3.18198 -8.31802 0
    endloop
  endfacet
  facet normal -0.729855 -0.683602 -3.06604e-19
    outer loop
      vertex 3.18198 -8.31802 19
      vertex 3.38328 -8.53294 0
      vertex 3.38328 -8.53294 19
    endloop
  endfacet
  facet normal -0.935903 -0.352258 -1.45476e-19
    outer loop
      vertex 4.26118 -10.0535 0
      vertex 4.15746 -9.77793 19
      vertex 4.15746 -9.77793 0
    endloop
  endfacet
  facet normal -0.935903 -0.352258 -1.45476e-19
    outer loop
      vertex 4.15746 -9.77793 19
      vertex 4.26118 -10.0535 0
      vertex 4.26118 -10.0535 19
    endloop
  endfacet
  facet normal 0.032601 0.999468 -0
    outer loop
      vertex 0 -16 0
      vertex -0.294313 -15.9904 19
      vertex 0 -16 19
    endloop
  endfacet
  facet normal 0.032601 0.999468 0
    outer loop
      vertex -0.294313 -15.9904 19
      vertex 0 -16 0
      vertex -0.294313 -15.9904 0
    endloop
  endfacet
  facet normal 0.412895 0.910779 -0
    outer loop
      vertex -1.72207 -15.6575 0
      vertex -1.9903 -15.5359 19
      vertex -1.72207 -15.6575 19
    endloop
  endfacet
  facet normal 0.412895 0.910779 0
    outer loop
      vertex -1.9903 -15.5359 19
      vertex -1.72207 -15.6575 0
      vertex -1.9903 -15.5359 0
    endloop
  endfacet
  facet normal 0.849208 -0.528059 1.38546e-19
    outer loop
      vertex -3.89711 -9.25 19
      vertex -3.74161 -8.99993 0
      vertex -3.74161 -8.99993 19
    endloop
  endfacet
  facet normal 0.849208 -0.528059 1.38546e-19
    outer loop
      vertex -3.74161 -8.99993 0
      vertex -3.89711 -9.25 19
      vertex -3.89711 -9.25 0
    endloop
  endfacet
  facet normal 0.352176 0.935934 -0
    outer loop
      vertex -1.44648 -15.7612 0
      vertex -1.72207 -15.6575 19
      vertex -1.44648 -15.7612 19
    endloop
  endfacet
  facet normal 0.352176 0.935934 0
    outer loop
      vertex -1.72207 -15.6575 19
      vertex -1.44648 -15.7612 0
      vertex -1.72207 -15.6575 0
    endloop
  endfacet
  facet normal -0.290347 0.956922 0
    outer loop
      vertex 1.44648 -15.7612 0
      vertex 1.16469 -15.8467 19
      vertex 1.44648 -15.7612 19
    endloop
  endfacet
  facet normal -0.290347 0.956922 0
    outer loop
      vertex 1.16469 -15.8467 19
      vertex 1.44648 -15.7612 0
      vertex 1.16469 -15.8467 0
    endloop
  endfacet
  facet normal -0.986639 0.162923 -9.44208e-20
    outer loop
      vertex 4.41353 -12.3779 0
      vertex 4.4615 -12.0874 19
      vertex 4.4615 -12.0874 0
    endloop
  endfacet
  facet normal -0.986639 0.162923 -9.44208e-20
    outer loop
      vertex 4.4615 -12.0874 19
      vertex 4.41353 -12.3779 0
      vertex 4.41353 -12.3779 19
    endloop
  endfacet
  facet normal -0.995184 0.0980244 4.47866e-20
    outer loop
      vertex 4.4615 -12.0874 0
      vertex 4.49037 -11.7943 19
      vertex 4.49037 -11.7943 0
    endloop
  endfacet
  facet normal -0.995184 0.0980244 4.47866e-20
    outer loop
      vertex 4.49037 -11.7943 19
      vertex 4.4615 -12.0874 0
      vertex 4.4615 -12.0874 19
    endloop
  endfacet
  facet normal -0.849236 0.528014 4.1616e-19
    outer loop
      vertex 3.74161 -14.0001 0
      vertex 3.89711 -13.75 19
      vertex 3.89711 -13.75 0
    endloop
  endfacet
  facet normal -0.849236 0.528014 4.1616e-19
    outer loop
      vertex 3.89711 -13.75 19
      vertex 3.74161 -14.0001 0
      vertex 3.74161 -14.0001 19
    endloop
  endfacet
  facet normal 0.986639 0.162923 9.44208e-20
    outer loop
      vertex -4.41353 -12.3779 19
      vertex -4.4615 -12.0874 0
      vertex -4.4615 -12.0874 19
    endloop
  endfacet
  facet normal 0.986639 0.162923 9.44208e-20
    outer loop
      vertex -4.4615 -12.0874 0
      vertex -4.41353 -12.3779 19
      vertex -4.41353 -12.3779 0
    endloop
  endfacet
  facet normal -0.999465 0.0327042 3.14059e-20
    outer loop
      vertex 4.49037 -11.7943 0
      vertex 4.5 -11.5 19
      vertex 4.5 -11.5 0
    endloop
  endfacet
  facet normal -0.999465 0.0327042 3.14059e-20
    outer loop
      vertex 4.5 -11.5 19
      vertex 4.49037 -11.7943 0
      vertex 4.49037 -11.7943 19
    endloop
  endfacet
  facet normal 0.683602 0.729855 -0
    outer loop
      vertex -2.96706 -14.8833 0
      vertex -3.18198 -14.682 19
      vertex -2.96706 -14.8833 19
    endloop
  endfacet
  facet normal 0.683602 0.729855 0
    outer loop
      vertex -3.18198 -14.682 19
      vertex -2.96706 -14.8833 0
      vertex -3.18198 -14.682 0
    endloop
  endfacet
  facet normal -0.0327028 -0.999465 0
    outer loop
      vertex 0 -7 0
      vertex 0.294313 -7.00963 19
      vertex 0 -7 19
    endloop
  endfacet
  facet normal -0.0327028 -0.999465 -0
    outer loop
      vertex 0.294313 -7.00963 19
      vertex 0 -7 0
      vertex 0.294313 -7.00963 0
    endloop
  endfacet
  facet normal -0.412697 -0.910868 0
    outer loop
      vertex 1.72207 -7.34254 0
      vertex 1.9903 -7.46407 19
      vertex 1.72207 -7.34254 19
    endloop
  endfacet
  facet normal -0.412697 -0.910868 -0
    outer loop
      vertex 1.9903 -7.46407 19
      vertex 1.72207 -7.34254 0
      vertex 1.9903 -7.46407 0
    endloop
  endfacet
  facet normal 0.290316 -0.956931 0
    outer loop
      vertex -1.44648 -7.23882 0
      vertex -1.16469 -7.15333 19
      vertex -1.44648 -7.23882 19
    endloop
  endfacet
  facet normal 0.290316 -0.956931 0
    outer loop
      vertex -1.16469 -7.15333 19
      vertex -1.44648 -7.23882 0
      vertex -1.16469 -7.15333 0
    endloop
  endfacet
  facet normal 0.412697 -0.910868 0
    outer loop
      vertex -1.9903 -7.46407 0
      vertex -1.72207 -7.34254 19
      vertex -1.9903 -7.46407 19
    endloop
  endfacet
  facet normal 0.412697 -0.910868 0
    outer loop
      vertex -1.72207 -7.34254 19
      vertex -1.9903 -7.46407 0
      vertex -1.72207 -7.34254 0
    endloop
  endfacet
  facet normal 0.226855 0.973929 -0
    outer loop
      vertex -0.877906 -15.9135 0
      vertex -1.16469 -15.8467 19
      vertex -0.877906 -15.9135 19
    endloop
  endfacet
  facet normal 0.226855 0.973929 0
    outer loop
      vertex -1.16469 -15.8467 19
      vertex -0.877906 -15.9135 0
      vertex -1.16469 -15.8467 0
    endloop
  endfacet
  facet normal 0.812851 -0.582471 -1.55473e-19
    outer loop
      vertex -3.74161 -8.99993 19
      vertex -3.57009 -8.76057 0
      vertex -3.57009 -8.76057 19
    endloop
  endfacet
  facet normal 0.812851 -0.582471 -1.55473e-19
    outer loop
      vertex -3.57009 -8.76057 0
      vertex -3.74161 -8.99993 19
      vertex -3.74161 -8.99993 0
    endloop
  endfacet
  facet normal -0.471364 0.881939 0
    outer loop
      vertex 2.25 -15.3971 0
      vertex 1.9903 -15.5359 19
      vertex 2.25 -15.3971 19
    endloop
  endfacet
  facet normal -0.471364 0.881939 0
    outer loop
      vertex 1.9903 -15.5359 19
      vertex 2.25 -15.3971 0
      vertex 1.9903 -15.5359 0
    endloop
  endfacet
  facet normal 0.773012 -0.634391 -5.47552e-19
    outer loop
      vertex -3.57009 -8.76057 19
      vertex -3.38328 -8.53294 0
      vertex -3.38328 -8.53294 19
    endloop
  endfacet
  facet normal 0.773012 -0.634391 -5.47552e-19
    outer loop
      vertex -3.38328 -8.53294 0
      vertex -3.57009 -8.76057 19
      vertex -3.57009 -8.76057 0
    endloop
  endfacet
  facet normal -0.773012 -0.634391 5.47552e-19
    outer loop
      vertex 3.57009 -8.76057 0
      vertex 3.38328 -8.53294 19
      vertex 3.38328 -8.53294 0
    endloop
  endfacet
  facet normal -0.773012 -0.634391 5.47552e-19
    outer loop
      vertex 3.38328 -8.53294 19
      vertex 3.57009 -8.76057 0
      vertex 3.57009 -8.76057 19
    endloop
  endfacet
  facet normal -0.227048 -0.973883 0
    outer loop
      vertex 0.877906 -7.08647 0
      vertex 1.16469 -7.15333 19
      vertex 0.877906 -7.08647 19
    endloop
  endfacet
  facet normal -0.227048 -0.973883 -0
    outer loop
      vertex 1.16469 -7.15333 19
      vertex 0.877906 -7.08647 0
      vertex 1.16469 -7.15333 0
    endloop
  endfacet
  facet normal 0.812782 0.582568 5.59302e-20
    outer loop
      vertex -3.57009 -14.2394 19
      vertex -3.74161 -14.0001 0
      vertex -3.74161 -14.0001 19
    endloop
  endfacet
  facet normal 0.812782 0.582568 5.59302e-20
    outer loop
      vertex -3.74161 -14.0001 0
      vertex -3.57009 -14.2394 19
      vertex -3.57009 -14.2394 0
    endloop
  endfacet
  facet normal 0.881911 -0.471416 6.34668e-20
    outer loop
      vertex -4.03593 -9.5097 19
      vertex -3.89711 -9.25 0
      vertex -3.89711 -9.25 19
    endloop
  endfacet
  facet normal 0.881911 -0.471416 6.34668e-20
    outer loop
      vertex -3.89711 -9.25 0
      vertex -4.03593 -9.5097 19
      vertex -4.03593 -9.5097 0
    endloop
  endfacet
  facet normal -0.582426 0.812884 0
    outer loop
      vertex 2.73943 -15.0701 0
      vertex 2.50007 -15.2416 19
      vertex 2.73943 -15.0701 19
    endloop
  endfacet
  facet normal -0.582426 0.812884 0
    outer loop
      vertex 2.50007 -15.2416 19
      vertex 2.73943 -15.0701 0
      vertex 2.50007 -15.2416 0
    endloop
  endfacet
  facet normal 0.0981406 0.995173 -0
    outer loop
      vertex -0.294313 -15.9904 0
      vertex -0.587367 -15.9615 19
      vertex -0.294313 -15.9904 19
    endloop
  endfacet
  facet normal 0.0981406 0.995173 0
    outer loop
      vertex -0.587367 -15.9615 19
      vertex -0.294313 -15.9904 0
      vertex -0.587367 -15.9615 0
    endloop
  endfacet
  facet normal -0.352236 -0.935911 0
    outer loop
      vertex 1.44648 -7.23882 0
      vertex 1.72207 -7.34254 19
      vertex 1.44648 -7.23882 19
    endloop
  endfacet
  facet normal -0.352236 -0.935911 -0
    outer loop
      vertex 1.72207 -7.34254 19
      vertex 1.44648 -7.23882 0
      vertex 1.72207 -7.34254 0
    endloop
  endfacet
  facet normal 0.528059 0.849208 -0
    outer loop
      vertex -2.25 -15.3971 0
      vertex -2.50007 -15.2416 19
      vertex -2.25 -15.3971 19
    endloop
  endfacet
  facet normal 0.528059 0.849208 0
    outer loop
      vertex -2.50007 -15.2416 19
      vertex -2.25 -15.3971 0
      vertex -2.50007 -15.2416 0
    endloop
  endfacet
  facet normal 0.881911 0.471416 -6.34668e-20
    outer loop
      vertex -3.89711 -13.75 19
      vertex -4.03593 -13.4903 0
      vertex -4.03593 -13.4903 19
    endloop
  endfacet
  facet normal 0.881911 0.471416 -6.34668e-20
    outer loop
      vertex -4.03593 -13.4903 0
      vertex -3.89711 -13.75 19
      vertex -3.89711 -13.75 0
    endloop
  endfacet
  facet normal 0.773108 0.634274 -5.01072e-19
    outer loop
      vertex -3.38328 -14.4671 19
      vertex -3.57009 -14.2394 0
      vertex -3.57009 -14.2394 19
    endloop
  endfacet
  facet normal 0.773108 0.634274 -5.01072e-19
    outer loop
      vertex -3.57009 -14.2394 0
      vertex -3.38328 -14.4671 19
      vertex -3.38328 -14.4671 0
    endloop
  endfacet
  facet normal 0.471416 -0.881911 0
    outer loop
      vertex -2.25 -7.60289 0
      vertex -1.9903 -7.46407 19
      vertex -2.25 -7.60289 19
    endloop
  endfacet
  facet normal 0.471416 -0.881911 0
    outer loop
      vertex -1.9903 -7.46407 19
      vertex -2.25 -7.60289 0
      vertex -1.9903 -7.46407 0
    endloop
  endfacet
  facet normal 0.471364 0.881939 -0
    outer loop
      vertex -1.9903 -15.5359 0
      vertex -2.25 -15.3971 19
      vertex -1.9903 -15.5359 19
    endloop
  endfacet
  facet normal 0.471364 0.881939 0
    outer loop
      vertex -2.25 -15.3971 19
      vertex -1.9903 -15.5359 0
      vertex -2.25 -15.3971 0
    endloop
  endfacet
  facet normal 0.634371 0.773029 -0
    outer loop
      vertex -2.73943 -15.0701 0
      vertex -2.96706 -14.8833 19
      vertex -2.73943 -15.0701 19
    endloop
  endfacet
  facet normal 0.634371 0.773029 0
    outer loop
      vertex -2.96706 -14.8833 19
      vertex -2.73943 -15.0701 0
      vertex -2.96706 -14.8833 0
    endloop
  endfacet
  facet normal 0.582426 0.812884 -0
    outer loop
      vertex -2.50007 -15.2416 0
      vertex -2.73943 -15.0701 19
      vertex -2.50007 -15.2416 19
    endloop
  endfacet
  facet normal 0.582426 0.812884 0
    outer loop
      vertex -2.73943 -15.0701 19
      vertex -2.50007 -15.2416 0
      vertex -2.73943 -15.0701 0
    endloop
  endfacet
  facet normal -0.995179 -0.0980724 8.59313e-20
    outer loop
      vertex 2.74411 11.6799 19
      vertex 2.72647 11.8589 26
      vertex 2.72647 11.8589 19
    endloop
  endfacet
  facet normal -0.995179 -0.0980724 8.59313e-20
    outer loop
      vertex 2.72647 11.8589 26
      vertex 2.74411 11.6799 19
      vertex 2.74411 11.6799 26
    endloop
  endfacet
  facet normal -0.999464 -0.0327229 4.44748e-20
    outer loop
      vertex 2.75 11.5 19
      vertex 2.74411 11.6799 26
      vertex 2.74411 11.6799 19
    endloop
  endfacet
  facet normal -0.999464 -0.0327229 4.44748e-20
    outer loop
      vertex 2.74411 11.6799 26
      vertex 2.75 11.5 19
      vertex 2.75 11.5 26
    endloop
  endfacet
  facet normal 0.812835 0.582494 3.46928e-19
    outer loop
      vertex -2.18172 9.82591 26
      vertex -2.28654 9.97218 19
      vertex -2.28654 9.97218 26
    endloop
  endfacet
  facet normal 0.812835 0.582494 3.46928e-19
    outer loop
      vertex -2.28654 9.97218 19
      vertex -2.18172 9.82591 26
      vertex -2.18172 9.82591 19
    endloop
  endfacet
  facet normal 0.973894 0.227001 2.5473e-19
    outer loop
      vertex -2.6563 10.7882 26
      vertex -2.69716 10.9635 19
      vertex -2.69716 10.9635 26
    endloop
  endfacet
  facet normal 0.973894 0.227001 2.5473e-19
    outer loop
      vertex -2.69716 10.9635 19
      vertex -2.6563 10.7882 26
      vertex -2.6563 10.7882 19
    endloop
  endfacet
  facet normal 0.352252 0.935905 -0
    outer loop
      vertex -0.883958 8.89594 19
      vertex -1.05238 8.95933 26
      vertex -0.883958 8.89594 26
    endloop
  endfacet
  facet normal 0.352252 0.935905 0
    outer loop
      vertex -1.05238 8.95933 26
      vertex -0.883958 8.89594 19
      vertex -1.05238 8.95933 19
    endloop
  endfacet
  facet normal 0.84917 -0.528119 -5.99307e-19
    outer loop
      vertex -2.38157 12.875 26
      vertex -2.28654 13.0278 19
      vertex -2.28654 13.0278 26
    endloop
  endfacet
  facet normal 0.84917 -0.528119 -5.99307e-19
    outer loop
      vertex -2.28654 13.0278 19
      vertex -2.38157 12.875 26
      vertex -2.38157 12.875 19
    endloop
  endfacet
  facet normal -0.352252 0.935905 0
    outer loop
      vertex 1.05238 8.95933 19
      vertex 0.883958 8.89594 26
      vertex 1.05238 8.95933 26
    endloop
  endfacet
  facet normal -0.352252 0.935905 0
    outer loop
      vertex 0.883958 8.89594 26
      vertex 1.05238 8.95933 19
      vertex 0.883958 8.89594 19
    endloop
  endfacet
  facet normal -0.227058 0.973881 0
    outer loop
      vertex 0.711752 8.8437 19
      vertex 0.536498 8.80284 26
      vertex 0.711752 8.8437 26
    endloop
  endfacet
  facet normal -0.227058 0.973881 0
    outer loop
      vertex 0.536498 8.80284 26
      vertex 0.711752 8.8437 19
      vertex 0.536498 8.80284 19
    endloop
  endfacet
  facet normal 0.93589 -0.352293 -6.52885e-19
    outer loop
      vertex -2.60406 12.384 26
      vertex -2.54067 12.5524 19
      vertex -2.54067 12.5524 26
    endloop
  endfacet
  facet normal 0.93589 -0.352293 -6.52885e-19
    outer loop
      vertex -2.54067 12.5524 19
      vertex -2.60406 12.384 26
      vertex -2.60406 12.384 19
    endloop
  endfacet
  facet normal 0.683849 -0.729624 0
    outer loop
      vertex -1.94454 13.4445 19
      vertex -1.8132 13.5676 26
      vertex -1.94454 13.4445 26
    endloop
  endfacet
  facet normal 0.683849 -0.729624 0
    outer loop
      vertex -1.8132 13.5676 26
      vertex -1.94454 13.4445 19
      vertex -1.8132 13.5676 19
    endloop
  endfacet
  facet normal -0.097804 -0.995206 0
    outer loop
      vertex 0.179858 14.2441 19
      vertex 0.358947 14.2265 26
      vertex 0.179858 14.2441 26
    endloop
  endfacet
  facet normal -0.097804 -0.995206 -0
    outer loop
      vertex 0.358947 14.2265 26
      vertex 0.179858 14.2441 19
      vertex 0.358947 14.2265 19
    endloop
  endfacet
  facet normal 0.52835 -0.849027 0
    outer loop
      vertex -1.52782 13.7865 19
      vertex -1.375 13.8816 26
      vertex -1.52782 13.7865 26
    endloop
  endfacet
  facet normal 0.52835 -0.849027 0
    outer loop
      vertex -1.375 13.8816 26
      vertex -1.52782 13.7865 19
      vertex -1.375 13.8816 19
    endloop
  endfacet
  facet normal 0.881914 0.47141 -2.75357e-19
    outer loop
      vertex -2.38157 10.125 26
      vertex -2.4664 10.2837 19
      vertex -2.4664 10.2837 26
    endloop
  endfacet
  facet normal 0.881914 0.47141 -2.75357e-19
    outer loop
      vertex -2.4664 10.2837 19
      vertex -2.38157 10.125 26
      vertex -2.38157 10.125 19
    endloop
  endfacet
  facet normal -0.999464 0.0327229 -4.44748e-20
    outer loop
      vertex 2.74411 11.3201 19
      vertex 2.75 11.5 26
      vertex 2.75 11.5 19
    endloop
  endfacet
  facet normal -0.999464 0.0327229 -4.44748e-20
    outer loop
      vertex 2.75 11.5 26
      vertex 2.74411 11.3201 19
      vertex 2.74411 11.3201 26
    endloop
  endfacet
  facet normal -0.162875 0.986647 0
    outer loop
      vertex 0.536498 8.80284 19
      vertex 0.358947 8.77353 26
      vertex 0.536498 8.80284 26
    endloop
  endfacet
  facet normal -0.162875 0.986647 0
    outer loop
      vertex 0.358947 8.77353 26
      vertex 0.536498 8.80284 19
      vertex 0.358947 8.77353 19
    endloop
  endfacet
  facet normal -0.812892 -0.582415 2.67872e-19
    outer loop
      vertex 2.28654 13.0278 19
      vertex 2.18172 13.1741 26
      vertex 2.18172 13.1741 19
    endloop
  endfacet
  facet normal -0.812892 -0.582415 2.67872e-19
    outer loop
      vertex 2.18172 13.1741 26
      vertex 2.28654 13.0278 19
      vertex 2.28654 13.0278 26
    endloop
  endfacet
  facet normal -0.881914 -0.47141 -2.75357e-19
    outer loop
      vertex 2.4664 12.7163 19
      vertex 2.38157 12.875 26
      vertex 2.38157 12.875 19
    endloop
  endfacet
  facet normal -0.881914 -0.47141 -2.75357e-19
    outer loop
      vertex 2.38157 12.875 26
      vertex 2.4664 12.7163 19
      vertex 2.4664 12.7163 26
    endloop
  endfacet
  facet normal 0.973894 -0.227001 -2.5473e-19
    outer loop
      vertex -2.69716 12.0365 26
      vertex -2.6563 12.2118 19
      vertex -2.6563 12.2118 26
    endloop
  endfacet
  facet normal 0.973894 -0.227001 -2.5473e-19
    outer loop
      vertex -2.6563 12.2118 19
      vertex -2.69716 12.0365 26
      vertex -2.69716 12.0365 19
    endloop
  endfacet
  facet normal 0.910847 -0.412743 3.25666e-19
    outer loop
      vertex -2.54067 12.5524 26
      vertex -2.4664 12.7163 19
      vertex -2.4664 12.7163 26
    endloop
  endfacet
  facet normal 0.910847 -0.412743 3.25666e-19
    outer loop
      vertex -2.4664 12.7163 19
      vertex -2.54067 12.5524 26
      vertex -2.54067 12.5524 19
    endloop
  endfacet
  facet normal 0.162821 -0.986656 0
    outer loop
      vertex -0.536498 14.1972 19
      vertex -0.358947 14.2265 26
      vertex -0.536498 14.1972 26
    endloop
  endfacet
  facet normal 0.162821 -0.986656 0
    outer loop
      vertex -0.358947 14.2265 26
      vertex -0.536498 14.1972 19
      vertex -0.358947 14.2265 19
    endloop
  endfacet
  facet normal 0.986654 0.162831 -1.48481e-19
    outer loop
      vertex -2.69716 10.9635 26
      vertex -2.72647 11.1411 19
      vertex -2.72647 11.1411 26
    endloop
  endfacet
  facet normal 0.986654 0.162831 -1.48481e-19
    outer loop
      vertex -2.72647 11.1411 19
      vertex -2.69716 10.9635 26
      vertex -2.69716 10.9635 19
    endloop
  endfacet
  facet normal -0.729742 -0.683723 9.68385e-19
    outer loop
      vertex 2.06756 13.3132 19
      vertex 1.94454 13.4445 26
      vertex 1.94454 13.4445 19
    endloop
  endfacet
  facet normal -0.729742 -0.683723 9.68385e-19
    outer loop
      vertex 1.94454 13.4445 26
      vertex 2.06756 13.3132 19
      vertex 2.06756 13.3132 26
    endloop
  endfacet
  facet normal -0.986654 0.162831 1.48481e-19
    outer loop
      vertex 2.69716 10.9635 19
      vertex 2.72647 11.1411 26
      vertex 2.72647 11.1411 19
    endloop
  endfacet
  facet normal -0.986654 0.162831 1.48481e-19
    outer loop
      vertex 2.72647 11.1411 26
      vertex 2.69716 10.9635 19
      vertex 2.69716 10.9635 26
    endloop
  endfacet
  facet normal -0.634179 -0.773187 0
    outer loop
      vertex 1.67409 13.6817 19
      vertex 1.8132 13.5676 26
      vertex 1.67409 13.6817 26
    endloop
  endfacet
  facet normal -0.634179 -0.773187 -0
    outer loop
      vertex 1.8132 13.5676 26
      vertex 1.67409 13.6817 19
      vertex 1.8132 13.5676 19
    endloop
  endfacet
  facet normal -0.412861 -0.910794 0
    outer loop
      vertex 1.05238 14.0407 19
      vertex 1.21629 13.9664 26
      vertex 1.05238 14.0407 26
    endloop
  endfacet
  facet normal -0.412861 -0.910794 -0
    outer loop
      vertex 1.21629 13.9664 26
      vertex 1.05238 14.0407 19
      vertex 1.21629 13.9664 19
    endloop
  endfacet
  facet normal 0.290091 -0.956999 0
    outer loop
      vertex -0.883958 14.1041 19
      vertex -0.711752 14.1563 26
      vertex -0.883958 14.1041 26
    endloop
  endfacet
  facet normal 0.290091 -0.956999 0
    outer loop
      vertex -0.711752 14.1563 26
      vertex -0.883958 14.1041 19
      vertex -0.711752 14.1563 19
    endloop
  endfacet
  facet normal -0.812835 0.582494 -3.46928e-19
    outer loop
      vertex 2.18172 9.82591 19
      vertex 2.28654 9.97218 26
      vertex 2.28654 9.97218 19
    endloop
  endfacet
  facet normal -0.812835 0.582494 -3.46928e-19
    outer loop
      vertex 2.28654 9.97218 26
      vertex 2.18172 9.82591 19
      vertex 2.18172 9.82591 26
    endloop
  endfacet
  facet normal -0.973894 -0.227001 2.5473e-19
    outer loop
      vertex 2.69716 12.0365 19
      vertex 2.6563 12.2118 26
      vertex 2.6563 12.2118 19
    endloop
  endfacet
  facet normal -0.973894 -0.227001 2.5473e-19
    outer loop
      vertex 2.6563 12.2118 26
      vertex 2.69716 12.0365 19
      vertex 2.69716 12.0365 26
    endloop
  endfacet
  facet normal 0.729742 -0.683723 -9.68385e-19
    outer loop
      vertex -2.06756 13.3132 26
      vertex -1.94454 13.4445 19
      vertex -1.94454 13.4445 26
    endloop
  endfacet
  facet normal 0.729742 -0.683723 -9.68385e-19
    outer loop
      vertex -1.94454 13.4445 19
      vertex -2.06756 13.3132 26
      vertex -2.06756 13.3132 19
    endloop
  endfacet
  facet normal 0.729846 0.683612 -7.77415e-19
    outer loop
      vertex -1.94454 9.55546 26
      vertex -2.06756 9.6868 19
      vertex -2.06756 9.6868 26
    endloop
  endfacet
  facet normal 0.729846 0.683612 -7.77415e-19
    outer loop
      vertex -2.06756 9.6868 19
      vertex -1.94454 9.55546 26
      vertex -1.94454 9.55546 19
    endloop
  endfacet
  facet normal -0.881914 0.47141 2.75357e-19
    outer loop
      vertex 2.38157 10.125 19
      vertex 2.4664 10.2837 26
      vertex 2.4664 10.2837 19
    endloop
  endfacet
  facet normal -0.881914 0.47141 2.75357e-19
    outer loop
      vertex 2.4664 10.2837 26
      vertex 2.38157 10.125 19
      vertex 2.38157 10.125 26
    endloop
  endfacet
  facet normal 0.995179 0.0980724 8.59313e-20
    outer loop
      vertex -2.72647 11.1411 26
      vertex -2.74411 11.3201 19
      vertex -2.74411 11.3201 26
    endloop
  endfacet
  facet normal 0.995179 0.0980724 8.59313e-20
    outer loop
      vertex -2.74411 11.3201 19
      vertex -2.72647 11.1411 26
      vertex -2.72647 11.1411 19
    endloop
  endfacet
  facet normal 0.773001 -0.634405 4.13479e-19
    outer loop
      vertex -2.18172 13.1741 26
      vertex -2.06756 13.3132 19
      vertex -2.06756 13.3132 26
    endloop
  endfacet
  facet normal 0.773001 -0.634405 4.13479e-19
    outer loop
      vertex -2.06756 13.3132 19
      vertex -2.18172 13.1741 26
      vertex -2.18172 13.1741 19
    endloop
  endfacet
  facet normal -0.58242 -0.812888 0
    outer loop
      vertex 1.52782 13.7865 19
      vertex 1.67409 13.6817 26
      vertex 1.52782 13.7865 26
    endloop
  endfacet
  facet normal -0.58242 -0.812888 -0
    outer loop
      vertex 1.67409 13.6817 26
      vertex 1.52782 13.7865 19
      vertex 1.67409 13.6817 19
    endloop
  endfacet
  facet normal -0.956935 0.290304 5.94296e-19
    outer loop
      vertex 2.60406 10.616 19
      vertex 2.6563 10.7882 26
      vertex 2.6563 10.7882 19
    endloop
  endfacet
  facet normal -0.956935 0.290304 5.94296e-19
    outer loop
      vertex 2.6563 10.7882 26
      vertex 2.60406 10.616 19
      vertex 2.60406 10.616 26
    endloop
  endfacet
  facet normal -0.412722 0.910857 0
    outer loop
      vertex 1.21629 9.0336 19
      vertex 1.05238 8.95933 26
      vertex 1.21629 9.0336 26
    endloop
  endfacet
  facet normal -0.412722 0.910857 0
    outer loop
      vertex 1.05238 8.95933 26
      vertex 1.21629 9.0336 19
      vertex 1.05238 8.95933 19
    endloop
  endfacet
  facet normal -0.52835 -0.849027 0
    outer loop
      vertex 1.375 13.8816 19
      vertex 1.52782 13.7865 26
      vertex 1.375 13.8816 26
    endloop
  endfacet
  facet normal -0.52835 -0.849027 -0
    outer loop
      vertex 1.52782 13.7865 26
      vertex 1.375 13.8816 19
      vertex 1.52782 13.7865 19
    endloop
  endfacet
  facet normal 0.58242 -0.812888 0
    outer loop
      vertex -1.67409 13.6817 19
      vertex -1.52782 13.7865 26
      vertex -1.67409 13.6817 26
    endloop
  endfacet
  facet normal 0.58242 -0.812888 0
    outer loop
      vertex -1.52782 13.7865 26
      vertex -1.67409 13.6817 19
      vertex -1.52782 13.7865 19
    endloop
  endfacet
  facet normal -0.910847 -0.412743 -3.25666e-19
    outer loop
      vertex 2.54067 12.5524 19
      vertex 2.4664 12.7163 26
      vertex 2.4664 12.7163 19
    endloop
  endfacet
  facet normal -0.910847 -0.412743 -3.25666e-19
    outer loop
      vertex 2.4664 12.7163 26
      vertex 2.54067 12.5524 19
      vertex 2.54067 12.5524 26
    endloop
  endfacet
  facet normal -0.0327305 0.999464 0
    outer loop
      vertex 0.179858 8.75589 19
      vertex 0 8.75 26
      vertex 0.179858 8.75589 26
    endloop
  endfacet
  facet normal -0.0327305 0.999464 0
    outer loop
      vertex 0 8.75 26
      vertex 0.179858 8.75589 19
      vertex 0 8.75 19
    endloop
  endfacet
  facet normal -0.849201 0.52807 3.90986e-19
    outer loop
      vertex 2.28654 9.97218 19
      vertex 2.38157 10.125 26
      vertex 2.38157 10.125 19
    endloop
  endfacet
  facet normal -0.849201 0.52807 3.90986e-19
    outer loop
      vertex 2.38157 10.125 26
      vertex 2.28654 9.97218 19
      vertex 2.28654 9.97218 26
    endloop
  endfacet
  facet normal -0.773001 -0.634405 -4.13479e-19
    outer loop
      vertex 2.18172 13.1741 19
      vertex 2.06756 13.3132 26
      vertex 2.06756 13.3132 19
    endloop
  endfacet
  facet normal -0.773001 -0.634405 -4.13479e-19
    outer loop
      vertex 2.06756 13.3132 26
      vertex 2.18172 13.1741 19
      vertex 2.18172 13.1741 26
    endloop
  endfacet
  facet normal 0.227269 -0.973832 0
    outer loop
      vertex -0.711752 14.1563 19
      vertex -0.536498 14.1972 26
      vertex -0.711752 14.1563 26
    endloop
  endfacet
  facet normal 0.227269 -0.973832 0
    outer loop
      vertex -0.536498 14.1972 26
      vertex -0.711752 14.1563 19
      vertex -0.536498 14.1972 19
    endloop
  endfacet
  facet normal -0.995179 0.0980724 -8.59313e-20
    outer loop
      vertex 2.72647 11.1411 19
      vertex 2.74411 11.3201 26
      vertex 2.74411 11.3201 19
    endloop
  endfacet
  facet normal -0.995179 0.0980724 -8.59313e-20
    outer loop
      vertex 2.74411 11.3201 26
      vertex 2.72647 11.1411 19
      vertex 2.72647 11.1411 26
    endloop
  endfacet
  facet normal 0.812892 -0.582415 -2.67872e-19
    outer loop
      vertex -2.28654 13.0278 26
      vertex -2.18172 13.1741 19
      vertex -2.18172 13.1741 26
    endloop
  endfacet
  facet normal 0.812892 -0.582415 -2.67872e-19
    outer loop
      vertex -2.18172 13.1741 19
      vertex -2.28654 13.0278 26
      vertex -2.28654 13.0278 19
    endloop
  endfacet
  facet normal -0.582494 0.812835 0
    outer loop
      vertex 1.67409 9.31828 19
      vertex 1.52782 9.21346 26
      vertex 1.67409 9.31828 26
    endloop
  endfacet
  facet normal -0.582494 0.812835 0
    outer loop
      vertex 1.52782 9.21346 26
      vertex 1.67409 9.31828 19
      vertex 1.52782 9.21346 19
    endloop
  endfacet
  facet normal 0.352301 -0.935887 0
    outer loop
      vertex -1.05238 14.0407 19
      vertex -0.883958 14.1041 26
      vertex -1.05238 14.0407 26
    endloop
  endfacet
  facet normal 0.352301 -0.935887 0
    outer loop
      vertex -0.883958 14.1041 26
      vertex -1.05238 14.0407 19
      vertex -0.883958 14.1041 19
    endloop
  endfacet
  facet normal -0.352301 -0.935887 0
    outer loop
      vertex 0.883958 14.1041 19
      vertex 1.05238 14.0407 26
      vertex 0.883958 14.1041 26
    endloop
  endfacet
  facet normal -0.352301 -0.935887 -0
    outer loop
      vertex 1.05238 14.0407 26
      vertex 0.883958 14.1041 19
      vertex 1.05238 14.0407 19
    endloop
  endfacet
  facet normal -0.956935 -0.290304 -5.94296e-19
    outer loop
      vertex 2.6563 12.2118 19
      vertex 2.60406 12.384 26
      vertex 2.60406 12.384 19
    endloop
  endfacet
  facet normal -0.956935 -0.290304 -5.94296e-19
    outer loop
      vertex 2.60406 12.384 26
      vertex 2.6563 12.2118 19
      vertex 2.6563 12.2118 26
    endloop
  endfacet
  facet normal 0.097804 -0.995206 0
    outer loop
      vertex -0.358947 14.2265 19
      vertex -0.179858 14.2441 26
      vertex -0.358947 14.2265 26
    endloop
  endfacet
  facet normal 0.097804 -0.995206 0
    outer loop
      vertex -0.179858 14.2441 26
      vertex -0.358947 14.2265 19
      vertex -0.179858 14.2441 19
    endloop
  endfacet
  facet normal 0.956935 -0.290304 5.94296e-19
    outer loop
      vertex -2.6563 12.2118 26
      vertex -2.60406 12.384 19
      vertex -2.60406 12.384 26
    endloop
  endfacet
  facet normal 0.956935 -0.290304 5.94296e-19
    outer loop
      vertex -2.60406 12.384 19
      vertex -2.6563 12.2118 26
      vertex -2.6563 12.2118 19
    endloop
  endfacet
  facet normal 0.290294 0.956937 -0
    outer loop
      vertex -0.711752 8.8437 19
      vertex -0.883958 8.89594 26
      vertex -0.711752 8.8437 26
    endloop
  endfacet
  facet normal 0.290294 0.956937 0
    outer loop
      vertex -0.883958 8.89594 26
      vertex -0.711752 8.8437 19
      vertex -0.883958 8.89594 19
    endloop
  endfacet
  facet normal -0.683849 -0.729624 0
    outer loop
      vertex 1.8132 13.5676 19
      vertex 1.94454 13.4445 26
      vertex 1.8132 13.5676 26
    endloop
  endfacet
  facet normal -0.683849 -0.729624 -0
    outer loop
      vertex 1.94454 13.4445 26
      vertex 1.8132 13.5676 19
      vertex 1.94454 13.4445 19
    endloop
  endfacet
  facet normal -0.032786 -0.999462 0
    outer loop
      vertex 0 14.25 19
      vertex 0.179858 14.2441 26
      vertex 0 14.25 26
    endloop
  endfacet
  facet normal -0.032786 -0.999462 -0
    outer loop
      vertex 0.179858 14.2441 26
      vertex 0 14.25 19
      vertex 0.179858 14.2441 19
    endloop
  endfacet
  facet normal -0.52807 0.849201 0
    outer loop
      vertex 1.52782 9.21346 19
      vertex 1.375 9.11843 26
      vertex 1.52782 9.21346 26
    endloop
  endfacet
  facet normal -0.52807 0.849201 0
    outer loop
      vertex 1.375 9.11843 26
      vertex 1.52782 9.21346 19
      vertex 1.375 9.11843 19
    endloop
  endfacet
  facet normal 0.032786 -0.999462 0
    outer loop
      vertex -0.179858 14.2441 19
      vertex 0 14.25 26
      vertex -0.179858 14.2441 26
    endloop
  endfacet
  facet normal 0.032786 -0.999462 0
    outer loop
      vertex 0 14.25 26
      vertex -0.179858 14.2441 19
      vertex 0 14.25 19
    endloop
  endfacet
  facet normal 0.849201 0.52807 -3.90986e-19
    outer loop
      vertex -2.28654 9.97218 26
      vertex -2.38157 10.125 19
      vertex -2.38157 10.125 26
    endloop
  endfacet
  facet normal 0.849201 0.52807 -3.90986e-19
    outer loop
      vertex -2.38157 10.125 19
      vertex -2.28654 9.97218 26
      vertex -2.28654 9.97218 19
    endloop
  endfacet
  facet normal 0.412861 -0.910794 0
    outer loop
      vertex -1.21629 13.9664 19
      vertex -1.05238 14.0407 26
      vertex -1.21629 13.9664 26
    endloop
  endfacet
  facet normal 0.412861 -0.910794 0
    outer loop
      vertex -1.05238 14.0407 26
      vertex -1.21629 13.9664 19
      vertex -1.05238 14.0407 19
    endloop
  endfacet
  facet normal 0.999464 0.0327229 4.44748e-20
    outer loop
      vertex -2.74411 11.3201 26
      vertex -2.75 11.5 19
      vertex -2.75 11.5 26
    endloop
  endfacet
  facet normal 0.999464 0.0327229 4.44748e-20
    outer loop
      vertex -2.75 11.5 19
      vertex -2.74411 11.3201 26
      vertex -2.74411 11.3201 19
    endloop
  endfacet
  facet normal 0.93589 0.352293 6.52885e-19
    outer loop
      vertex -2.54067 10.4476 26
      vertex -2.60406 10.616 19
      vertex -2.60406 10.616 26
    endloop
  endfacet
  facet normal 0.93589 0.352293 6.52885e-19
    outer loop
      vertex -2.60406 10.616 19
      vertex -2.54067 10.4476 26
      vertex -2.54067 10.4476 19
    endloop
  endfacet
  facet normal -0.773023 0.634378 1.34271e-18
    outer loop
      vertex 2.06756 9.6868 19
      vertex 2.18172 9.82591 26
      vertex 2.18172 9.82591 19
    endloop
  endfacet
  facet normal -0.773023 0.634378 1.34271e-18
    outer loop
      vertex 2.18172 9.82591 26
      vertex 2.06756 9.6868 19
      vertex 2.06756 9.6868 26
    endloop
  endfacet
  facet normal -0.973894 0.227001 -2.5473e-19
    outer loop
      vertex 2.6563 10.7882 19
      vertex 2.69716 10.9635 26
      vertex 2.69716 10.9635 19
    endloop
  endfacet
  facet normal -0.973894 0.227001 -2.5473e-19
    outer loop
      vertex 2.69716 10.9635 26
      vertex 2.6563 10.7882 19
      vertex 2.6563 10.7882 26
    endloop
  endfacet
  facet normal -0.290294 0.956937 0
    outer loop
      vertex 0.883958 8.89594 19
      vertex 0.711752 8.8437 26
      vertex 0.883958 8.89594 26
    endloop
  endfacet
  facet normal -0.290294 0.956937 0
    outer loop
      vertex 0.711752 8.8437 26
      vertex 0.883958 8.89594 19
      vertex 0.711752 8.8437 19
    endloop
  endfacet
  facet normal -0.471257 -0.881996 0
    outer loop
      vertex 1.21629 13.9664 19
      vertex 1.375 13.8816 26
      vertex 1.21629 13.9664 26
    endloop
  endfacet
  facet normal -0.471257 -0.881996 -0
    outer loop
      vertex 1.375 13.8816 26
      vertex 1.21629 13.9664 19
      vertex 1.375 13.8816 19
    endloop
  endfacet
  facet normal -0.84917 -0.528119 5.99307e-19
    outer loop
      vertex 2.38157 12.875 19
      vertex 2.28654 13.0278 26
      vertex 2.28654 13.0278 19
    endloop
  endfacet
  facet normal -0.84917 -0.528119 5.99307e-19
    outer loop
      vertex 2.28654 13.0278 26
      vertex 2.38157 12.875 19
      vertex 2.38157 12.875 26
    endloop
  endfacet
  facet normal 0.986654 -0.162831 1.48481e-19
    outer loop
      vertex -2.72647 11.8589 26
      vertex -2.69716 12.0365 19
      vertex -2.69716 12.0365 26
    endloop
  endfacet
  facet normal 0.986654 -0.162831 1.48481e-19
    outer loop
      vertex -2.69716 12.0365 19
      vertex -2.72647 11.8589 26
      vertex -2.72647 11.8589 19
    endloop
  endfacet
  facet normal 0.227058 0.973881 -0
    outer loop
      vertex -0.536498 8.80284 19
      vertex -0.711752 8.8437 26
      vertex -0.536498 8.80284 26
    endloop
  endfacet
  facet normal 0.227058 0.973881 0
    outer loop
      vertex -0.711752 8.8437 26
      vertex -0.536498 8.80284 19
      vertex -0.711752 8.8437 19
    endloop
  endfacet
  facet normal -0.93589 0.352293 -6.52885e-19
    outer loop
      vertex 2.54067 10.4476 19
      vertex 2.60406 10.616 26
      vertex 2.60406 10.616 19
    endloop
  endfacet
  facet normal -0.93589 0.352293 -6.52885e-19
    outer loop
      vertex 2.60406 10.616 26
      vertex 2.54067 10.4476 19
      vertex 2.54067 10.4476 26
    endloop
  endfacet
  facet normal 0.910847 0.412743 -3.25666e-19
    outer loop
      vertex -2.4664 10.2837 26
      vertex -2.54067 10.4476 19
      vertex -2.54067 10.4476 26
    endloop
  endfacet
  facet normal 0.910847 0.412743 -3.25666e-19
    outer loop
      vertex -2.54067 10.4476 19
      vertex -2.4664 10.2837 26
      vertex -2.4664 10.2837 19
    endloop
  endfacet
  facet normal -0.162821 -0.986656 0
    outer loop
      vertex 0.358947 14.2265 19
      vertex 0.536498 14.1972 26
      vertex 0.358947 14.2265 26
    endloop
  endfacet
  facet normal -0.162821 -0.986656 -0
    outer loop
      vertex 0.536498 14.1972 26
      vertex 0.358947 14.2265 19
      vertex 0.536498 14.1972 19
    endloop
  endfacet
  facet normal -0.93589 -0.352293 6.52885e-19
    outer loop
      vertex 2.60406 12.384 19
      vertex 2.54067 12.5524 26
      vertex 2.54067 12.5524 19
    endloop
  endfacet
  facet normal -0.93589 -0.352293 6.52885e-19
    outer loop
      vertex 2.54067 12.5524 26
      vertex 2.60406 12.384 19
      vertex 2.60406 12.384 26
    endloop
  endfacet
  facet normal 0.471387 0.881926 -0
    outer loop
      vertex -1.21629 9.0336 19
      vertex -1.375 9.11843 26
      vertex -1.21629 9.0336 26
    endloop
  endfacet
  facet normal 0.471387 0.881926 0
    outer loop
      vertex -1.375 9.11843 26
      vertex -1.21629 9.0336 19
      vertex -1.375 9.11843 19
    endloop
  endfacet
  facet normal -0.986654 -0.162831 -1.48481e-19
    outer loop
      vertex 2.72647 11.8589 19
      vertex 2.69716 12.0365 26
      vertex 2.69716 12.0365 19
    endloop
  endfacet
  facet normal -0.986654 -0.162831 -1.48481e-19
    outer loop
      vertex 2.69716 12.0365 26
      vertex 2.72647 11.8589 19
      vertex 2.72647 11.8589 26
    endloop
  endfacet
  facet normal 0.0327305 0.999464 -0
    outer loop
      vertex 0 8.75 19
      vertex -0.179858 8.75589 26
      vertex 0 8.75 26
    endloop
  endfacet
  facet normal 0.0327305 0.999464 0
    outer loop
      vertex -0.179858 8.75589 26
      vertex 0 8.75 19
      vertex -0.179858 8.75589 19
    endloop
  endfacet
  facet normal 0.995179 -0.0980724 -8.59313e-20
    outer loop
      vertex -2.74411 11.6799 26
      vertex -2.72647 11.8589 19
      vertex -2.72647 11.8589 26
    endloop
  endfacet
  facet normal 0.995179 -0.0980724 -8.59313e-20
    outer loop
      vertex -2.72647 11.8589 19
      vertex -2.74411 11.6799 26
      vertex -2.74411 11.6799 19
    endloop
  endfacet
  facet normal -0.0980241 0.995184 0
    outer loop
      vertex 0.358947 8.77353 19
      vertex 0.179858 8.75589 26
      vertex 0.358947 8.77353 26
    endloop
  endfacet
  facet normal -0.0980241 0.995184 0
    outer loop
      vertex 0.179858 8.75589 26
      vertex 0.358947 8.77353 19
      vertex 0.179858 8.75589 19
    endloop
  endfacet
  facet normal 0.683612 0.729846 -0
    outer loop
      vertex -1.8132 9.43244 19
      vertex -1.94454 9.55546 26
      vertex -1.8132 9.43244 26
    endloop
  endfacet
  facet normal 0.683612 0.729846 0
    outer loop
      vertex -1.94454 9.55546 26
      vertex -1.8132 9.43244 19
      vertex -1.94454 9.55546 19
    endloop
  endfacet
  facet normal 0.999464 -0.0327229 -4.44748e-20
    outer loop
      vertex -2.75 11.5 26
      vertex -2.74411 11.6799 19
      vertex -2.74411 11.6799 26
    endloop
  endfacet
  facet normal 0.999464 -0.0327229 -4.44748e-20
    outer loop
      vertex -2.74411 11.6799 19
      vertex -2.75 11.5 26
      vertex -2.75 11.5 19
    endloop
  endfacet
  facet normal 0.956935 0.290304 -5.94296e-19
    outer loop
      vertex -2.60406 10.616 26
      vertex -2.6563 10.7882 19
      vertex -2.6563 10.7882 26
    endloop
  endfacet
  facet normal 0.956935 0.290304 -5.94296e-19
    outer loop
      vertex -2.6563 10.7882 19
      vertex -2.60406 10.616 26
      vertex -2.60406 10.616 19
    endloop
  endfacet
  facet normal -0.729846 0.683612 7.77415e-19
    outer loop
      vertex 1.94454 9.55546 19
      vertex 2.06756 9.6868 26
      vertex 2.06756 9.6868 19
    endloop
  endfacet
  facet normal -0.729846 0.683612 7.77415e-19
    outer loop
      vertex 2.06756 9.6868 26
      vertex 1.94454 9.55546 19
      vertex 1.94454 9.55546 26
    endloop
  endfacet
  facet normal -0.471387 0.881926 0
    outer loop
      vertex 1.375 9.11843 19
      vertex 1.21629 9.0336 26
      vertex 1.375 9.11843 26
    endloop
  endfacet
  facet normal -0.471387 0.881926 0
    outer loop
      vertex 1.21629 9.0336 26
      vertex 1.375 9.11843 19
      vertex 1.21629 9.0336 19
    endloop
  endfacet
  facet normal -0.227269 -0.973832 0
    outer loop
      vertex 0.536498 14.1972 19
      vertex 0.711752 14.1563 26
      vertex 0.536498 14.1972 26
    endloop
  endfacet
  facet normal -0.227269 -0.973832 -0
    outer loop
      vertex 0.711752 14.1563 26
      vertex 0.536498 14.1972 19
      vertex 0.711752 14.1563 19
    endloop
  endfacet
  facet normal 0.471257 -0.881996 0
    outer loop
      vertex -1.375 13.8816 19
      vertex -1.21629 13.9664 26
      vertex -1.375 13.8816 26
    endloop
  endfacet
  facet normal 0.471257 -0.881996 0
    outer loop
      vertex -1.21629 13.9664 26
      vertex -1.375 13.8816 19
      vertex -1.21629 13.9664 19
    endloop
  endfacet
  facet normal -0.634378 0.773023 0
    outer loop
      vertex 1.8132 9.43244 19
      vertex 1.67409 9.31828 26
      vertex 1.8132 9.43244 26
    endloop
  endfacet
  facet normal -0.634378 0.773023 0
    outer loop
      vertex 1.67409 9.31828 26
      vertex 1.8132 9.43244 19
      vertex 1.67409 9.31828 19
    endloop
  endfacet
  facet normal 0.52807 0.849201 -0
    outer loop
      vertex -1.375 9.11843 19
      vertex -1.52782 9.21346 26
      vertex -1.375 9.11843 26
    endloop
  endfacet
  facet normal 0.52807 0.849201 0
    outer loop
      vertex -1.52782 9.21346 26
      vertex -1.375 9.11843 19
      vertex -1.52782 9.21346 19
    endloop
  endfacet
  facet normal 0 0 -1
    outer loop
      vertex 2.75 11.5 19
      vertex 4.5 11.5 19
      vertex 4.49037 11.2057 19
    endloop
  endfacet
  facet normal 0 0 -1
    outer loop
      vertex 2.74411 11.3201 19
      vertex 4.49037 11.2057 19
      vertex 4.4615 10.9126 19
    endloop
  endfacet
  facet normal 0 0 -1
    outer loop
      vertex 4.5 11.5 19
      vertex 2.75 11.5 19
      vertex 4.49037 11.7943 19
    endloop
  endfacet
  facet normal 0 0 -1
    outer loop
      vertex 2.72647 11.1411 19
      vertex 4.4615 10.9126 19
      vertex 4.41353 10.6221 19
    endloop
  endfacet
  facet normal 0 0 -1
    outer loop
      vertex 2.74411 11.6799 19
      vertex 4.49037 11.7943 19
      vertex 2.75 11.5 19
    endloop
  endfacet
  facet normal 0 0 -1
    outer loop
      vertex 2.69716 10.9635 19
      vertex 4.41353 10.6221 19
      vertex 4.34667 10.3353 19
    endloop
  endfacet
  facet normal -0 0 -1
    outer loop
      vertex 4.49037 11.7943 19
      vertex 2.74411 11.6799 19
      vertex 4.4615 12.0874 19
    endloop
  endfacet
  facet normal 0 0 -1
    outer loop
      vertex 2.6563 10.7882 19
      vertex 4.34667 10.3353 19
      vertex 4.26118 10.0535 19
    endloop
  endfacet
  facet normal 0 0 -1
    outer loop
      vertex 2.72647 11.8589 19
      vertex 4.4615 12.0874 19
      vertex 2.74411 11.6799 19
    endloop
  endfacet
  facet normal 0 0 -1
    outer loop
      vertex 2.60406 10.616 19
      vertex 4.26118 10.0535 19
      vertex 4.15746 9.77793 19
    endloop
  endfacet
  facet normal -0 0 -1
    outer loop
      vertex 4.4615 12.0874 19
      vertex 2.72647 11.8589 19
      vertex 4.41353 12.3779 19
    endloop
  endfacet
  facet normal 0 0 -1
    outer loop
      vertex 2.54067 10.4476 19
      vertex 4.15746 9.77793 19
      vertex 4.03593 9.5097 19
    endloop
  endfacet
  facet normal 0 0 -1
    outer loop
      vertex 2.69716 12.0365 19
      vertex 4.41353 12.3779 19
      vertex 2.72647 11.8589 19
    endloop
  endfacet
  facet normal 0 0 -1
    outer loop
      vertex 2.4664 10.2837 19
      vertex 4.03593 9.5097 19
      vertex 3.89711 9.25 19
    endloop
  endfacet
  facet normal -0 0 -1
    outer loop
      vertex 4.41353 12.3779 19
      vertex 2.69716 12.0365 19
      vertex 4.34667 12.6647 19
    endloop
  endfacet
  facet normal 0 0 -1
    outer loop
      vertex 2.38157 10.125 19
      vertex 3.89711 9.25 19
      vertex 3.74161 8.99993 19
    endloop
  endfacet
  facet normal 0 0 -1
    outer loop
      vertex 2.6563 12.2118 19
      vertex 4.34667 12.6647 19
      vertex 2.69716 12.0365 19
    endloop
  endfacet
  facet normal 0 0 -1
    outer loop
      vertex 2.28654 9.97218 19
      vertex 3.74161 8.99993 19
      vertex 3.57009 8.76057 19
    endloop
  endfacet
  facet normal -0 0 -1
    outer loop
      vertex 4.34667 12.6647 19
      vertex 2.6563 12.2118 19
      vertex 4.26118 12.9465 19
    endloop
  endfacet
  facet normal 0 0 -1
    outer loop
      vertex 2.18172 9.82591 19
      vertex 3.57009 8.76057 19
      vertex 3.38328 8.53294 19
    endloop
  endfacet
  facet normal 0 0 -1
    outer loop
      vertex 2.60406 12.384 19
      vertex 4.26118 12.9465 19
      vertex 2.6563 12.2118 19
    endloop
  endfacet
  facet normal 0 0 -1
    outer loop
      vertex 2.06756 9.6868 19
      vertex 3.38328 8.53294 19
      vertex 3.18198 8.31802 19
    endloop
  endfacet
  facet normal -0 0 -1
    outer loop
      vertex 4.26118 12.9465 19
      vertex 2.60406 12.384 19
      vertex 4.15746 13.2221 19
    endloop
  endfacet
  facet normal 0 0 -1
    outer loop
      vertex 1.94454 9.55546 19
      vertex 3.18198 8.31802 19
      vertex 2.96706 8.11672 19
    endloop
  endfacet
  facet normal 0 0 -1
    outer loop
      vertex 2.54067 12.5524 19
      vertex 4.15746 13.2221 19
      vertex 2.60406 12.384 19
    endloop
  endfacet
  facet normal -0 0 -1
    outer loop
      vertex 4.15746 13.2221 19
      vertex 2.54067 12.5524 19
      vertex 4.03593 13.4903 19
    endloop
  endfacet
  facet normal 0 0 -1
    outer loop
      vertex 4.49037 11.2057 19
      vertex 2.74411 11.3201 19
      vertex 2.75 11.5 19
    endloop
  endfacet
  facet normal 0 0 -1
    outer loop
      vertex 1.8132 9.43244 19
      vertex 2.96706 8.11672 19
      vertex 2.73943 7.92991 19
    endloop
  endfacet
  facet normal 0 0 -1
    outer loop
      vertex 4.4615 10.9126 19
      vertex 2.72647 11.1411 19
      vertex 2.74411 11.3201 19
    endloop
  endfacet
  facet normal 0 0 -1
    outer loop
      vertex 4.41353 10.6221 19
      vertex 2.69716 10.9635 19
      vertex 2.72647 11.1411 19
    endloop
  endfacet
  facet normal 0 0 -1
    outer loop
      vertex 4.34667 10.3353 19
      vertex 2.6563 10.7882 19
      vertex 2.69716 10.9635 19
    endloop
  endfacet
  facet normal 0 0 -1
    outer loop
      vertex 4.26118 10.0535 19
      vertex 2.60406 10.616 19
      vertex 2.6563 10.7882 19
    endloop
  endfacet
  facet normal 0 0 -1
    outer loop
      vertex 4.15746 9.77793 19
      vertex 2.54067 10.4476 19
      vertex 2.60406 10.616 19
    endloop
  endfacet
  facet normal 0 0 -1
    outer loop
      vertex 1.67409 9.31828 19
      vertex 2.73943 7.92991 19
      vertex 2.50007 7.75839 19
    endloop
  endfacet
  facet normal 0 0 -1
    outer loop
      vertex 4.03593 9.5097 19
      vertex 2.4664 10.2837 19
      vertex 2.54067 10.4476 19
    endloop
  endfacet
  facet normal 0 0 -1
    outer loop
      vertex 3.89711 9.25 19
      vertex 2.38157 10.125 19
      vertex 2.4664 10.2837 19
    endloop
  endfacet
  facet normal 0 0 -1
    outer loop
      vertex 3.74161 8.99993 19
      vertex 2.28654 9.97218 19
      vertex 2.38157 10.125 19
    endloop
  endfacet
  facet normal 0 0 -1
    outer loop
      vertex 1.52782 9.21346 19
      vertex 2.50007 7.75839 19
      vertex 2.25 7.60289 19
    endloop
  endfacet
  facet normal 0 0 -1
    outer loop
      vertex 3.57009 8.76057 19
      vertex 2.18172 9.82591 19
      vertex 2.28654 9.97218 19
    endloop
  endfacet
  facet normal 0 0 -1
    outer loop
      vertex 3.38328 8.53294 19
      vertex 2.06756 9.6868 19
      vertex 2.18172 9.82591 19
    endloop
  endfacet
  facet normal 0 0 -1
    outer loop
      vertex 1.375 9.11843 19
      vertex 2.25 7.60289 19
      vertex 1.9903 7.46407 19
    endloop
  endfacet
  facet normal 0 0 -1
    outer loop
      vertex 3.18198 8.31802 19
      vertex 1.94454 9.55546 19
      vertex 2.06756 9.6868 19
    endloop
  endfacet
  facet normal 0 0 -1
    outer loop
      vertex 2.96706 8.11672 19
      vertex 1.8132 9.43244 19
      vertex 1.94454 9.55546 19
    endloop
  endfacet
  facet normal 0 0 -1
    outer loop
      vertex 1.21629 9.0336 19
      vertex 1.9903 7.46407 19
      vertex 1.72207 7.34254 19
    endloop
  endfacet
  facet normal 0 0 -1
    outer loop
      vertex 2.73943 7.92991 19
      vertex 1.67409 9.31828 19
      vertex 1.8132 9.43244 19
    endloop
  endfacet
  facet normal 0 0 -1
    outer loop
      vertex 2.50007 7.75839 19
      vertex 1.52782 9.21346 19
      vertex 1.67409 9.31828 19
    endloop
  endfacet
  facet normal 0 0 -1
    outer loop
      vertex 1.05238 8.95933 19
      vertex 1.72207 7.34254 19
      vertex 1.44648 7.23882 19
    endloop
  endfacet
  facet normal 0 0 -1
    outer loop
      vertex 2.25 7.60289 19
      vertex 1.375 9.11843 19
      vertex 1.52782 9.21346 19
    endloop
  endfacet
  facet normal 0 0 -1
    outer loop
      vertex 1.9903 7.46407 19
      vertex 1.21629 9.0336 19
      vertex 1.375 9.11843 19
    endloop
  endfacet
  facet normal 0 0 -1
    outer loop
      vertex 0.883958 8.89594 19
      vertex 1.44648 7.23882 19
      vertex 1.16469 7.15333 19
    endloop
  endfacet
  facet normal 0 0 -1
    outer loop
      vertex 1.72207 7.34254 19
      vertex 1.05238 8.95933 19
      vertex 1.21629 9.0336 19
    endloop
  endfacet
  facet normal 0 0 -1
    outer loop
      vertex 1.44648 7.23882 19
      vertex 0.883958 8.89594 19
      vertex 1.05238 8.95933 19
    endloop
  endfacet
  facet normal 0 0 -1
    outer loop
      vertex 0.711752 8.8437 19
      vertex 1.16469 7.15333 19
      vertex 0.877906 7.08647 19
    endloop
  endfacet
  facet normal 0 0 -1
    outer loop
      vertex 1.16469 7.15333 19
      vertex 0.711752 8.8437 19
      vertex 0.883958 8.89594 19
    endloop
  endfacet
  facet normal 0 0 -1
    outer loop
      vertex 0.536498 8.80284 19
      vertex 0.877906 7.08647 19
      vertex 0.587367 7.0385 19
    endloop
  endfacet
  facet normal 0 0 -1
    outer loop
      vertex 0.877906 7.08647 19
      vertex 0.536498 8.80284 19
      vertex 0.711752 8.8437 19
    endloop
  endfacet
  facet normal 0 0 -1
    outer loop
      vertex 0.587367 7.0385 19
      vertex 0.358947 8.77353 19
      vertex 0.536498 8.80284 19
    endloop
  endfacet
  facet normal 0 0 -1
    outer loop
      vertex 0.294313 7.00963 19
      vertex 0.358947 8.77353 19
      vertex 0.587367 7.0385 19
    endloop
  endfacet
  facet normal 0 0 -1
    outer loop
      vertex 0.294313 7.00963 19
      vertex 0.179858 8.75589 19
      vertex 0.358947 8.77353 19
    endloop
  endfacet
  facet normal 0 0 -1
    outer loop
      vertex 0 7 19
      vertex 0.179858 8.75589 19
      vertex 0.294313 7.00963 19
    endloop
  endfacet
  facet normal 0 0 -1
    outer loop
      vertex 0 7 19
      vertex 0 8.75 19
      vertex 0.179858 8.75589 19
    endloop
  endfacet
  facet normal 0 0 -1
    outer loop
      vertex 0 7 19
      vertex -0.179858 8.75589 19
      vertex 0 8.75 19
    endloop
  endfacet
  facet normal 0 0 -1
    outer loop
      vertex -0.294313 7.00963 19
      vertex -0.179858 8.75589 19
      vertex 0 7 19
    endloop
  endfacet
  facet normal 0 0 -1
    outer loop
      vertex -0.294313 7.00963 19
      vertex -0.358947 8.77353 19
      vertex -0.179858 8.75589 19
    endloop
  endfacet
  facet normal 0 0 -1
    outer loop
      vertex -0.587367 7.0385 19
      vertex -0.358947 8.77353 19
      vertex -0.294313 7.00963 19
    endloop
  endfacet
  facet normal -0 0 -1
    outer loop
      vertex -0.358947 8.77353 19
      vertex -0.587367 7.0385 19
      vertex -0.536498 8.80284 19
    endloop
  endfacet
  facet normal 0 0 -1
    outer loop
      vertex -0.877906 7.08647 19
      vertex -0.536498 8.80284 19
      vertex -0.587367 7.0385 19
    endloop
  endfacet
  facet normal -0 0 -1
    outer loop
      vertex -0.536498 8.80284 19
      vertex -0.877906 7.08647 19
      vertex -0.711752 8.8437 19
    endloop
  endfacet
  facet normal 0 0 -1
    outer loop
      vertex -1.16469 7.15333 19
      vertex -0.711752 8.8437 19
      vertex -0.877906 7.08647 19
    endloop
  endfacet
  facet normal -0 0 -1
    outer loop
      vertex -0.711752 8.8437 19
      vertex -1.16469 7.15333 19
      vertex -0.883958 8.89594 19
    endloop
  endfacet
  facet normal 0 0 -1
    outer loop
      vertex -1.44648 7.23882 19
      vertex -0.883958 8.89594 19
      vertex -1.16469 7.15333 19
    endloop
  endfacet
  facet normal -0 0 -1
    outer loop
      vertex -0.883958 8.89594 19
      vertex -1.44648 7.23882 19
      vertex -1.05238 8.95933 19
    endloop
  endfacet
  facet normal 0 0 -1
    outer loop
      vertex -1.72207 7.34254 19
      vertex -1.05238 8.95933 19
      vertex -1.44648 7.23882 19
    endloop
  endfacet
  facet normal -0 0 -1
    outer loop
      vertex -1.05238 8.95933 19
      vertex -1.72207 7.34254 19
      vertex -1.21629 9.0336 19
    endloop
  endfacet
  facet normal 0 0 -1
    outer loop
      vertex -1.9903 7.46407 19
      vertex -1.21629 9.0336 19
      vertex -1.72207 7.34254 19
    endloop
  endfacet
  facet normal -0 0 -1
    outer loop
      vertex -1.21629 9.0336 19
      vertex -1.9903 7.46407 19
      vertex -1.375 9.11843 19
    endloop
  endfacet
  facet normal 0 0 -1
    outer loop
      vertex -2.25 7.60289 19
      vertex -1.375 9.11843 19
      vertex -1.9903 7.46407 19
    endloop
  endfacet
  facet normal -0 0 -1
    outer loop
      vertex -1.375 9.11843 19
      vertex -2.25 7.60289 19
      vertex -1.52782 9.21346 19
    endloop
  endfacet
  facet normal 0 0 -1
    outer loop
      vertex -2.50007 7.75839 19
      vertex -1.52782 9.21346 19
      vertex -2.25 7.60289 19
    endloop
  endfacet
  facet normal -0 0 -1
    outer loop
      vertex -1.52782 9.21346 19
      vertex -2.50007 7.75839 19
      vertex -1.67409 9.31828 19
    endloop
  endfacet
  facet normal 0 0 -1
    outer loop
      vertex -2.73943 7.92991 19
      vertex -1.67409 9.31828 19
      vertex -2.50007 7.75839 19
    endloop
  endfacet
  facet normal -0 0 -1
    outer loop
      vertex -1.67409 9.31828 19
      vertex -2.73943 7.92991 19
      vertex -1.8132 9.43244 19
    endloop
  endfacet
  facet normal 0 0 -1
    outer loop
      vertex -2.96706 8.11672 19
      vertex -1.8132 9.43244 19
      vertex -2.73943 7.92991 19
    endloop
  endfacet
  facet normal -0 0 -1
    outer loop
      vertex -1.8132 9.43244 19
      vertex -2.96706 8.11672 19
      vertex -1.94454 9.55546 19
    endloop
  endfacet
  facet normal 0 0 -1
    outer loop
      vertex -3.18198 8.31802 19
      vertex -1.94454 9.55546 19
      vertex -2.96706 8.11672 19
    endloop
  endfacet
  facet normal -0 0 -1
    outer loop
      vertex -1.94454 9.55546 19
      vertex -3.18198 8.31802 19
      vertex -2.06756 9.6868 19
    endloop
  endfacet
  facet normal 0 0 -1
    outer loop
      vertex -3.38328 8.53294 19
      vertex -2.06756 9.6868 19
      vertex -3.18198 8.31802 19
    endloop
  endfacet
  facet normal -0 0 -1
    outer loop
      vertex -2.06756 9.6868 19
      vertex -3.38328 8.53294 19
      vertex -2.18172 9.82591 19
    endloop
  endfacet
  facet normal 0 0 -1
    outer loop
      vertex -3.57009 8.76057 19
      vertex -2.18172 9.82591 19
      vertex -3.38328 8.53294 19
    endloop
  endfacet
  facet normal -0 0 -1
    outer loop
      vertex -2.18172 9.82591 19
      vertex -3.57009 8.76057 19
      vertex -2.28654 9.97218 19
    endloop
  endfacet
  facet normal 0 0 -1
    outer loop
      vertex -3.74161 8.99993 19
      vertex -2.28654 9.97218 19
      vertex -3.57009 8.76057 19
    endloop
  endfacet
  facet normal -0 0 -1
    outer loop
      vertex -2.28654 9.97218 19
      vertex -3.74161 8.99993 19
      vertex -2.38157 10.125 19
    endloop
  endfacet
  facet normal 0 0 -1
    outer loop
      vertex -3.89711 9.25 19
      vertex -2.38157 10.125 19
      vertex -3.74161 8.99993 19
    endloop
  endfacet
  facet normal -0 0 -1
    outer loop
      vertex -2.38157 10.125 19
      vertex -3.89711 9.25 19
      vertex -2.4664 10.2837 19
    endloop
  endfacet
  facet normal 0 0 -1
    outer loop
      vertex -4.03593 9.5097 19
      vertex -2.4664 10.2837 19
      vertex -3.89711 9.25 19
    endloop
  endfacet
  facet normal -0 0 -1
    outer loop
      vertex -2.4664 10.2837 19
      vertex -4.03593 9.5097 19
      vertex -2.54067 10.4476 19
    endloop
  endfacet
  facet normal 0 0 -1
    outer loop
      vertex 2.4664 12.7163 19
      vertex 4.03593 13.4903 19
      vertex 2.54067 12.5524 19
    endloop
  endfacet
  facet normal -0 0 -1
    outer loop
      vertex 4.03593 13.4903 19
      vertex 2.4664 12.7163 19
      vertex 3.89711 13.75 19
    endloop
  endfacet
  facet normal 0 0 -1
    outer loop
      vertex 2.38157 12.875 19
      vertex 3.89711 13.75 19
      vertex 2.4664 12.7163 19
    endloop
  endfacet
  facet normal -0 0 -1
    outer loop
      vertex 3.89711 13.75 19
      vertex 2.38157 12.875 19
      vertex 3.74161 14.0001 19
    endloop
  endfacet
  facet normal 0 0 -1
    outer loop
      vertex 2.28654 13.0278 19
      vertex 3.74161 14.0001 19
      vertex 2.38157 12.875 19
    endloop
  endfacet
  facet normal -0 0 -1
    outer loop
      vertex 3.74161 14.0001 19
      vertex 2.28654 13.0278 19
      vertex 3.57009 14.2394 19
    endloop
  endfacet
  facet normal 0 0 -1
    outer loop
      vertex 2.18172 13.1741 19
      vertex 3.57009 14.2394 19
      vertex 2.28654 13.0278 19
    endloop
  endfacet
  facet normal -0 0 -1
    outer loop
      vertex 3.57009 14.2394 19
      vertex 2.18172 13.1741 19
      vertex 3.38328 14.4671 19
    endloop
  endfacet
  facet normal 0 0 -1
    outer loop
      vertex 2.06756 13.3132 19
      vertex 3.38328 14.4671 19
      vertex 2.18172 13.1741 19
    endloop
  endfacet
  facet normal -0 0 -1
    outer loop
      vertex 3.38328 14.4671 19
      vertex 2.06756 13.3132 19
      vertex 3.18198 14.682 19
    endloop
  endfacet
  facet normal 0 0 -1
    outer loop
      vertex 1.94454 13.4445 19
      vertex 3.18198 14.682 19
      vertex 2.06756 13.3132 19
    endloop
  endfacet
  facet normal -0 0 -1
    outer loop
      vertex 3.18198 14.682 19
      vertex 1.94454 13.4445 19
      vertex 2.96706 14.8833 19
    endloop
  endfacet
  facet normal 0 0 -1
    outer loop
      vertex 1.8132 13.5676 19
      vertex 2.96706 14.8833 19
      vertex 1.94454 13.4445 19
    endloop
  endfacet
  facet normal -0 0 -1
    outer loop
      vertex 2.96706 14.8833 19
      vertex 1.8132 13.5676 19
      vertex 2.73943 15.0701 19
    endloop
  endfacet
  facet normal 0 0 -1
    outer loop
      vertex 1.67409 13.6817 19
      vertex 2.73943 15.0701 19
      vertex 1.8132 13.5676 19
    endloop
  endfacet
  facet normal -0 0 -1
    outer loop
      vertex 2.73943 15.0701 19
      vertex 1.67409 13.6817 19
      vertex 2.50007 15.2416 19
    endloop
  endfacet
  facet normal 0 0 -1
    outer loop
      vertex 1.52782 13.7865 19
      vertex 2.50007 15.2416 19
      vertex 1.67409 13.6817 19
    endloop
  endfacet
  facet normal -0 0 -1
    outer loop
      vertex 2.50007 15.2416 19
      vertex 1.52782 13.7865 19
      vertex 2.25 15.3971 19
    endloop
  endfacet
  facet normal 0 0 -1
    outer loop
      vertex 1.375 13.8816 19
      vertex 2.25 15.3971 19
      vertex 1.52782 13.7865 19
    endloop
  endfacet
  facet normal -0 0 -1
    outer loop
      vertex 2.25 15.3971 19
      vertex 1.375 13.8816 19
      vertex 1.9903 15.5359 19
    endloop
  endfacet
  facet normal 0 0 -1
    outer loop
      vertex 1.21629 13.9664 19
      vertex 1.9903 15.5359 19
      vertex 1.375 13.8816 19
    endloop
  endfacet
  facet normal -0 0 -1
    outer loop
      vertex 1.9903 15.5359 19
      vertex 1.21629 13.9664 19
      vertex 1.72207 15.6575 19
    endloop
  endfacet
  facet normal 0 0 -1
    outer loop
      vertex 1.05238 14.0407 19
      vertex 1.72207 15.6575 19
      vertex 1.21629 13.9664 19
    endloop
  endfacet
  facet normal -0 0 -1
    outer loop
      vertex 1.72207 15.6575 19
      vertex 1.05238 14.0407 19
      vertex 1.44648 15.7612 19
    endloop
  endfacet
  facet normal 0 0 -1
    outer loop
      vertex 0.883958 14.1041 19
      vertex 1.44648 15.7612 19
      vertex 1.05238 14.0407 19
    endloop
  endfacet
  facet normal -0 0 -1
    outer loop
      vertex 1.44648 15.7612 19
      vertex 0.883958 14.1041 19
      vertex 1.16469 15.8467 19
    endloop
  endfacet
  facet normal 0 0 -1
    outer loop
      vertex 0.711752 14.1563 19
      vertex 1.16469 15.8467 19
      vertex 0.883958 14.1041 19
    endloop
  endfacet
  facet normal -0 0 -1
    outer loop
      vertex 1.16469 15.8467 19
      vertex 0.711752 14.1563 19
      vertex 0.877906 15.9135 19
    endloop
  endfacet
  facet normal 0 0 -1
    outer loop
      vertex 0.536498 14.1972 19
      vertex 0.877906 15.9135 19
      vertex 0.711752 14.1563 19
    endloop
  endfacet
  facet normal -0 0 -1
    outer loop
      vertex 0.877906 15.9135 19
      vertex 0.536498 14.1972 19
      vertex 0.587367 15.9615 19
    endloop
  endfacet
  facet normal 0 0 -1
    outer loop
      vertex 0.358947 14.2265 19
      vertex 0.587367 15.9615 19
      vertex 0.536498 14.1972 19
    endloop
  endfacet
  facet normal 0 0 -1
    outer loop
      vertex 0.358947 14.2265 19
      vertex 0.294313 15.9904 19
      vertex 0.587367 15.9615 19
    endloop
  endfacet
  facet normal 0 0 -1
    outer loop
      vertex 0.179858 14.2441 19
      vertex 0.294313 15.9904 19
      vertex 0.358947 14.2265 19
    endloop
  endfacet
  facet normal 0 0 -1
    outer loop
      vertex 0 14.25 19
      vertex 0.294313 15.9904 19
      vertex 0.179858 14.2441 19
    endloop
  endfacet
  facet normal 0 0 -1
    outer loop
      vertex 0 14.25 19
      vertex 0 16 19
      vertex 0.294313 15.9904 19
    endloop
  endfacet
  facet normal 0 0 -1
    outer loop
      vertex -0.179858 14.2441 19
      vertex 0 16 19
      vertex 0 14.25 19
    endloop
  endfacet
  facet normal 0 0 -1
    outer loop
      vertex -0.179858 14.2441 19
      vertex -0.294313 15.9904 19
      vertex 0 16 19
    endloop
  endfacet
  facet normal 0 0 -1
    outer loop
      vertex -0.358947 14.2265 19
      vertex -0.294313 15.9904 19
      vertex -0.179858 14.2441 19
    endloop
  endfacet
  facet normal 0 0 -1
    outer loop
      vertex -0.587367 15.9615 19
      vertex -0.358947 14.2265 19
      vertex -0.536498 14.1972 19
    endloop
  endfacet
  facet normal 0 0 -1
    outer loop
      vertex -0.358947 14.2265 19
      vertex -0.587367 15.9615 19
      vertex -0.294313 15.9904 19
    endloop
  endfacet
  facet normal 0 0 -1
    outer loop
      vertex -0.877906 15.9135 19
      vertex -0.536498 14.1972 19
      vertex -0.711752 14.1563 19
    endloop
  endfacet
  facet normal 0 0 -1
    outer loop
      vertex -0.536498 14.1972 19
      vertex -0.877906 15.9135 19
      vertex -0.587367 15.9615 19
    endloop
  endfacet
  facet normal 0 0 -1
    outer loop
      vertex -1.16469 15.8467 19
      vertex -0.711752 14.1563 19
      vertex -0.883958 14.1041 19
    endloop
  endfacet
  facet normal 0 0 -1
    outer loop
      vertex -1.44648 15.7612 19
      vertex -0.883958 14.1041 19
      vertex -1.05238 14.0407 19
    endloop
  endfacet
  facet normal 0 0 -1
    outer loop
      vertex -0.711752 14.1563 19
      vertex -1.16469 15.8467 19
      vertex -0.877906 15.9135 19
    endloop
  endfacet
  facet normal 0 0 -1
    outer loop
      vertex -1.72207 15.6575 19
      vertex -1.05238 14.0407 19
      vertex -1.21629 13.9664 19
    endloop
  endfacet
  facet normal 0 0 -1
    outer loop
      vertex -1.9903 15.5359 19
      vertex -1.21629 13.9664 19
      vertex -1.375 13.8816 19
    endloop
  endfacet
  facet normal 0 0 -1
    outer loop
      vertex -0.883958 14.1041 19
      vertex -1.44648 15.7612 19
      vertex -1.16469 15.8467 19
    endloop
  endfacet
  facet normal 0 0 -1
    outer loop
      vertex -2.25 15.3971 19
      vertex -1.375 13.8816 19
      vertex -1.52782 13.7865 19
    endloop
  endfacet
  facet normal 0 0 -1
    outer loop
      vertex -2.50007 15.2416 19
      vertex -1.52782 13.7865 19
      vertex -1.67409 13.6817 19
    endloop
  endfacet
  facet normal 0 0 -1
    outer loop
      vertex -1.05238 14.0407 19
      vertex -1.72207 15.6575 19
      vertex -1.44648 15.7612 19
    endloop
  endfacet
  facet normal 0 0 -1
    outer loop
      vertex -2.73943 15.0701 19
      vertex -1.67409 13.6817 19
      vertex -1.8132 13.5676 19
    endloop
  endfacet
  facet normal 0 0 -1
    outer loop
      vertex -2.96706 14.8833 19
      vertex -1.8132 13.5676 19
      vertex -1.94454 13.4445 19
    endloop
  endfacet
  facet normal 0 0 -1
    outer loop
      vertex -1.21629 13.9664 19
      vertex -1.9903 15.5359 19
      vertex -1.72207 15.6575 19
    endloop
  endfacet
  facet normal 0 0 -1
    outer loop
      vertex -3.18198 14.682 19
      vertex -1.94454 13.4445 19
      vertex -2.06756 13.3132 19
    endloop
  endfacet
  facet normal 0 0 -1
    outer loop
      vertex -3.38328 14.4671 19
      vertex -2.06756 13.3132 19
      vertex -2.18172 13.1741 19
    endloop
  endfacet
  facet normal 0 0 -1
    outer loop
      vertex -1.375 13.8816 19
      vertex -2.25 15.3971 19
      vertex -1.9903 15.5359 19
    endloop
  endfacet
  facet normal 0 0 -1
    outer loop
      vertex -3.57009 14.2394 19
      vertex -2.18172 13.1741 19
      vertex -2.28654 13.0278 19
    endloop
  endfacet
  facet normal 0 0 -1
    outer loop
      vertex -3.74161 14.0001 19
      vertex -2.28654 13.0278 19
      vertex -2.38157 12.875 19
    endloop
  endfacet
  facet normal 0 0 -1
    outer loop
      vertex -3.89711 13.75 19
      vertex -2.38157 12.875 19
      vertex -2.4664 12.7163 19
    endloop
  endfacet
  facet normal 0 0 -1
    outer loop
      vertex -1.52782 13.7865 19
      vertex -2.50007 15.2416 19
      vertex -2.25 15.3971 19
    endloop
  endfacet
  facet normal 0 0 -1
    outer loop
      vertex -4.03593 13.4903 19
      vertex -2.4664 12.7163 19
      vertex -2.54067 12.5524 19
    endloop
  endfacet
  facet normal 0 0 -1
    outer loop
      vertex -4.15746 13.2221 19
      vertex -2.54067 12.5524 19
      vertex -2.60406 12.384 19
    endloop
  endfacet
  facet normal 0 0 -1
    outer loop
      vertex -4.26118 12.9465 19
      vertex -2.60406 12.384 19
      vertex -2.6563 12.2118 19
    endloop
  endfacet
  facet normal 0 0 -1
    outer loop
      vertex -4.34667 12.6647 19
      vertex -2.6563 12.2118 19
      vertex -2.69716 12.0365 19
    endloop
  endfacet
  facet normal 0 0 -1
    outer loop
      vertex -4.41353 12.3779 19
      vertex -2.69716 12.0365 19
      vertex -2.72647 11.8589 19
    endloop
  endfacet
  facet normal 0 0 -1
    outer loop
      vertex -1.67409 13.6817 19
      vertex -2.73943 15.0701 19
      vertex -2.50007 15.2416 19
    endloop
  endfacet
  facet normal 0 0 -1
    outer loop
      vertex -4.4615 12.0874 19
      vertex -2.72647 11.8589 19
      vertex -2.74411 11.6799 19
    endloop
  endfacet
  facet normal 0 0 -1
    outer loop
      vertex -4.49037 11.7943 19
      vertex -2.74411 11.6799 19
      vertex -2.75 11.5 19
    endloop
  endfacet
  facet normal 0 0 -1
    outer loop
      vertex -4.15746 9.77793 19
      vertex -2.54067 10.4476 19
      vertex -4.03593 9.5097 19
    endloop
  endfacet
  facet normal 0 0 -1
    outer loop
      vertex -1.8132 13.5676 19
      vertex -2.96706 14.8833 19
      vertex -2.73943 15.0701 19
    endloop
  endfacet
  facet normal -0 0 -1
    outer loop
      vertex -2.54067 10.4476 19
      vertex -4.15746 9.77793 19
      vertex -2.60406 10.616 19
    endloop
  endfacet
  facet normal 0 0 -1
    outer loop
      vertex -1.94454 13.4445 19
      vertex -3.18198 14.682 19
      vertex -2.96706 14.8833 19
    endloop
  endfacet
  facet normal 0 0 -1
    outer loop
      vertex -4.26118 10.0535 19
      vertex -2.60406 10.616 19
      vertex -4.15746 9.77793 19
    endloop
  endfacet
  facet normal 0 0 -1
    outer loop
      vertex -2.06756 13.3132 19
      vertex -3.38328 14.4671 19
      vertex -3.18198 14.682 19
    endloop
  endfacet
  facet normal -0 0 -1
    outer loop
      vertex -2.60406 10.616 19
      vertex -4.26118 10.0535 19
      vertex -2.6563 10.7882 19
    endloop
  endfacet
  facet normal 0 0 -1
    outer loop
      vertex -2.18172 13.1741 19
      vertex -3.57009 14.2394 19
      vertex -3.38328 14.4671 19
    endloop
  endfacet
  facet normal 0 0 -1
    outer loop
      vertex -4.34667 10.3353 19
      vertex -2.6563 10.7882 19
      vertex -4.26118 10.0535 19
    endloop
  endfacet
  facet normal 0 0 -1
    outer loop
      vertex -2.28654 13.0278 19
      vertex -3.74161 14.0001 19
      vertex -3.57009 14.2394 19
    endloop
  endfacet
  facet normal -0 0 -1
    outer loop
      vertex -2.6563 10.7882 19
      vertex -4.34667 10.3353 19
      vertex -2.69716 10.9635 19
    endloop
  endfacet
  facet normal 0 0 -1
    outer loop
      vertex -2.38157 12.875 19
      vertex -3.89711 13.75 19
      vertex -3.74161 14.0001 19
    endloop
  endfacet
  facet normal 0 0 -1
    outer loop
      vertex -4.41353 10.6221 19
      vertex -2.69716 10.9635 19
      vertex -4.34667 10.3353 19
    endloop
  endfacet
  facet normal 0 0 -1
    outer loop
      vertex -2.4664 12.7163 19
      vertex -4.03593 13.4903 19
      vertex -3.89711 13.75 19
    endloop
  endfacet
  facet normal -0 0 -1
    outer loop
      vertex -2.69716 10.9635 19
      vertex -4.41353 10.6221 19
      vertex -2.72647 11.1411 19
    endloop
  endfacet
  facet normal 0 0 -1
    outer loop
      vertex -2.54067 12.5524 19
      vertex -4.15746 13.2221 19
      vertex -4.03593 13.4903 19
    endloop
  endfacet
  facet normal 0 0 -1
    outer loop
      vertex -4.4615 10.9126 19
      vertex -2.72647 11.1411 19
      vertex -4.41353 10.6221 19
    endloop
  endfacet
  facet normal 0 0 -1
    outer loop
      vertex -2.60406 12.384 19
      vertex -4.26118 12.9465 19
      vertex -4.15746 13.2221 19
    endloop
  endfacet
  facet normal -0 0 -1
    outer loop
      vertex -2.72647 11.1411 19
      vertex -4.4615 10.9126 19
      vertex -2.74411 11.3201 19
    endloop
  endfacet
  facet normal 0 0 -1
    outer loop
      vertex -2.6563 12.2118 19
      vertex -4.34667 12.6647 19
      vertex -4.26118 12.9465 19
    endloop
  endfacet
  facet normal 0 0 -1
    outer loop
      vertex -4.49037 11.2057 19
      vertex -2.74411 11.3201 19
      vertex -4.4615 10.9126 19
    endloop
  endfacet
  facet normal 0 0 -1
    outer loop
      vertex -2.69716 12.0365 19
      vertex -4.41353 12.3779 19
      vertex -4.34667 12.6647 19
    endloop
  endfacet
  facet normal -0 0 -1
    outer loop
      vertex -2.74411 11.3201 19
      vertex -4.49037 11.2057 19
      vertex -2.75 11.5 19
    endloop
  endfacet
  facet normal 0 0 -1
    outer loop
      vertex -2.72647 11.8589 19
      vertex -4.4615 12.0874 19
      vertex -4.41353 12.3779 19
    endloop
  endfacet
  facet normal 0 0 -1
    outer loop
      vertex -4.5 11.5 19
      vertex -2.75 11.5 19
      vertex -4.49037 11.2057 19
    endloop
  endfacet
  facet normal 0 0 -1
    outer loop
      vertex -2.74411 11.6799 19
      vertex -4.49037 11.7943 19
      vertex -4.4615 12.0874 19
    endloop
  endfacet
  facet normal 0 0 -1
    outer loop
      vertex -2.75 11.5 19
      vertex -4.5 11.5 19
      vertex -4.49037 11.7943 19
    endloop
  endfacet
  facet normal 0.881914 -0.47141 2.75357e-19
    outer loop
      vertex -2.4664 12.7163 26
      vertex -2.38157 12.875 19
      vertex -2.38157 12.875 26
    endloop
  endfacet
  facet normal 0.881914 -0.47141 2.75357e-19
    outer loop
      vertex -2.38157 12.875 19
      vertex -2.4664 12.7163 26
      vertex -2.4664 12.7163 19
    endloop
  endfacet
  facet normal -0.910847 0.412743 3.25666e-19
    outer loop
      vertex 2.4664 10.2837 19
      vertex 2.54067 10.4476 26
      vertex 2.54067 10.4476 19
    endloop
  endfacet
  facet normal -0.910847 0.412743 3.25666e-19
    outer loop
      vertex 2.54067 10.4476 26
      vertex 2.4664 10.2837 19
      vertex 2.4664 10.2837 26
    endloop
  endfacet
  facet normal -0.290091 -0.956999 0
    outer loop
      vertex 0.711752 14.1563 19
      vertex 0.883958 14.1041 26
      vertex 0.711752 14.1563 26
    endloop
  endfacet
  facet normal -0.290091 -0.956999 -0
    outer loop
      vertex 0.883958 14.1041 26
      vertex 0.711752 14.1563 19
      vertex 0.883958 14.1041 19
    endloop
  endfacet
  facet normal 0.634378 0.773023 -0
    outer loop
      vertex -1.67409 9.31828 19
      vertex -1.8132 9.43244 26
      vertex -1.67409 9.31828 26
    endloop
  endfacet
  facet normal 0.634378 0.773023 0
    outer loop
      vertex -1.8132 9.43244 26
      vertex -1.67409 9.31828 19
      vertex -1.8132 9.43244 19
    endloop
  endfacet
  facet normal 0.773023 0.634378 -1.34271e-18
    outer loop
      vertex -2.06756 9.6868 26
      vertex -2.18172 9.82591 19
      vertex -2.18172 9.82591 26
    endloop
  endfacet
  facet normal 0.773023 0.634378 -1.34271e-18
    outer loop
      vertex -2.18172 9.82591 19
      vertex -2.06756 9.6868 26
      vertex -2.06756 9.6868 19
    endloop
  endfacet
  facet normal 0.162875 0.986647 -0
    outer loop
      vertex -0.358947 8.77353 19
      vertex -0.536498 8.80284 26
      vertex -0.358947 8.77353 26
    endloop
  endfacet
  facet normal 0.162875 0.986647 0
    outer loop
      vertex -0.536498 8.80284 26
      vertex -0.358947 8.77353 19
      vertex -0.536498 8.80284 19
    endloop
  endfacet
  facet normal 0.0980241 0.995184 -0
    outer loop
      vertex -0.179858 8.75589 19
      vertex -0.358947 8.77353 26
      vertex -0.179858 8.75589 26
    endloop
  endfacet
  facet normal 0.0980241 0.995184 0
    outer loop
      vertex -0.358947 8.77353 26
      vertex -0.179858 8.75589 19
      vertex -0.358947 8.77353 19
    endloop
  endfacet
  facet normal 0.634179 -0.773187 0
    outer loop
      vertex -1.8132 13.5676 19
      vertex -1.67409 13.6817 26
      vertex -1.8132 13.5676 26
    endloop
  endfacet
  facet normal 0.634179 -0.773187 0
    outer loop
      vertex -1.67409 13.6817 26
      vertex -1.8132 13.5676 19
      vertex -1.67409 13.6817 19
    endloop
  endfacet
  facet normal -0.683612 0.729846 0
    outer loop
      vertex 1.94454 9.55546 19
      vertex 1.8132 9.43244 26
      vertex 1.94454 9.55546 26
    endloop
  endfacet
  facet normal -0.683612 0.729846 0
    outer loop
      vertex 1.8132 9.43244 26
      vertex 1.94454 9.55546 19
      vertex 1.8132 9.43244 19
    endloop
  endfacet
  facet normal 0.412722 0.910857 -0
    outer loop
      vertex -1.05238 8.95933 19
      vertex -1.21629 9.0336 26
      vertex -1.05238 8.95933 26
    endloop
  endfacet
  facet normal 0.412722 0.910857 0
    outer loop
      vertex -1.21629 9.0336 26
      vertex -1.05238 8.95933 19
      vertex -1.21629 9.0336 19
    endloop
  endfacet
  facet normal 0.582494 0.812835 -0
    outer loop
      vertex -1.52782 9.21346 19
      vertex -1.67409 9.31828 26
      vertex -1.52782 9.21346 26
    endloop
  endfacet
  facet normal 0.582494 0.812835 0
    outer loop
      vertex -1.67409 9.31828 26
      vertex -1.52782 9.21346 19
      vertex -1.67409 9.31828 19
    endloop
  endfacet
  facet normal -0.163001 -0.986626 0
    outer loop
      vertex 0.587367 15.9615 0
      vertex 0.877906 15.9135 19
      vertex 0.587367 15.9615 19
    endloop
  endfacet
  facet normal -0.163001 -0.986626 -0
    outer loop
      vertex 0.877906 15.9135 19
      vertex 0.587367 15.9615 0
      vertex 0.877906 15.9135 0
    endloop
  endfacet
  facet normal 0.986639 -0.162923 -9.44208e-20
    outer loop
      vertex -4.4615 12.0874 19
      vertex -4.41353 12.3779 0
      vertex -4.41353 12.3779 19
    endloop
  endfacet
  facet normal 0.986639 -0.162923 -9.44208e-20
    outer loop
      vertex -4.41353 12.3779 0
      vertex -4.4615 12.0874 19
      vertex -4.4615 12.0874 0
    endloop
  endfacet
  facet normal 0.973886 0.227036 1.74499e-19
    outer loop
      vertex -4.34667 10.3353 19
      vertex -4.41353 10.6221 0
      vertex -4.41353 10.6221 19
    endloop
  endfacet
  facet normal 0.973886 0.227036 1.74499e-19
    outer loop
      vertex -4.41353 10.6221 0
      vertex -4.34667 10.3353 19
      vertex -4.34667 10.3353 0
    endloop
  endfacet
  facet normal 0.528059 -0.849208 0
    outer loop
      vertex -2.50007 15.2416 0
      vertex -2.25 15.3971 19
      vertex -2.50007 15.2416 19
    endloop
  endfacet
  facet normal 0.528059 -0.849208 0
    outer loop
      vertex -2.25 15.3971 19
      vertex -2.50007 15.2416 0
      vertex -2.25 15.3971 0
    endloop
  endfacet
  facet normal 0.162901 0.986642 -0
    outer loop
      vertex -0.587367 7.0385 0
      vertex -0.877906 7.08647 19
      vertex -0.587367 7.0385 19
    endloop
  endfacet
  facet normal 0.162901 0.986642 0
    outer loop
      vertex -0.877906 7.08647 19
      vertex -0.587367 7.0385 0
      vertex -0.877906 7.08647 0
    endloop
  endfacet
  facet normal -0.528059 0.849208 0
    outer loop
      vertex 2.50007 7.75839 0
      vertex 2.25 7.60289 19
      vertex 2.50007 7.75839 19
    endloop
  endfacet
  facet normal -0.528059 0.849208 0
    outer loop
      vertex 2.25 7.60289 19
      vertex 2.50007 7.75839 0
      vertex 2.25 7.60289 0
    endloop
  endfacet
  facet normal -0.683602 0.729855 0
    outer loop
      vertex 3.18198 8.31802 0
      vertex 2.96706 8.11672 19
      vertex 3.18198 8.31802 19
    endloop
  endfacet
  facet normal -0.683602 0.729855 0
    outer loop
      vertex 2.96706 8.11672 19
      vertex 3.18198 8.31802 0
      vertex 2.96706 8.11672 0
    endloop
  endfacet
  facet normal 0.956934 -0.290306 2.88841e-19
    outer loop
      vertex -4.34667 12.6647 19
      vertex -4.26118 12.9465 0
      vertex -4.26118 12.9465 19
    endloop
  endfacet
  facet normal 0.956934 -0.290306 2.88841e-19
    outer loop
      vertex -4.26118 12.9465 0
      vertex -4.34667 12.6647 19
      vertex -4.34667 12.6647 0
    endloop
  endfacet
  facet normal 0.683602 -0.729855 0
    outer loop
      vertex -3.18198 14.682 0
      vertex -2.96706 14.8833 19
      vertex -3.18198 14.682 19
    endloop
  endfacet
  facet normal 0.683602 -0.729855 0
    outer loop
      vertex -2.96706 14.8833 19
      vertex -3.18198 14.682 0
      vertex -2.96706 14.8833 0
    endloop
  endfacet
  facet normal 0.634371 -0.773029 0
    outer loop
      vertex -2.96706 14.8833 0
      vertex -2.73943 15.0701 19
      vertex -2.96706 14.8833 19
    endloop
  endfacet
  facet normal 0.634371 -0.773029 0
    outer loop
      vertex -2.73943 15.0701 19
      vertex -2.96706 14.8833 0
      vertex -2.73943 15.0701 0
    endloop
  endfacet
  facet normal -0.956934 0.290306 2.88841e-19
    outer loop
      vertex 4.26118 10.0535 0
      vertex 4.34667 10.3353 19
      vertex 4.34667 10.3353 0
    endloop
  endfacet
  facet normal -0.956934 0.290306 2.88841e-19
    outer loop
      vertex 4.34667 10.3353 19
      vertex 4.26118 10.0535 0
      vertex 4.26118 10.0535 19
    endloop
  endfacet
  facet normal -0.290347 -0.956922 0
    outer loop
      vertex 1.16469 15.8467 0
      vertex 1.44648 15.7612 19
      vertex 1.16469 15.8467 19
    endloop
  endfacet
  facet normal -0.290347 -0.956922 -0
    outer loop
      vertex 1.44648 15.7612 19
      vertex 1.16469 15.8467 0
      vertex 1.44648 15.7612 0
    endloop
  endfacet
  facet normal -0.227048 0.973883 0
    outer loop
      vertex 1.16469 7.15333 0
      vertex 0.877906 7.08647 19
      vertex 1.16469 7.15333 19
    endloop
  endfacet
  facet normal -0.227048 0.973883 0
    outer loop
      vertex 0.877906 7.08647 19
      vertex 1.16469 7.15333 0
      vertex 0.877906 7.08647 0
    endloop
  endfacet
  facet normal -0.634391 0.773012 0
    outer loop
      vertex 2.96706 8.11672 0
      vertex 2.73943 7.92991 19
      vertex 2.96706 8.11672 19
    endloop
  endfacet
  facet normal -0.634391 0.773012 0
    outer loop
      vertex 2.73943 7.92991 19
      vertex 2.96706 8.11672 0
      vertex 2.73943 7.92991 0
    endloop
  endfacet
  facet normal -0.812782 -0.582568 5.59302e-20
    outer loop
      vertex 3.74161 14.0001 0
      vertex 3.57009 14.2394 19
      vertex 3.57009 14.2394 0
    endloop
  endfacet
  facet normal -0.812782 -0.582568 5.59302e-20
    outer loop
      vertex 3.57009 14.2394 19
      vertex 3.74161 14.0001 0
      vertex 3.74161 14.0001 19
    endloop
  endfacet
  facet normal 0.910868 0.412697 -3.3983e-19
    outer loop
      vertex -4.03593 9.5097 19
      vertex -4.15746 9.77793 0
      vertex -4.15746 9.77793 19
    endloop
  endfacet
  facet normal 0.910868 0.412697 -3.3983e-19
    outer loop
      vertex -4.15746 9.77793 0
      vertex -4.03593 9.5097 19
      vertex -4.03593 9.5097 0
    endloop
  endfacet
  facet normal -0.973886 -0.227036 1.74499e-19
    outer loop
      vertex 4.41353 12.3779 0
      vertex 4.34667 12.6647 19
      vertex 4.34667 12.6647 0
    endloop
  endfacet
  facet normal -0.973886 -0.227036 1.74499e-19
    outer loop
      vertex 4.34667 12.6647 19
      vertex 4.41353 12.3779 0
      vertex 4.41353 12.3779 19
    endloop
  endfacet
  facet normal 0.999465 -0.0327042 3.14059e-20
    outer loop
      vertex -4.5 11.5 19
      vertex -4.49037 11.7943 0
      vertex -4.49037 11.7943 19
    endloop
  endfacet
  facet normal 0.999465 -0.0327042 3.14059e-20
    outer loop
      vertex -4.49037 11.7943 0
      vertex -4.5 11.5 19
      vertex -4.5 11.5 0
    endloop
  endfacet
  facet normal -0.910868 0.412697 3.3983e-19
    outer loop
      vertex 4.03593 9.5097 0
      vertex 4.15746 9.77793 19
      vertex 4.15746 9.77793 0
    endloop
  endfacet
  facet normal -0.910868 0.412697 3.3983e-19
    outer loop
      vertex 4.15746 9.77793 19
      vertex 4.03593 9.5097 0
      vertex 4.03593 9.5097 19
    endloop
  endfacet
  facet normal 0.995184 0.0980244 -4.47866e-20
    outer loop
      vertex -4.4615 10.9126 19
      vertex -4.49037 11.2057 0
      vertex -4.49037 11.2057 19
    endloop
  endfacet
  facet normal 0.995184 0.0980244 -4.47866e-20
    outer loop
      vertex -4.49037 11.2057 0
      vertex -4.4615 10.9126 19
      vertex -4.4615 10.9126 0
    endloop
  endfacet
  facet normal 0.935915 -0.352225 -3.2149e-20
    outer loop
      vertex -4.26118 12.9465 19
      vertex -4.15746 13.2221 0
      vertex -4.15746 13.2221 19
    endloop
  endfacet
  facet normal 0.935915 -0.352225 -3.2149e-20
    outer loop
      vertex -4.15746 13.2221 0
      vertex -4.26118 12.9465 19
      vertex -4.26118 12.9465 0
    endloop
  endfacet
  facet normal -0.683602 -0.729855 0
    outer loop
      vertex 2.96706 14.8833 0
      vertex 3.18198 14.682 19
      vertex 2.96706 14.8833 19
    endloop
  endfacet
  facet normal -0.683602 -0.729855 -0
    outer loop
      vertex 3.18198 14.682 19
      vertex 2.96706 14.8833 0
      vertex 3.18198 14.682 0
    endloop
  endfacet
  facet normal 0.290316 0.956931 -0
    outer loop
      vertex -1.16469 7.15333 0
      vertex -1.44648 7.23882 19
      vertex -1.16469 7.15333 19
    endloop
  endfacet
  facet normal 0.290316 0.956931 0
    outer loop
      vertex -1.44648 7.23882 19
      vertex -1.16469 7.15333 0
      vertex -1.44648 7.23882 0
    endloop
  endfacet
  facet normal -0.412697 0.910868 0
    outer loop
      vertex 1.9903 7.46407 0
      vertex 1.72207 7.34254 19
      vertex 1.9903 7.46407 19
    endloop
  endfacet
  facet normal -0.412697 0.910868 0
    outer loop
      vertex 1.72207 7.34254 19
      vertex 1.9903 7.46407 0
      vertex 1.72207 7.34254 0
    endloop
  endfacet
  facet normal 0.0981406 -0.995173 0
    outer loop
      vertex -0.587367 15.9615 0
      vertex -0.294313 15.9904 19
      vertex -0.587367 15.9615 19
    endloop
  endfacet
  facet normal 0.0981406 -0.995173 0
    outer loop
      vertex -0.294313 15.9904 19
      vertex -0.587367 15.9615 0
      vertex -0.294313 15.9904 0
    endloop
  endfacet
  facet normal -0.528059 -0.849208 0
    outer loop
      vertex 2.25 15.3971 0
      vertex 2.50007 15.2416 19
      vertex 2.25 15.3971 19
    endloop
  endfacet
  facet normal -0.528059 -0.849208 -0
    outer loop
      vertex 2.50007 15.2416 19
      vertex 2.25 15.3971 0
      vertex 2.50007 15.2416 0
    endloop
  endfacet
  facet normal -0.0327028 0.999465 0
    outer loop
      vertex 0.294313 7.00963 0
      vertex 0 7 19
      vertex 0.294313 7.00963 19
    endloop
  endfacet
  facet normal -0.0327028 0.999465 0
    outer loop
      vertex 0 7 19
      vertex 0.294313 7.00963 0
      vertex 0 7 0
    endloop
  endfacet
  facet normal -0.352236 0.935911 0
    outer loop
      vertex 1.72207 7.34254 0
      vertex 1.44648 7.23882 19
      vertex 1.72207 7.34254 19
    endloop
  endfacet
  facet normal -0.352236 0.935911 0
    outer loop
      vertex 1.44648 7.23882 19
      vertex 1.72207 7.34254 0
      vertex 1.44648 7.23882 0
    endloop
  endfacet
  facet normal -0.986639 -0.162923 9.44208e-20
    outer loop
      vertex 4.4615 12.0874 0
      vertex 4.41353 12.3779 19
      vertex 4.41353 12.3779 0
    endloop
  endfacet
  facet normal -0.986639 -0.162923 9.44208e-20
    outer loop
      vertex 4.41353 12.3779 19
      vertex 4.4615 12.0874 0
      vertex 4.4615 12.0874 19
    endloop
  endfacet
  facet normal -0.582426 -0.812884 0
    outer loop
      vertex 2.50007 15.2416 0
      vertex 2.73943 15.0701 19
      vertex 2.50007 15.2416 19
    endloop
  endfacet
  facet normal -0.582426 -0.812884 -0
    outer loop
      vertex 2.73943 15.0701 19
      vertex 2.50007 15.2416 0
      vertex 2.73943 15.0701 0
    endloop
  endfacet
  facet normal -0.471364 -0.881939 0
    outer loop
      vertex 1.9903 15.5359 0
      vertex 2.25 15.3971 19
      vertex 1.9903 15.5359 19
    endloop
  endfacet
  facet normal -0.471364 -0.881939 -0
    outer loop
      vertex 2.25 15.3971 19
      vertex 1.9903 15.5359 0
      vertex 2.25 15.3971 0
    endloop
  endfacet
  facet normal -0.773012 0.634391 -5.47552e-19
    outer loop
      vertex 3.38328 8.53294 0
      vertex 3.57009 8.76057 19
      vertex 3.57009 8.76057 0
    endloop
  endfacet
  facet normal -0.773012 0.634391 -5.47552e-19
    outer loop
      vertex 3.57009 8.76057 19
      vertex 3.38328 8.53294 0
      vertex 3.38328 8.53294 19
    endloop
  endfacet
  facet normal -0.999465 -0.0327042 -3.14059e-20
    outer loop
      vertex 4.5 11.5 0
      vertex 4.49037 11.7943 19
      vertex 4.49037 11.7943 0
    endloop
  endfacet
  facet normal -0.999465 -0.0327042 -3.14059e-20
    outer loop
      vertex 4.49037 11.7943 19
      vertex 4.5 11.5 0
      vertex 4.5 11.5 19
    endloop
  endfacet
  facet normal -0.881911 0.471416 6.34668e-20
    outer loop
      vertex 3.89711 9.25 0
      vertex 4.03593 9.5097 19
      vertex 4.03593 9.5097 0
    endloop
  endfacet
  facet normal -0.881911 0.471416 6.34668e-20
    outer loop
      vertex 4.03593 9.5097 19
      vertex 3.89711 9.25 0
      vertex 3.89711 9.25 19
    endloop
  endfacet
  facet normal 0.849208 0.528059 -1.38546e-19
    outer loop
      vertex -3.74161 8.99993 19
      vertex -3.89711 9.25 0
      vertex -3.89711 9.25 19
    endloop
  endfacet
  facet normal 0.849208 0.528059 -1.38546e-19
    outer loop
      vertex -3.89711 9.25 0
      vertex -3.74161 8.99993 19
      vertex -3.74161 8.99993 0
    endloop
  endfacet
  facet normal -0.973886 0.227036 -1.74499e-19
    outer loop
      vertex 4.34667 10.3353 0
      vertex 4.41353 10.6221 19
      vertex 4.41353 10.6221 0
    endloop
  endfacet
  facet normal -0.973886 0.227036 -1.74499e-19
    outer loop
      vertex 4.41353 10.6221 19
      vertex 4.34667 10.3353 0
      vertex 4.34667 10.3353 19
    endloop
  endfacet
  facet normal -0.0980397 0.995183 0
    outer loop
      vertex 0.587367 7.0385 0
      vertex 0.294313 7.00963 19
      vertex 0.587367 7.0385 19
    endloop
  endfacet
  facet normal -0.0980397 0.995183 0
    outer loop
      vertex 0.294313 7.00963 19
      vertex 0.587367 7.0385 0
      vertex 0.294313 7.00963 0
    endloop
  endfacet
  facet normal -0.881911 -0.471416 -6.34668e-20
    outer loop
      vertex 4.03593 13.4903 0
      vertex 3.89711 13.75 19
      vertex 3.89711 13.75 0
    endloop
  endfacet
  facet normal -0.881911 -0.471416 -6.34668e-20
    outer loop
      vertex 3.89711 13.75 19
      vertex 4.03593 13.4903 0
      vertex 4.03593 13.4903 19
    endloop
  endfacet
  facet normal -0.910851 -0.412736 -4.95101e-19
    outer loop
      vertex 4.15746 13.2221 0
      vertex 4.03593 13.4903 19
      vertex 4.03593 13.4903 0
    endloop
  endfacet
  facet normal -0.910851 -0.412736 -4.95101e-19
    outer loop
      vertex 4.03593 13.4903 19
      vertex 4.15746 13.2221 0
      vertex 4.15746 13.2221 19
    endloop
  endfacet
  facet normal -0.634371 -0.773029 0
    outer loop
      vertex 2.73943 15.0701 0
      vertex 2.96706 14.8833 19
      vertex 2.73943 15.0701 19
    endloop
  endfacet
  facet normal -0.634371 -0.773029 -0
    outer loop
      vertex 2.96706 14.8833 19
      vertex 2.73943 15.0701 0
      vertex 2.96706 14.8833 0
    endloop
  endfacet
  facet normal -0.935903 0.352258 1.45476e-19
    outer loop
      vertex 4.15746 9.77793 0
      vertex 4.26118 10.0535 19
      vertex 4.26118 10.0535 0
    endloop
  endfacet
  facet normal -0.935903 0.352258 1.45476e-19
    outer loop
      vertex 4.26118 10.0535 19
      vertex 4.15746 9.77793 0
      vertex 4.15746 9.77793 19
    endloop
  endfacet
  facet normal 0.973886 -0.227036 -1.74499e-19
    outer loop
      vertex -4.41353 12.3779 19
      vertex -4.34667 12.6647 0
      vertex -4.34667 12.6647 19
    endloop
  endfacet
  facet normal 0.973886 -0.227036 -1.74499e-19
    outer loop
      vertex -4.34667 12.6647 0
      vertex -4.41353 12.3779 19
      vertex -4.41353 12.3779 0
    endloop
  endfacet
  facet normal -0.729855 0.683602 3.06604e-19
    outer loop
      vertex 3.18198 8.31802 0
      vertex 3.38328 8.53294 19
      vertex 3.38328 8.53294 0
    endloop
  endfacet
  facet normal -0.729855 0.683602 3.06604e-19
    outer loop
      vertex 3.38328 8.53294 19
      vertex 3.18198 8.31802 0
      vertex 3.18198 8.31802 19
    endloop
  endfacet
  facet normal -0.162901 0.986642 0
    outer loop
      vertex 0.877906 7.08647 0
      vertex 0.587367 7.0385 19
      vertex 0.877906 7.08647 19
    endloop
  endfacet
  facet normal -0.162901 0.986642 0
    outer loop
      vertex 0.587367 7.0385 19
      vertex 0.877906 7.08647 0
      vertex 0.587367 7.0385 0
    endloop
  endfacet
  facet normal 0.163001 -0.986626 0
    outer loop
      vertex -0.877906 15.9135 0
      vertex -0.587367 15.9615 19
      vertex -0.877906 15.9135 19
    endloop
  endfacet
  facet normal 0.163001 -0.986626 0
    outer loop
      vertex -0.587367 15.9615 19
      vertex -0.877906 15.9135 0
      vertex -0.587367 15.9615 0
    endloop
  endfacet
  facet normal -0.995184 -0.0980244 -4.47866e-20
    outer loop
      vertex 4.49037 11.7943 0
      vertex 4.4615 12.0874 19
      vertex 4.4615 12.0874 0
    endloop
  endfacet
  facet normal -0.995184 -0.0980244 -4.47866e-20
    outer loop
      vertex 4.4615 12.0874 19
      vertex 4.49037 11.7943 0
      vertex 4.49037 11.7943 19
    endloop
  endfacet
  facet normal 0.226855 -0.973929 0
    outer loop
      vertex -1.16469 15.8467 0
      vertex -0.877906 15.9135 19
      vertex -1.16469 15.8467 19
    endloop
  endfacet
  facet normal 0.226855 -0.973929 0
    outer loop
      vertex -0.877906 15.9135 19
      vertex -1.16469 15.8467 0
      vertex -0.877906 15.9135 0
    endloop
  endfacet
  facet normal 0.956934 0.290306 -2.88841e-19
    outer loop
      vertex -4.26118 10.0535 19
      vertex -4.34667 10.3353 0
      vertex -4.34667 10.3353 19
    endloop
  endfacet
  facet normal 0.956934 0.290306 -2.88841e-19
    outer loop
      vertex -4.34667 10.3353 0
      vertex -4.26118 10.0535 19
      vertex -4.26118 10.0535 0
    endloop
  endfacet
  facet normal 0.995184 -0.0980244 4.47866e-20
    outer loop
      vertex -4.49037 11.7943 19
      vertex -4.4615 12.0874 0
      vertex -4.4615 12.0874 19
    endloop
  endfacet
  facet normal 0.995184 -0.0980244 4.47866e-20
    outer loop
      vertex -4.4615 12.0874 0
      vertex -4.49037 11.7943 19
      vertex -4.49037 11.7943 0
    endloop
  endfacet
  facet normal -0.849236 -0.528014 -4.1616e-19
    outer loop
      vertex 3.89711 13.75 0
      vertex 3.74161 14.0001 19
      vertex 3.74161 14.0001 0
    endloop
  endfacet
  facet normal -0.849236 -0.528014 -4.1616e-19
    outer loop
      vertex 3.74161 14.0001 19
      vertex 3.89711 13.75 0
      vertex 3.89711 13.75 19
    endloop
  endfacet
  facet normal 0.999465 0.0327042 -3.14059e-20
    outer loop
      vertex -4.49037 11.2057 19
      vertex -4.5 11.5 0
      vertex -4.5 11.5 19
    endloop
  endfacet
  facet normal 0.999465 0.0327042 -3.14059e-20
    outer loop
      vertex -4.5 11.5 0
      vertex -4.49037 11.2057 19
      vertex -4.49037 11.2057 0
    endloop
  endfacet
  facet normal 0.729855 0.683602 -3.06604e-19
    outer loop
      vertex -3.18198 8.31802 19
      vertex -3.38328 8.53294 0
      vertex -3.38328 8.53294 19
    endloop
  endfacet
  facet normal 0.729855 0.683602 -3.06604e-19
    outer loop
      vertex -3.38328 8.53294 0
      vertex -3.18198 8.31802 19
      vertex -3.18198 8.31802 0
    endloop
  endfacet
  facet normal 0.582426 -0.812884 0
    outer loop
      vertex -2.73943 15.0701 0
      vertex -2.50007 15.2416 19
      vertex -2.73943 15.0701 19
    endloop
  endfacet
  facet normal 0.582426 -0.812884 0
    outer loop
      vertex -2.50007 15.2416 19
      vertex -2.73943 15.0701 0
      vertex -2.50007 15.2416 0
    endloop
  endfacet
  facet normal -0.812851 0.582471 -1.55473e-19
    outer loop
      vertex 3.57009 8.76057 0
      vertex 3.74161 8.99993 19
      vertex 3.74161 8.99993 0
    endloop
  endfacet
  facet normal -0.812851 0.582471 -1.55473e-19
    outer loop
      vertex 3.74161 8.99993 19
      vertex 3.57009 8.76057 0
      vertex 3.57009 8.76057 19
    endloop
  endfacet
  facet normal 0.032601 -0.999468 0
    outer loop
      vertex -0.294313 15.9904 0
      vertex 0 16 19
      vertex -0.294313 15.9904 19
    endloop
  endfacet
  facet normal 0.032601 -0.999468 0
    outer loop
      vertex 0 16 19
      vertex -0.294313 15.9904 0
      vertex 0 16 0
    endloop
  endfacet
  facet normal 0.910851 -0.412736 4.95101e-19
    outer loop
      vertex -4.15746 13.2221 19
      vertex -4.03593 13.4903 0
      vertex -4.03593 13.4903 19
    endloop
  endfacet
  facet normal 0.910851 -0.412736 4.95101e-19
    outer loop
      vertex -4.03593 13.4903 0
      vertex -4.15746 13.2221 19
      vertex -4.15746 13.2221 0
    endloop
  endfacet
  facet normal 0.935903 0.352258 -1.45476e-19
    outer loop
      vertex -4.15746 9.77793 19
      vertex -4.26118 10.0535 0
      vertex -4.26118 10.0535 19
    endloop
  endfacet
  facet normal 0.935903 0.352258 -1.45476e-19
    outer loop
      vertex -4.26118 10.0535 0
      vertex -4.15746 9.77793 19
      vertex -4.15746 9.77793 0
    endloop
  endfacet
  facet normal -0.956934 -0.290306 -2.88841e-19
    outer loop
      vertex 4.34667 12.6647 0
      vertex 4.26118 12.9465 19
      vertex 4.26118 12.9465 0
    endloop
  endfacet
  facet normal -0.956934 -0.290306 -2.88841e-19
    outer loop
      vertex 4.26118 12.9465 19
      vertex 4.34667 12.6647 0
      vertex 4.34667 12.6647 19
    endloop
  endfacet
  facet normal 0.352176 -0.935934 0
    outer loop
      vertex -1.72207 15.6575 0
      vertex -1.44648 15.7612 19
      vertex -1.72207 15.6575 19
    endloop
  endfacet
  facet normal 0.352176 -0.935934 0
    outer loop
      vertex -1.44648 15.7612 19
      vertex -1.72207 15.6575 0
      vertex -1.44648 15.7612 0
    endloop
  endfacet
  facet normal 0.729823 -0.683636 -2.28112e-19
    outer loop
      vertex -3.38328 14.4671 19
      vertex -3.18198 14.682 0
      vertex -3.18198 14.682 19
    endloop
  endfacet
  facet normal 0.729823 -0.683636 -2.28112e-19
    outer loop
      vertex -3.18198 14.682 0
      vertex -3.38328 14.4671 19
      vertex -3.38328 14.4671 0
    endloop
  endfacet
  facet normal -0.0981406 -0.995173 0
    outer loop
      vertex 0.294313 15.9904 0
      vertex 0.587367 15.9615 19
      vertex 0.294313 15.9904 19
    endloop
  endfacet
  facet normal -0.0981406 -0.995173 -0
    outer loop
      vertex 0.587367 15.9615 19
      vertex 0.294313 15.9904 0
      vertex 0.587367 15.9615 0
    endloop
  endfacet
  facet normal -0.729823 -0.683636 2.28112e-19
    outer loop
      vertex 3.38328 14.4671 0
      vertex 3.18198 14.682 19
      vertex 3.18198 14.682 0
    endloop
  endfacet
  facet normal -0.729823 -0.683636 2.28112e-19
    outer loop
      vertex 3.18198 14.682 19
      vertex 3.38328 14.4671 0
      vertex 3.38328 14.4671 19
    endloop
  endfacet
  facet normal -0.935915 -0.352225 3.2149e-20
    outer loop
      vertex 4.26118 12.9465 0
      vertex 4.15746 13.2221 19
      vertex 4.15746 13.2221 0
    endloop
  endfacet
  facet normal -0.935915 -0.352225 3.2149e-20
    outer loop
      vertex 4.15746 13.2221 19
      vertex 4.26118 12.9465 0
      vertex 4.26118 12.9465 19
    endloop
  endfacet
  facet normal 0.0327028 0.999465 -0
    outer loop
      vertex 0 7 0
      vertex -0.294313 7.00963 19
      vertex 0 7 19
    endloop
  endfacet
  facet normal 0.0327028 0.999465 0
    outer loop
      vertex -0.294313 7.00963 19
      vertex 0 7 0
      vertex -0.294313 7.00963 0
    endloop
  endfacet
  facet normal 0.412697 0.910868 -0
    outer loop
      vertex -1.72207 7.34254 0
      vertex -1.9903 7.46407 19
      vertex -1.72207 7.34254 19
    endloop
  endfacet
  facet normal 0.412697 0.910868 0
    outer loop
      vertex -1.9903 7.46407 19
      vertex -1.72207 7.34254 0
      vertex -1.9903 7.46407 0
    endloop
  endfacet
  facet normal 0.849236 -0.528014 4.1616e-19
    outer loop
      vertex -3.89711 13.75 19
      vertex -3.74161 14.0001 0
      vertex -3.74161 14.0001 19
    endloop
  endfacet
  facet normal 0.849236 -0.528014 4.1616e-19
    outer loop
      vertex -3.74161 14.0001 0
      vertex -3.89711 13.75 19
      vertex -3.89711 13.75 0
    endloop
  endfacet
  facet normal 0.352236 0.935911 -0
    outer loop
      vertex -1.44648 7.23882 0
      vertex -1.72207 7.34254 19
      vertex -1.44648 7.23882 19
    endloop
  endfacet
  facet normal 0.352236 0.935911 0
    outer loop
      vertex -1.72207 7.34254 19
      vertex -1.44648 7.23882 0
      vertex -1.72207 7.34254 0
    endloop
  endfacet
  facet normal -0.290316 0.956931 0
    outer loop
      vertex 1.44648 7.23882 0
      vertex 1.16469 7.15333 19
      vertex 1.44648 7.23882 19
    endloop
  endfacet
  facet normal -0.290316 0.956931 0
    outer loop
      vertex 1.16469 7.15333 19
      vertex 1.44648 7.23882 0
      vertex 1.16469 7.15333 0
    endloop
  endfacet
  facet normal -0.986639 0.162923 -9.44208e-20
    outer loop
      vertex 4.41353 10.6221 0
      vertex 4.4615 10.9126 19
      vertex 4.4615 10.9126 0
    endloop
  endfacet
  facet normal -0.986639 0.162923 -9.44208e-20
    outer loop
      vertex 4.4615 10.9126 19
      vertex 4.41353 10.6221 0
      vertex 4.41353 10.6221 19
    endloop
  endfacet
  facet normal -0.995184 0.0980244 4.47866e-20
    outer loop
      vertex 4.4615 10.9126 0
      vertex 4.49037 11.2057 19
      vertex 4.49037 11.2057 0
    endloop
  endfacet
  facet normal -0.995184 0.0980244 4.47866e-20
    outer loop
      vertex 4.49037 11.2057 19
      vertex 4.4615 10.9126 0
      vertex 4.4615 10.9126 19
    endloop
  endfacet
  facet normal -0.849208 0.528059 1.38546e-19
    outer loop
      vertex 3.74161 8.99993 0
      vertex 3.89711 9.25 19
      vertex 3.89711 9.25 0
    endloop
  endfacet
  facet normal -0.849208 0.528059 1.38546e-19
    outer loop
      vertex 3.89711 9.25 19
      vertex 3.74161 8.99993 0
      vertex 3.74161 8.99993 19
    endloop
  endfacet
  facet normal 0.986639 0.162923 9.44208e-20
    outer loop
      vertex -4.41353 10.6221 19
      vertex -4.4615 10.9126 0
      vertex -4.4615 10.9126 19
    endloop
  endfacet
  facet normal 0.986639 0.162923 9.44208e-20
    outer loop
      vertex -4.4615 10.9126 0
      vertex -4.41353 10.6221 19
      vertex -4.41353 10.6221 0
    endloop
  endfacet
  facet normal -0.999465 0.0327042 3.14059e-20
    outer loop
      vertex 4.49037 11.2057 0
      vertex 4.5 11.5 19
      vertex 4.5 11.5 0
    endloop
  endfacet
  facet normal -0.999465 0.0327042 3.14059e-20
    outer loop
      vertex 4.5 11.5 19
      vertex 4.49037 11.2057 0
      vertex 4.49037 11.2057 19
    endloop
  endfacet
  facet normal 0.683602 0.729855 -0
    outer loop
      vertex -2.96706 8.11672 0
      vertex -3.18198 8.31802 19
      vertex -2.96706 8.11672 19
    endloop
  endfacet
  facet normal 0.683602 0.729855 0
    outer loop
      vertex -3.18198 8.31802 19
      vertex -2.96706 8.11672 0
      vertex -3.18198 8.31802 0
    endloop
  endfacet
  facet normal -0.032601 -0.999468 0
    outer loop
      vertex 0 16 0
      vertex 0.294313 15.9904 19
      vertex 0 16 19
    endloop
  endfacet
  facet normal -0.032601 -0.999468 -0
    outer loop
      vertex 0.294313 15.9904 19
      vertex 0 16 0
      vertex 0.294313 15.9904 0
    endloop
  endfacet
  facet normal -0.412895 -0.910779 0
    outer loop
      vertex 1.72207 15.6575 0
      vertex 1.9903 15.5359 19
      vertex 1.72207 15.6575 19
    endloop
  endfacet
  facet normal -0.412895 -0.910779 -0
    outer loop
      vertex 1.9903 15.5359 19
      vertex 1.72207 15.6575 0
      vertex 1.9903 15.5359 0
    endloop
  endfacet
  facet normal 0.290347 -0.956922 0
    outer loop
      vertex -1.44648 15.7612 0
      vertex -1.16469 15.8467 19
      vertex -1.44648 15.7612 19
    endloop
  endfacet
  facet normal 0.290347 -0.956922 0
    outer loop
      vertex -1.16469 15.8467 19
      vertex -1.44648 15.7612 0
      vertex -1.16469 15.8467 0
    endloop
  endfacet
  facet normal 0.412895 -0.910779 0
    outer loop
      vertex -1.9903 15.5359 0
      vertex -1.72207 15.6575 19
      vertex -1.9903 15.5359 19
    endloop
  endfacet
  facet normal 0.412895 -0.910779 0
    outer loop
      vertex -1.72207 15.6575 19
      vertex -1.9903 15.5359 0
      vertex -1.72207 15.6575 0
    endloop
  endfacet
  facet normal 0.227048 0.973883 -0
    outer loop
      vertex -0.877906 7.08647 0
      vertex -1.16469 7.15333 19
      vertex -0.877906 7.08647 19
    endloop
  endfacet
  facet normal 0.227048 0.973883 0
    outer loop
      vertex -1.16469 7.15333 19
      vertex -0.877906 7.08647 0
      vertex -1.16469 7.15333 0
    endloop
  endfacet
  facet normal 0.812782 -0.582568 -5.59302e-20
    outer loop
      vertex -3.74161 14.0001 19
      vertex -3.57009 14.2394 0
      vertex -3.57009 14.2394 19
    endloop
  endfacet
  facet normal 0.812782 -0.582568 -5.59302e-20
    outer loop
      vertex -3.57009 14.2394 0
      vertex -3.74161 14.0001 19
      vertex -3.74161 14.0001 0
    endloop
  endfacet
  facet normal -0.471416 0.881911 0
    outer loop
      vertex 2.25 7.60289 0
      vertex 1.9903 7.46407 19
      vertex 2.25 7.60289 19
    endloop
  endfacet
  facet normal -0.471416 0.881911 0
    outer loop
      vertex 1.9903 7.46407 19
      vertex 2.25 7.60289 0
      vertex 1.9903 7.46407 0
    endloop
  endfacet
  facet normal 0.773108 -0.634274 5.01072e-19
    outer loop
      vertex -3.57009 14.2394 19
      vertex -3.38328 14.4671 0
      vertex -3.38328 14.4671 19
    endloop
  endfacet
  facet normal 0.773108 -0.634274 5.01072e-19
    outer loop
      vertex -3.38328 14.4671 0
      vertex -3.57009 14.2394 19
      vertex -3.57009 14.2394 0
    endloop
  endfacet
  facet normal -0.773108 -0.634274 -5.01072e-19
    outer loop
      vertex 3.57009 14.2394 0
      vertex 3.38328 14.4671 19
      vertex 3.38328 14.4671 0
    endloop
  endfacet
  facet normal -0.773108 -0.634274 -5.01072e-19
    outer loop
      vertex 3.38328 14.4671 19
      vertex 3.57009 14.2394 0
      vertex 3.57009 14.2394 19
    endloop
  endfacet
  facet normal -0.226855 -0.973929 0
    outer loop
      vertex 0.877906 15.9135 0
      vertex 1.16469 15.8467 19
      vertex 0.877906 15.9135 19
    endloop
  endfacet
  facet normal -0.226855 -0.973929 -0
    outer loop
      vertex 1.16469 15.8467 19
      vertex 0.877906 15.9135 0
      vertex 1.16469 15.8467 0
    endloop
  endfacet
  facet normal 0.812851 0.582471 1.55473e-19
    outer loop
      vertex -3.57009 8.76057 19
      vertex -3.74161 8.99993 0
      vertex -3.74161 8.99993 19
    endloop
  endfacet
  facet normal 0.812851 0.582471 1.55473e-19
    outer loop
      vertex -3.74161 8.99993 0
      vertex -3.57009 8.76057 19
      vertex -3.57009 8.76057 0
    endloop
  endfacet
  facet normal 0.881911 -0.471416 6.34668e-20
    outer loop
      vertex -4.03593 13.4903 19
      vertex -3.89711 13.75 0
      vertex -3.89711 13.75 19
    endloop
  endfacet
  facet normal 0.881911 -0.471416 6.34668e-20
    outer loop
      vertex -3.89711 13.75 0
      vertex -4.03593 13.4903 19
      vertex -4.03593 13.4903 0
    endloop
  endfacet
  facet normal -0.582471 0.812851 0
    outer loop
      vertex 2.73943 7.92991 0
      vertex 2.50007 7.75839 19
      vertex 2.73943 7.92991 19
    endloop
  endfacet
  facet normal -0.582471 0.812851 0
    outer loop
      vertex 2.50007 7.75839 19
      vertex 2.73943 7.92991 0
      vertex 2.50007 7.75839 0
    endloop
  endfacet
  facet normal 0.0980397 0.995183 -0
    outer loop
      vertex -0.294313 7.00963 0
      vertex -0.587367 7.0385 19
      vertex -0.294313 7.00963 19
    endloop
  endfacet
  facet normal 0.0980397 0.995183 0
    outer loop
      vertex -0.587367 7.0385 19
      vertex -0.294313 7.00963 0
      vertex -0.587367 7.0385 0
    endloop
  endfacet
  facet normal -0.352176 -0.935934 0
    outer loop
      vertex 1.44648 15.7612 0
      vertex 1.72207 15.6575 19
      vertex 1.44648 15.7612 19
    endloop
  endfacet
  facet normal -0.352176 -0.935934 -0
    outer loop
      vertex 1.72207 15.6575 19
      vertex 1.44648 15.7612 0
      vertex 1.72207 15.6575 0
    endloop
  endfacet
  facet normal 0.528059 0.849208 -0
    outer loop
      vertex -2.25 7.60289 0
      vertex -2.50007 7.75839 19
      vertex -2.25 7.60289 19
    endloop
  endfacet
  facet normal 0.528059 0.849208 0
    outer loop
      vertex -2.50007 7.75839 19
      vertex -2.25 7.60289 0
      vertex -2.50007 7.75839 0
    endloop
  endfacet
  facet normal 0.881911 0.471416 -6.34668e-20
    outer loop
      vertex -3.89711 9.25 19
      vertex -4.03593 9.5097 0
      vertex -4.03593 9.5097 19
    endloop
  endfacet
  facet normal 0.881911 0.471416 -6.34668e-20
    outer loop
      vertex -4.03593 9.5097 0
      vertex -3.89711 9.25 19
      vertex -3.89711 9.25 0
    endloop
  endfacet
  facet normal 0.773012 0.634391 5.47552e-19
    outer loop
      vertex -3.38328 8.53294 19
      vertex -3.57009 8.76057 0
      vertex -3.57009 8.76057 19
    endloop
  endfacet
  facet normal 0.773012 0.634391 5.47552e-19
    outer loop
      vertex -3.57009 8.76057 0
      vertex -3.38328 8.53294 19
      vertex -3.38328 8.53294 0
    endloop
  endfacet
  facet normal 0.471364 -0.881939 0
    outer loop
      vertex -2.25 15.3971 0
      vertex -1.9903 15.5359 19
      vertex -2.25 15.3971 19
    endloop
  endfacet
  facet normal 0.471364 -0.881939 0
    outer loop
      vertex -1.9903 15.5359 19
      vertex -2.25 15.3971 0
      vertex -1.9903 15.5359 0
    endloop
  endfacet
  facet normal 0.471416 0.881911 -0
    outer loop
      vertex -1.9903 7.46407 0
      vertex -2.25 7.60289 19
      vertex -1.9903 7.46407 19
    endloop
  endfacet
  facet normal 0.471416 0.881911 0
    outer loop
      vertex -2.25 7.60289 19
      vertex -1.9903 7.46407 0
      vertex -2.25 7.60289 0
    endloop
  endfacet
  facet normal 0.634391 0.773012 -0
    outer loop
      vertex -2.73943 7.92991 0
      vertex -2.96706 8.11672 19
      vertex -2.73943 7.92991 19
    endloop
  endfacet
  facet normal 0.634391 0.773012 0
    outer loop
      vertex -2.96706 8.11672 19
      vertex -2.73943 7.92991 0
      vertex -2.96706 8.11672 0
    endloop
  endfacet
  facet normal 0.582471 0.812851 -0
    outer loop
      vertex -2.50007 7.75839 0
      vertex -2.73943 7.92991 19
      vertex -2.50007 7.75839 19
    endloop
  endfacet
  facet normal 0.582471 0.812851 0
    outer loop
      vertex -2.73943 7.92991 19
      vertex -2.50007 7.75839 0
      vertex -2.73943 7.92991 0
    endloop
  endfacet
  facet normal -0.995179 -0.0980724 -1.71218e-19
    outer loop
      vertex 2.74411 -24.0701 0
      vertex 2.72647 -23.8911 7
      vertex 2.72647 -23.8911 0
    endloop
  endfacet
  facet normal -0.995179 -0.0980724 -1.71218e-19
    outer loop
      vertex 2.72647 -23.8911 7
      vertex 2.74411 -24.0701 0
      vertex 2.74411 -24.0701 7
    endloop
  endfacet
  facet normal -0.999464 -0.0327229 4.44748e-20
    outer loop
      vertex 2.75 -24.25 0
      vertex 2.74411 -24.0701 7
      vertex 2.74411 -24.0701 0
    endloop
  endfacet
  facet normal -0.999464 -0.0327229 4.44748e-20
    outer loop
      vertex 2.74411 -24.0701 7
      vertex 2.75 -24.25 0
      vertex 2.75 -24.25 7
    endloop
  endfacet
  facet normal 0.973894 -0.227001 -2.5473e-19
    outer loop
      vertex -2.69716 -23.7135 7
      vertex -2.6563 -23.5382 0
      vertex -2.6563 -23.5382 7
    endloop
  endfacet
  facet normal 0.973894 -0.227001 -2.5473e-19
    outer loop
      vertex -2.6563 -23.5382 0
      vertex -2.69716 -23.7135 7
      vertex -2.69716 -23.7135 0
    endloop
  endfacet
  facet normal 0.471257 0.881996 -0
    outer loop
      vertex -1.21629 -26.7164 0
      vertex -1.375 -26.6316 7
      vertex -1.21629 -26.7164 7
    endloop
  endfacet
  facet normal 0.471257 0.881996 0
    outer loop
      vertex -1.375 -26.6316 7
      vertex -1.21629 -26.7164 0
      vertex -1.375 -26.6316 0
    endloop
  endfacet
  facet normal 0.973894 0.227001 2.5473e-19
    outer loop
      vertex -2.6563 -24.9618 7
      vertex -2.69716 -24.7865 0
      vertex -2.69716 -24.7865 7
    endloop
  endfacet
  facet normal 0.973894 0.227001 2.5473e-19
    outer loop
      vertex -2.69716 -24.7865 0
      vertex -2.6563 -24.9618 7
      vertex -2.6563 -24.9618 0
    endloop
  endfacet
  facet normal -0.58242 -0.812888 0
    outer loop
      vertex 1.52782 -21.9635 0
      vertex 1.67409 -22.0683 7
      vertex 1.52782 -21.9635 7
    endloop
  endfacet
  facet normal -0.58242 -0.812888 -0
    outer loop
      vertex 1.67409 -22.0683 7
      vertex 1.52782 -21.9635 0
      vertex 1.67409 -22.0683 0
    endloop
  endfacet
  facet normal -0.097804 0.995206 0
    outer loop
      vertex 0.358947 -26.9765 0
      vertex 0.179858 -26.9941 7
      vertex 0.358947 -26.9765 7
    endloop
  endfacet
  facet normal -0.097804 0.995206 0
    outer loop
      vertex 0.179858 -26.9941 7
      vertex 0.358947 -26.9765 0
      vertex 0.179858 -26.9941 0
    endloop
  endfacet
  facet normal -0.52835 0.849027 0
    outer loop
      vertex 1.52782 -26.5365 0
      vertex 1.375 -26.6316 7
      vertex 1.52782 -26.5365 7
    endloop
  endfacet
  facet normal -0.52835 0.849027 0
    outer loop
      vertex 1.375 -26.6316 7
      vertex 1.52782 -26.5365 0
      vertex 1.375 -26.6316 0
    endloop
  endfacet
  facet normal -0.227269 0.973832 0
    outer loop
      vertex 0.711752 -26.9063 0
      vertex 0.536498 -26.9472 7
      vertex 0.711752 -26.9063 7
    endloop
  endfacet
  facet normal -0.227269 0.973832 0
    outer loop
      vertex 0.536498 -26.9472 7
      vertex 0.711752 -26.9063 0
      vertex 0.536498 -26.9472 0
    endloop
  endfacet
  facet normal -0.683849 -0.729624 0
    outer loop
      vertex 1.8132 -22.1824 0
      vertex 1.94454 -22.3055 7
      vertex 1.8132 -22.1824 7
    endloop
  endfacet
  facet normal -0.683849 -0.729624 -0
    outer loop
      vertex 1.94454 -22.3055 7
      vertex 1.8132 -22.1824 0
      vertex 1.94454 -22.3055 0
    endloop
  endfacet
  facet normal 0.032786 0.999462 -0
    outer loop
      vertex 0 -27 0
      vertex -0.179858 -26.9941 7
      vertex 0 -27 7
    endloop
  endfacet
  facet normal 0.032786 0.999462 0
    outer loop
      vertex -0.179858 -26.9941 7
      vertex 0 -27 0
      vertex -0.179858 -26.9941 0
    endloop
  endfacet
  facet normal -0.773001 -0.634405 8.25746e-19
    outer loop
      vertex 2.18172 -22.5759 0
      vertex 2.06756 -22.4368 7
      vertex 2.06756 -22.4368 0
    endloop
  endfacet
  facet normal -0.773001 -0.634405 8.25746e-19
    outer loop
      vertex 2.06756 -22.4368 7
      vertex 2.18172 -22.5759 0
      vertex 2.18172 -22.5759 7
    endloop
  endfacet
  facet normal 0.683849 -0.729624 0
    outer loop
      vertex -1.94454 -22.3055 0
      vertex -1.8132 -22.1824 7
      vertex -1.94454 -22.3055 7
    endloop
  endfacet
  facet normal 0.683849 -0.729624 0
    outer loop
      vertex -1.8132 -22.1824 7
      vertex -1.94454 -22.3055 0
      vertex -1.8132 -22.1824 0
    endloop
  endfacet
  facet normal -0.812892 0.582415 -2.67872e-19
    outer loop
      vertex 2.18172 -25.9241 0
      vertex 2.28654 -25.7778 7
      vertex 2.28654 -25.7778 0
    endloop
  endfacet
  facet normal -0.812892 0.582415 -2.67872e-19
    outer loop
      vertex 2.28654 -25.7778 7
      vertex 2.18172 -25.9241 0
      vertex 2.18172 -25.9241 7
    endloop
  endfacet
  facet normal 0.412861 -0.910794 0
    outer loop
      vertex -1.21629 -21.7836 0
      vertex -1.05238 -21.7093 7
      vertex -1.21629 -21.7836 7
    endloop
  endfacet
  facet normal 0.412861 -0.910794 0
    outer loop
      vertex -1.05238 -21.7093 7
      vertex -1.21629 -21.7836 0
      vertex -1.05238 -21.7093 0
    endloop
  endfacet
  facet normal -0.999464 0.0327229 -4.44748e-20
    outer loop
      vertex 2.74411 -24.4299 0
      vertex 2.75 -24.25 7
      vertex 2.75 -24.25 0
    endloop
  endfacet
  facet normal -0.999464 0.0327229 -4.44748e-20
    outer loop
      vertex 2.75 -24.25 7
      vertex 2.74411 -24.4299 0
      vertex 2.74411 -24.4299 7
    endloop
  endfacet
  facet normal -0.812892 -0.582415 2.67872e-19
    outer loop
      vertex 2.28654 -22.7222 0
      vertex 2.18172 -22.5759 7
      vertex 2.18172 -22.5759 0
    endloop
  endfacet
  facet normal -0.812892 -0.582415 2.67872e-19
    outer loop
      vertex 2.18172 -22.5759 7
      vertex 2.28654 -22.7222 0
      vertex 2.28654 -22.7222 7
    endloop
  endfacet
  facet normal -0.412861 -0.910794 0
    outer loop
      vertex 1.05238 -21.7093 0
      vertex 1.21629 -21.7836 7
      vertex 1.05238 -21.7093 7
    endloop
  endfacet
  facet normal -0.412861 -0.910794 -0
    outer loop
      vertex 1.21629 -21.7836 7
      vertex 1.05238 -21.7093 0
      vertex 1.21629 -21.7836 0
    endloop
  endfacet
  facet normal -0.881914 -0.47141 -2.75357e-19
    outer loop
      vertex 2.4664 -23.0337 0
      vertex 2.38157 -22.875 7
      vertex 2.38157 -22.875 0
    endloop
  endfacet
  facet normal -0.881914 -0.47141 -2.75357e-19
    outer loop
      vertex 2.38157 -22.875 7
      vertex 2.4664 -23.0337 0
      vertex 2.4664 -23.0337 7
    endloop
  endfacet
  facet normal -0.097804 -0.995206 0
    outer loop
      vertex 0.179858 -21.5059 0
      vertex 0.358947 -21.5235 7
      vertex 0.179858 -21.5059 7
    endloop
  endfacet
  facet normal -0.097804 -0.995206 -0
    outer loop
      vertex 0.358947 -21.5235 7
      vertex 0.179858 -21.5059 0
      vertex 0.358947 -21.5235 0
    endloop
  endfacet
  facet normal 0.995179 0.0980724 -1.71218e-19
    outer loop
      vertex -2.72647 -24.6089 7
      vertex -2.74411 -24.4299 0
      vertex -2.74411 -24.4299 7
    endloop
  endfacet
  facet normal 0.995179 0.0980724 -1.71218e-19
    outer loop
      vertex -2.74411 -24.4299 0
      vertex -2.72647 -24.6089 7
      vertex -2.72647 -24.6089 0
    endloop
  endfacet
  facet normal 0.634179 -0.773187 0
    outer loop
      vertex -1.8132 -22.1824 0
      vertex -1.67409 -22.0683 7
      vertex -1.8132 -22.1824 7
    endloop
  endfacet
  facet normal 0.634179 -0.773187 0
    outer loop
      vertex -1.67409 -22.0683 7
      vertex -1.8132 -22.1824 0
      vertex -1.67409 -22.0683 0
    endloop
  endfacet
  facet normal -0.729742 -0.683723 1.04419e-18
    outer loop
      vertex 2.06756 -22.4368 0
      vertex 1.94454 -22.3055 7
      vertex 1.94454 -22.3055 0
    endloop
  endfacet
  facet normal -0.729742 -0.683723 1.04419e-18
    outer loop
      vertex 1.94454 -22.3055 7
      vertex 2.06756 -22.4368 0
      vertex 2.06756 -22.4368 7
    endloop
  endfacet
  facet normal -0.162821 0.986656 0
    outer loop
      vertex 0.536498 -26.9472 0
      vertex 0.358947 -26.9765 7
      vertex 0.536498 -26.9472 7
    endloop
  endfacet
  facet normal -0.162821 0.986656 0
    outer loop
      vertex 0.358947 -26.9765 7
      vertex 0.536498 -26.9472 0
      vertex 0.358947 -26.9765 0
    endloop
  endfacet
  facet normal 0.227269 -0.973832 0
    outer loop
      vertex -0.711752 -21.5937 0
      vertex -0.536498 -21.5528 7
      vertex -0.711752 -21.5937 7
    endloop
  endfacet
  facet normal 0.227269 -0.973832 0
    outer loop
      vertex -0.536498 -21.5528 7
      vertex -0.711752 -21.5937 0
      vertex -0.536498 -21.5528 0
    endloop
  endfacet
  facet normal 0.910847 0.412743 -3.97942e-19
    outer loop
      vertex -2.4664 -25.4663 7
      vertex -2.54067 -25.3024 0
      vertex -2.54067 -25.3024 7
    endloop
  endfacet
  facet normal 0.910847 0.412743 -3.97942e-19
    outer loop
      vertex -2.54067 -25.3024 0
      vertex -2.4664 -25.4663 7
      vertex -2.4664 -25.4663 0
    endloop
  endfacet
  facet normal 0.956935 -0.290304 5.94296e-19
    outer loop
      vertex -2.6563 -23.5382 7
      vertex -2.60406 -23.366 0
      vertex -2.60406 -23.366 7
    endloop
  endfacet
  facet normal 0.956935 -0.290304 5.94296e-19
    outer loop
      vertex -2.60406 -23.366 0
      vertex -2.6563 -23.5382 7
      vertex -2.6563 -23.5382 0
    endloop
  endfacet
  facet normal -0.634179 -0.773187 0
    outer loop
      vertex 1.67409 -22.0683 0
      vertex 1.8132 -22.1824 7
      vertex 1.67409 -22.0683 7
    endloop
  endfacet
  facet normal -0.634179 -0.773187 -0
    outer loop
      vertex 1.8132 -22.1824 7
      vertex 1.67409 -22.0683 0
      vertex 1.8132 -22.1824 0
    endloop
  endfacet
  facet normal -0.352301 -0.935887 0
    outer loop
      vertex 0.883958 -21.6459 0
      vertex 1.05238 -21.7093 7
      vertex 0.883958 -21.6459 7
    endloop
  endfacet
  facet normal -0.352301 -0.935887 -0
    outer loop
      vertex 1.05238 -21.7093 7
      vertex 0.883958 -21.6459 0
      vertex 1.05238 -21.7093 0
    endloop
  endfacet
  facet normal -0.973894 -0.227001 2.5473e-19
    outer loop
      vertex 2.69716 -23.7135 0
      vertex 2.6563 -23.5382 7
      vertex 2.6563 -23.5382 0
    endloop
  endfacet
  facet normal -0.973894 -0.227001 2.5473e-19
    outer loop
      vertex 2.6563 -23.5382 7
      vertex 2.69716 -23.7135 0
      vertex 2.69716 -23.7135 7
    endloop
  endfacet
  facet normal -0.290091 0.956999 0
    outer loop
      vertex 0.883958 -26.8541 0
      vertex 0.711752 -26.9063 7
      vertex 0.883958 -26.8541 7
    endloop
  endfacet
  facet normal -0.290091 0.956999 0
    outer loop
      vertex 0.711752 -26.9063 7
      vertex 0.883958 -26.8541 0
      vertex 0.711752 -26.9063 0
    endloop
  endfacet
  facet normal -0.471257 0.881996 0
    outer loop
      vertex 1.375 -26.6316 0
      vertex 1.21629 -26.7164 7
      vertex 1.375 -26.6316 7
    endloop
  endfacet
  facet normal -0.471257 0.881996 0
    outer loop
      vertex 1.21629 -26.7164 7
      vertex 1.375 -26.6316 0
      vertex 1.21629 -26.7164 0
    endloop
  endfacet
  facet normal 0.352301 -0.935887 0
    outer loop
      vertex -1.05238 -21.7093 0
      vertex -0.883958 -21.6459 7
      vertex -1.05238 -21.7093 7
    endloop
  endfacet
  facet normal 0.352301 -0.935887 0
    outer loop
      vertex -0.883958 -21.6459 7
      vertex -1.05238 -21.7093 0
      vertex -0.883958 -21.6459 0
    endloop
  endfacet
  facet normal 0.93589 -0.352293 -5.30805e-19
    outer loop
      vertex -2.60406 -23.366 7
      vertex -2.54067 -23.1976 0
      vertex -2.54067 -23.1976 7
    endloop
  endfacet
  facet normal 0.93589 -0.352293 -5.30805e-19
    outer loop
      vertex -2.54067 -23.1976 0
      vertex -2.60406 -23.366 7
      vertex -2.60406 -23.366 0
    endloop
  endfacet
  facet normal 0.032786 -0.999462 0
    outer loop
      vertex -0.179858 -21.5059 0
      vertex 0 -21.5 7
      vertex -0.179858 -21.5059 7
    endloop
  endfacet
  facet normal 0.032786 -0.999462 0
    outer loop
      vertex 0 -21.5 7
      vertex -0.179858 -21.5059 0
      vertex 0 -21.5 0
    endloop
  endfacet
  facet normal 0.729742 0.683723 1.04419e-18
    outer loop
      vertex -1.94454 -26.1945 7
      vertex -2.06756 -26.0632 0
      vertex -2.06756 -26.0632 7
    endloop
  endfacet
  facet normal 0.729742 0.683723 1.04419e-18
    outer loop
      vertex -2.06756 -26.0632 0
      vertex -1.94454 -26.1945 7
      vertex -1.94454 -26.1945 0
    endloop
  endfacet
  facet normal -0.986654 -0.162831 -1.66985e-19
    outer loop
      vertex 2.72647 -23.8911 0
      vertex 2.69716 -23.7135 7
      vertex 2.69716 -23.7135 0
    endloop
  endfacet
  facet normal -0.986654 -0.162831 -1.66985e-19
    outer loop
      vertex 2.69716 -23.7135 7
      vertex 2.72647 -23.8911 0
      vertex 2.72647 -23.8911 7
    endloop
  endfacet
  facet normal -0.52835 -0.849027 0
    outer loop
      vertex 1.375 -21.8684 0
      vertex 1.52782 -21.9635 7
      vertex 1.375 -21.8684 7
    endloop
  endfacet
  facet normal -0.52835 -0.849027 -0
    outer loop
      vertex 1.52782 -21.9635 7
      vertex 1.375 -21.8684 0
      vertex 1.52782 -21.9635 0
    endloop
  endfacet
  facet normal -0.956935 0.290304 5.94296e-19
    outer loop
      vertex 2.60406 -25.134 0
      vertex 2.6563 -24.9618 7
      vertex 2.6563 -24.9618 0
    endloop
  endfacet
  facet normal -0.956935 0.290304 5.94296e-19
    outer loop
      vertex 2.6563 -24.9618 7
      vertex 2.60406 -25.134 0
      vertex 2.60406 -25.134 7
    endloop
  endfacet
  facet normal -0.910847 -0.412743 -3.97942e-19
    outer loop
      vertex 2.54067 -23.1976 0
      vertex 2.4664 -23.0337 7
      vertex 2.4664 -23.0337 0
    endloop
  endfacet
  facet normal -0.910847 -0.412743 -3.97942e-19
    outer loop
      vertex 2.4664 -23.0337 7
      vertex 2.54067 -23.1976 0
      vertex 2.54067 -23.1976 7
    endloop
  endfacet
  facet normal -0.986654 0.162831 1.66985e-19
    outer loop
      vertex 2.69716 -24.7865 0
      vertex 2.72647 -24.6089 7
      vertex 2.72647 -24.6089 0
    endloop
  endfacet
  facet normal -0.986654 0.162831 1.66985e-19
    outer loop
      vertex 2.72647 -24.6089 7
      vertex 2.69716 -24.7865 0
      vertex 2.69716 -24.7865 7
    endloop
  endfacet
  facet normal -0.227269 -0.973832 0
    outer loop
      vertex 0.536498 -21.5528 0
      vertex 0.711752 -21.5937 7
      vertex 0.536498 -21.5528 7
    endloop
  endfacet
  facet normal -0.227269 -0.973832 -0
    outer loop
      vertex 0.711752 -21.5937 7
      vertex 0.536498 -21.5528 0
      vertex 0.711752 -21.5937 0
    endloop
  endfacet
  facet normal -0.032786 0.999462 0
    outer loop
      vertex 0.179858 -26.9941 0
      vertex 0 -27 7
      vertex 0.179858 -26.9941 7
    endloop
  endfacet
  facet normal -0.032786 0.999462 0
    outer loop
      vertex 0 -27 7
      vertex 0.179858 -26.9941 0
      vertex 0 -27 0
    endloop
  endfacet
  facet normal -0.84917 0.528119 -5.99307e-19
    outer loop
      vertex 2.28654 -25.7778 0
      vertex 2.38157 -25.625 7
      vertex 2.38157 -25.625 0
    endloop
  endfacet
  facet normal -0.84917 0.528119 -5.99307e-19
    outer loop
      vertex 2.38157 -25.625 7
      vertex 2.28654 -25.7778 0
      vertex 2.28654 -25.7778 7
    endloop
  endfacet
  facet normal -0.729742 0.683723 -1.04419e-18
    outer loop
      vertex 1.94454 -26.1945 0
      vertex 2.06756 -26.0632 7
      vertex 2.06756 -26.0632 0
    endloop
  endfacet
  facet normal -0.729742 0.683723 -1.04419e-18
    outer loop
      vertex 2.06756 -26.0632 7
      vertex 1.94454 -26.1945 0
      vertex 1.94454 -26.1945 7
    endloop
  endfacet
  facet normal -0.412861 0.910794 0
    outer loop
      vertex 1.21629 -26.7164 0
      vertex 1.05238 -26.7907 7
      vertex 1.21629 -26.7164 7
    endloop
  endfacet
  facet normal -0.412861 0.910794 0
    outer loop
      vertex 1.05238 -26.7907 7
      vertex 1.21629 -26.7164 0
      vertex 1.05238 -26.7907 0
    endloop
  endfacet
  facet normal 0.097804 0.995206 -0
    outer loop
      vertex -0.179858 -26.9941 0
      vertex -0.358947 -26.9765 7
      vertex -0.179858 -26.9941 7
    endloop
  endfacet
  facet normal 0.097804 0.995206 0
    outer loop
      vertex -0.358947 -26.9765 7
      vertex -0.179858 -26.9941 0
      vertex -0.358947 -26.9765 0
    endloop
  endfacet
  facet normal 0.995179 -0.0980724 1.71218e-19
    outer loop
      vertex -2.74411 -24.0701 7
      vertex -2.72647 -23.8911 0
      vertex -2.72647 -23.8911 7
    endloop
  endfacet
  facet normal 0.995179 -0.0980724 1.71218e-19
    outer loop
      vertex -2.72647 -23.8911 0
      vertex -2.74411 -24.0701 7
      vertex -2.74411 -24.0701 0
    endloop
  endfacet
  facet normal -0.995179 0.0980724 1.71218e-19
    outer loop
      vertex 2.72647 -24.6089 0
      vertex 2.74411 -24.4299 7
      vertex 2.74411 -24.4299 0
    endloop
  endfacet
  facet normal -0.995179 0.0980724 1.71218e-19
    outer loop
      vertex 2.74411 -24.4299 7
      vertex 2.72647 -24.6089 0
      vertex 2.72647 -24.6089 7
    endloop
  endfacet
  facet normal 0.58242 -0.812888 0
    outer loop
      vertex -1.67409 -22.0683 0
      vertex -1.52782 -21.9635 7
      vertex -1.67409 -22.0683 7
    endloop
  endfacet
  facet normal 0.58242 -0.812888 0
    outer loop
      vertex -1.52782 -21.9635 7
      vertex -1.67409 -22.0683 0
      vertex -1.52782 -21.9635 0
    endloop
  endfacet
  facet normal 0.986654 0.162831 -1.66985e-19
    outer loop
      vertex -2.69716 -24.7865 7
      vertex -2.72647 -24.6089 0
      vertex -2.72647 -24.6089 7
    endloop
  endfacet
  facet normal 0.986654 0.162831 -1.66985e-19
    outer loop
      vertex -2.72647 -24.6089 0
      vertex -2.69716 -24.7865 7
      vertex -2.69716 -24.7865 0
    endloop
  endfacet
  facet normal -0.956935 -0.290304 -5.94296e-19
    outer loop
      vertex 2.6563 -23.5382 0
      vertex 2.60406 -23.366 7
      vertex 2.60406 -23.366 0
    endloop
  endfacet
  facet normal -0.956935 -0.290304 -5.94296e-19
    outer loop
      vertex 2.60406 -23.366 7
      vertex 2.6563 -23.5382 0
      vertex 2.6563 -23.5382 7
    endloop
  endfacet
  facet normal 0.910847 -0.412743 3.97942e-19
    outer loop
      vertex -2.54067 -23.1976 7
      vertex -2.4664 -23.0337 0
      vertex -2.4664 -23.0337 7
    endloop
  endfacet
  facet normal 0.910847 -0.412743 3.97942e-19
    outer loop
      vertex -2.4664 -23.0337 0
      vertex -2.54067 -23.1976 7
      vertex -2.54067 -23.1976 0
    endloop
  endfacet
  facet normal -0.032786 -0.999462 0
    outer loop
      vertex 0 -21.5 0
      vertex 0.179858 -21.5059 7
      vertex 0 -21.5 7
    endloop
  endfacet
  facet normal -0.032786 -0.999462 -0
    outer loop
      vertex 0.179858 -21.5059 7
      vertex 0 -21.5 0
      vertex 0.179858 -21.5059 0
    endloop
  endfacet
  facet normal -0.683849 0.729624 0
    outer loop
      vertex 1.94454 -26.1945 0
      vertex 1.8132 -26.3176 7
      vertex 1.94454 -26.1945 7
    endloop
  endfacet
  facet normal -0.683849 0.729624 0
    outer loop
      vertex 1.8132 -26.3176 7
      vertex 1.94454 -26.1945 0
      vertex 1.8132 -26.3176 0
    endloop
  endfacet
  facet normal -0.881914 0.47141 2.75357e-19
    outer loop
      vertex 2.38157 -25.625 0
      vertex 2.4664 -25.4663 7
      vertex 2.4664 -25.4663 0
    endloop
  endfacet
  facet normal -0.881914 0.47141 2.75357e-19
    outer loop
      vertex 2.4664 -25.4663 7
      vertex 2.38157 -25.625 0
      vertex 2.38157 -25.625 7
    endloop
  endfacet
  facet normal 0.52835 0.849027 -0
    outer loop
      vertex -1.375 -26.6316 0
      vertex -1.52782 -26.5365 7
      vertex -1.375 -26.6316 7
    endloop
  endfacet
  facet normal 0.52835 0.849027 0
    outer loop
      vertex -1.52782 -26.5365 7
      vertex -1.375 -26.6316 0
      vertex -1.52782 -26.5365 0
    endloop
  endfacet
  facet normal 0.634179 0.773187 -0
    outer loop
      vertex -1.67409 -26.4317 0
      vertex -1.8132 -26.3176 7
      vertex -1.67409 -26.4317 7
    endloop
  endfacet
  facet normal 0.634179 0.773187 0
    outer loop
      vertex -1.8132 -26.3176 7
      vertex -1.67409 -26.4317 0
      vertex -1.8132 -26.3176 0
    endloop
  endfacet
  facet normal 0.812892 -0.582415 -2.67872e-19
    outer loop
      vertex -2.28654 -22.7222 7
      vertex -2.18172 -22.5759 0
      vertex -2.18172 -22.5759 7
    endloop
  endfacet
  facet normal 0.812892 -0.582415 -2.67872e-19
    outer loop
      vertex -2.18172 -22.5759 0
      vertex -2.28654 -22.7222 7
      vertex -2.28654 -22.7222 0
    endloop
  endfacet
  facet normal 0.881914 0.47141 -2.75357e-19
    outer loop
      vertex -2.38157 -25.625 7
      vertex -2.4664 -25.4663 0
      vertex -2.4664 -25.4663 7
    endloop
  endfacet
  facet normal 0.881914 0.47141 -2.75357e-19
    outer loop
      vertex -2.4664 -25.4663 0
      vertex -2.38157 -25.625 7
      vertex -2.38157 -25.625 0
    endloop
  endfacet
  facet normal 0.93589 0.352293 5.30805e-19
    outer loop
      vertex -2.54067 -25.3024 7
      vertex -2.60406 -25.134 0
      vertex -2.60406 -25.134 7
    endloop
  endfacet
  facet normal 0.93589 0.352293 5.30805e-19
    outer loop
      vertex -2.60406 -25.134 0
      vertex -2.54067 -25.3024 7
      vertex -2.54067 -25.3024 0
    endloop
  endfacet
  facet normal 0.097804 -0.995206 0
    outer loop
      vertex -0.358947 -21.5235 0
      vertex -0.179858 -21.5059 7
      vertex -0.358947 -21.5235 7
    endloop
  endfacet
  facet normal 0.097804 -0.995206 0
    outer loop
      vertex -0.179858 -21.5059 7
      vertex -0.358947 -21.5235 0
      vertex -0.179858 -21.5059 0
    endloop
  endfacet
  facet normal 0.84917 0.528119 5.99307e-19
    outer loop
      vertex -2.28654 -25.7778 7
      vertex -2.38157 -25.625 0
      vertex -2.38157 -25.625 7
    endloop
  endfacet
  facet normal 0.84917 0.528119 5.99307e-19
    outer loop
      vertex -2.38157 -25.625 0
      vertex -2.28654 -25.7778 7
      vertex -2.28654 -25.7778 0
    endloop
  endfacet
  facet normal 0.999464 0.0327229 4.44748e-20
    outer loop
      vertex -2.74411 -24.4299 7
      vertex -2.75 -24.25 0
      vertex -2.75 -24.25 7
    endloop
  endfacet
  facet normal 0.999464 0.0327229 4.44748e-20
    outer loop
      vertex -2.75 -24.25 0
      vertex -2.74411 -24.4299 7
      vertex -2.74411 -24.4299 0
    endloop
  endfacet
  facet normal 0.956935 0.290304 -5.94296e-19
    outer loop
      vertex -2.60406 -25.134 7
      vertex -2.6563 -24.9618 0
      vertex -2.6563 -24.9618 7
    endloop
  endfacet
  facet normal 0.956935 0.290304 -5.94296e-19
    outer loop
      vertex -2.6563 -24.9618 0
      vertex -2.60406 -25.134 7
      vertex -2.60406 -25.134 0
    endloop
  endfacet
  facet normal -0.773001 0.634405 -8.25746e-19
    outer loop
      vertex 2.06756 -26.0632 0
      vertex 2.18172 -25.9241 7
      vertex 2.18172 -25.9241 0
    endloop
  endfacet
  facet normal -0.773001 0.634405 -8.25746e-19
    outer loop
      vertex 2.18172 -25.9241 7
      vertex 2.06756 -26.0632 0
      vertex 2.06756 -26.0632 7
    endloop
  endfacet
  facet normal -0.973894 0.227001 -2.5473e-19
    outer loop
      vertex 2.6563 -24.9618 0
      vertex 2.69716 -24.7865 7
      vertex 2.69716 -24.7865 0
    endloop
  endfacet
  facet normal -0.973894 0.227001 -2.5473e-19
    outer loop
      vertex 2.69716 -24.7865 7
      vertex 2.6563 -24.9618 0
      vertex 2.6563 -24.9618 7
    endloop
  endfacet
  facet normal 0.773001 -0.634405 -8.25746e-19
    outer loop
      vertex -2.18172 -22.5759 7
      vertex -2.06756 -22.4368 0
      vertex -2.06756 -22.4368 7
    endloop
  endfacet
  facet normal 0.773001 -0.634405 -8.25746e-19
    outer loop
      vertex -2.06756 -22.4368 0
      vertex -2.18172 -22.5759 7
      vertex -2.18172 -22.5759 0
    endloop
  endfacet
  facet normal 0.290091 -0.956999 0
    outer loop
      vertex -0.883958 -21.6459 0
      vertex -0.711752 -21.5937 7
      vertex -0.883958 -21.6459 7
    endloop
  endfacet
  facet normal 0.290091 -0.956999 0
    outer loop
      vertex -0.711752 -21.5937 7
      vertex -0.883958 -21.6459 0
      vertex -0.711752 -21.5937 0
    endloop
  endfacet
  facet normal 0.683849 0.729624 -0
    outer loop
      vertex -1.8132 -26.3176 0
      vertex -1.94454 -26.1945 7
      vertex -1.8132 -26.3176 7
    endloop
  endfacet
  facet normal 0.683849 0.729624 0
    outer loop
      vertex -1.94454 -26.1945 7
      vertex -1.8132 -26.3176 0
      vertex -1.94454 -26.1945 0
    endloop
  endfacet
  facet normal -0.84917 -0.528119 5.99307e-19
    outer loop
      vertex 2.38157 -22.875 0
      vertex 2.28654 -22.7222 7
      vertex 2.28654 -22.7222 0
    endloop
  endfacet
  facet normal -0.84917 -0.528119 5.99307e-19
    outer loop
      vertex 2.28654 -22.7222 7
      vertex 2.38157 -22.875 0
      vertex 2.38157 -22.875 7
    endloop
  endfacet
  facet normal 0.162821 0.986656 -0
    outer loop
      vertex -0.358947 -26.9765 0
      vertex -0.536498 -26.9472 7
      vertex -0.358947 -26.9765 7
    endloop
  endfacet
  facet normal 0.162821 0.986656 0
    outer loop
      vertex -0.536498 -26.9472 7
      vertex -0.358947 -26.9765 0
      vertex -0.536498 -26.9472 0
    endloop
  endfacet
  facet normal 0.227269 0.973832 -0
    outer loop
      vertex -0.536498 -26.9472 0
      vertex -0.711752 -26.9063 7
      vertex -0.536498 -26.9472 7
    endloop
  endfacet
  facet normal 0.227269 0.973832 0
    outer loop
      vertex -0.711752 -26.9063 7
      vertex -0.536498 -26.9472 0
      vertex -0.711752 -26.9063 0
    endloop
  endfacet
  facet normal -0.93589 0.352293 -5.30805e-19
    outer loop
      vertex 2.54067 -25.3024 0
      vertex 2.60406 -25.134 7
      vertex 2.60406 -25.134 0
    endloop
  endfacet
  facet normal -0.93589 0.352293 -5.30805e-19
    outer loop
      vertex 2.60406 -25.134 7
      vertex 2.54067 -25.3024 0
      vertex 2.54067 -25.3024 7
    endloop
  endfacet
  facet normal 0.812892 0.582415 2.67872e-19
    outer loop
      vertex -2.18172 -25.9241 7
      vertex -2.28654 -25.7778 0
      vertex -2.28654 -25.7778 7
    endloop
  endfacet
  facet normal 0.812892 0.582415 2.67872e-19
    outer loop
      vertex -2.28654 -25.7778 0
      vertex -2.18172 -25.9241 7
      vertex -2.18172 -25.9241 0
    endloop
  endfacet
  facet normal 0.773001 0.634405 8.25746e-19
    outer loop
      vertex -2.06756 -26.0632 7
      vertex -2.18172 -25.9241 0
      vertex -2.18172 -25.9241 7
    endloop
  endfacet
  facet normal 0.773001 0.634405 8.25746e-19
    outer loop
      vertex -2.18172 -25.9241 0
      vertex -2.06756 -26.0632 7
      vertex -2.06756 -26.0632 0
    endloop
  endfacet
  facet normal -0.93589 -0.352293 5.30805e-19
    outer loop
      vertex 2.60406 -23.366 0
      vertex 2.54067 -23.1976 7
      vertex 2.54067 -23.1976 0
    endloop
  endfacet
  facet normal -0.93589 -0.352293 5.30805e-19
    outer loop
      vertex 2.54067 -23.1976 7
      vertex 2.60406 -23.366 0
      vertex 2.60406 -23.366 7
    endloop
  endfacet
  facet normal 0.162821 -0.986656 0
    outer loop
      vertex -0.536498 -21.5528 0
      vertex -0.358947 -21.5235 7
      vertex -0.536498 -21.5528 7
    endloop
  endfacet
  facet normal 0.162821 -0.986656 0
    outer loop
      vertex -0.358947 -21.5235 7
      vertex -0.536498 -21.5528 0
      vertex -0.358947 -21.5235 0
    endloop
  endfacet
  facet normal 0.986654 -0.162831 1.66985e-19
    outer loop
      vertex -2.72647 -23.8911 7
      vertex -2.69716 -23.7135 0
      vertex -2.69716 -23.7135 7
    endloop
  endfacet
  facet normal 0.986654 -0.162831 1.66985e-19
    outer loop
      vertex -2.69716 -23.7135 0
      vertex -2.72647 -23.8911 7
      vertex -2.72647 -23.8911 0
    endloop
  endfacet
  facet normal 0.729742 -0.683723 -1.04419e-18
    outer loop
      vertex -2.06756 -22.4368 7
      vertex -1.94454 -22.3055 0
      vertex -1.94454 -22.3055 7
    endloop
  endfacet
  facet normal 0.729742 -0.683723 -1.04419e-18
    outer loop
      vertex -1.94454 -22.3055 0
      vertex -2.06756 -22.4368 7
      vertex -2.06756 -22.4368 0
    endloop
  endfacet
  facet normal -0.58242 0.812888 0
    outer loop
      vertex 1.67409 -26.4317 0
      vertex 1.52782 -26.5365 7
      vertex 1.67409 -26.4317 7
    endloop
  endfacet
  facet normal -0.58242 0.812888 0
    outer loop
      vertex 1.52782 -26.5365 7
      vertex 1.67409 -26.4317 0
      vertex 1.52782 -26.5365 0
    endloop
  endfacet
  facet normal 0.999464 -0.0327229 -4.44748e-20
    outer loop
      vertex -2.75 -24.25 7
      vertex -2.74411 -24.0701 0
      vertex -2.74411 -24.0701 7
    endloop
  endfacet
  facet normal 0.999464 -0.0327229 -4.44748e-20
    outer loop
      vertex -2.74411 -24.0701 0
      vertex -2.75 -24.25 7
      vertex -2.75 -24.25 0
    endloop
  endfacet
  facet normal 0.52835 -0.849027 0
    outer loop
      vertex -1.52782 -21.9635 0
      vertex -1.375 -21.8684 7
      vertex -1.52782 -21.9635 7
    endloop
  endfacet
  facet normal 0.52835 -0.849027 0
    outer loop
      vertex -1.375 -21.8684 7
      vertex -1.52782 -21.9635 0
      vertex -1.375 -21.8684 0
    endloop
  endfacet
  facet normal -0.290091 -0.956999 0
    outer loop
      vertex 0.711752 -21.5937 0
      vertex 0.883958 -21.6459 7
      vertex 0.711752 -21.5937 7
    endloop
  endfacet
  facet normal -0.290091 -0.956999 -0
    outer loop
      vertex 0.883958 -21.6459 7
      vertex 0.711752 -21.5937 0
      vertex 0.883958 -21.6459 0
    endloop
  endfacet
  facet normal -0.471257 -0.881996 0
    outer loop
      vertex 1.21629 -21.7836 0
      vertex 1.375 -21.8684 7
      vertex 1.21629 -21.7836 7
    endloop
  endfacet
  facet normal -0.471257 -0.881996 -0
    outer loop
      vertex 1.375 -21.8684 7
      vertex 1.21629 -21.7836 0
      vertex 1.375 -21.8684 0
    endloop
  endfacet
  facet normal -0.352301 0.935887 0
    outer loop
      vertex 1.05238 -26.7907 0
      vertex 0.883958 -26.8541 7
      vertex 1.05238 -26.7907 7
    endloop
  endfacet
  facet normal -0.352301 0.935887 0
    outer loop
      vertex 0.883958 -26.8541 7
      vertex 1.05238 -26.7907 0
      vertex 0.883958 -26.8541 0
    endloop
  endfacet
  facet normal -0.910847 0.412743 3.97942e-19
    outer loop
      vertex 2.4664 -25.4663 0
      vertex 2.54067 -25.3024 7
      vertex 2.54067 -25.3024 0
    endloop
  endfacet
  facet normal -0.910847 0.412743 3.97942e-19
    outer loop
      vertex 2.54067 -25.3024 7
      vertex 2.4664 -25.4663 0
      vertex 2.4664 -25.4663 7
    endloop
  endfacet
  facet normal 0.58242 0.812888 -0
    outer loop
      vertex -1.52782 -26.5365 0
      vertex -1.67409 -26.4317 7
      vertex -1.52782 -26.5365 7
    endloop
  endfacet
  facet normal 0.58242 0.812888 0
    outer loop
      vertex -1.67409 -26.4317 7
      vertex -1.52782 -26.5365 0
      vertex -1.67409 -26.4317 0
    endloop
  endfacet
  facet normal -0.634179 0.773187 0
    outer loop
      vertex 1.8132 -26.3176 0
      vertex 1.67409 -26.4317 7
      vertex 1.8132 -26.3176 7
    endloop
  endfacet
  facet normal -0.634179 0.773187 0
    outer loop
      vertex 1.67409 -26.4317 7
      vertex 1.8132 -26.3176 0
      vertex 1.67409 -26.4317 0
    endloop
  endfacet
  facet normal 0.471257 -0.881996 0
    outer loop
      vertex -1.375 -21.8684 0
      vertex -1.21629 -21.7836 7
      vertex -1.375 -21.8684 7
    endloop
  endfacet
  facet normal 0.471257 -0.881996 0
    outer loop
      vertex -1.21629 -21.7836 7
      vertex -1.375 -21.8684 0
      vertex -1.21629 -21.7836 0
    endloop
  endfacet
  facet normal 0.881914 -0.47141 2.75357e-19
    outer loop
      vertex -2.4664 -23.0337 7
      vertex -2.38157 -22.875 0
      vertex -2.38157 -22.875 7
    endloop
  endfacet
  facet normal 0.881914 -0.47141 2.75357e-19
    outer loop
      vertex -2.38157 -22.875 0
      vertex -2.4664 -23.0337 7
      vertex -2.4664 -23.0337 0
    endloop
  endfacet
  facet normal 0.352301 0.935887 -0
    outer loop
      vertex -0.883958 -26.8541 0
      vertex -1.05238 -26.7907 7
      vertex -0.883958 -26.8541 7
    endloop
  endfacet
  facet normal 0.352301 0.935887 0
    outer loop
      vertex -1.05238 -26.7907 7
      vertex -0.883958 -26.8541 0
      vertex -1.05238 -26.7907 0
    endloop
  endfacet
  facet normal 0.290091 0.956999 -0
    outer loop
      vertex -0.711752 -26.9063 0
      vertex -0.883958 -26.8541 7
      vertex -0.711752 -26.9063 7
    endloop
  endfacet
  facet normal 0.290091 0.956999 0
    outer loop
      vertex -0.883958 -26.8541 7
      vertex -0.711752 -26.9063 0
      vertex -0.883958 -26.8541 0
    endloop
  endfacet
  facet normal -0.162821 -0.986656 0
    outer loop
      vertex 0.358947 -21.5235 0
      vertex 0.536498 -21.5528 7
      vertex 0.358947 -21.5235 7
    endloop
  endfacet
  facet normal -0.162821 -0.986656 -0
    outer loop
      vertex 0.536498 -21.5528 7
      vertex 0.358947 -21.5235 0
      vertex 0.536498 -21.5528 0
    endloop
  endfacet
  facet normal 0.84917 -0.528119 -5.99307e-19
    outer loop
      vertex -2.38157 -22.875 7
      vertex -2.28654 -22.7222 0
      vertex -2.28654 -22.7222 7
    endloop
  endfacet
  facet normal 0.84917 -0.528119 -5.99307e-19
    outer loop
      vertex -2.28654 -22.7222 0
      vertex -2.38157 -22.875 7
      vertex -2.38157 -22.875 0
    endloop
  endfacet
  facet normal 0.412861 0.910794 -0
    outer loop
      vertex -1.05238 -26.7907 0
      vertex -1.21629 -26.7164 7
      vertex -1.05238 -26.7907 7
    endloop
  endfacet
  facet normal 0.412861 0.910794 0
    outer loop
      vertex -1.21629 -26.7164 7
      vertex -1.05238 -26.7907 0
      vertex -1.21629 -26.7164 0
    endloop
  endfacet
  facet normal 0.58242 -0.812888 0
    outer loop
      vertex -1.67409 26.4317 0
      vertex -1.52782 26.5365 7
      vertex -1.67409 26.4317 7
    endloop
  endfacet
  facet normal 0.58242 -0.812888 0
    outer loop
      vertex -1.52782 26.5365 7
      vertex -1.67409 26.4317 0
      vertex -1.52782 26.5365 0
    endloop
  endfacet
  facet normal -0.995179 -0.0980724 -1.71218e-19
    outer loop
      vertex 2.74411 24.4299 0
      vertex 2.72647 24.6089 7
      vertex 2.72647 24.6089 0
    endloop
  endfacet
  facet normal -0.995179 -0.0980724 -1.71218e-19
    outer loop
      vertex 2.72647 24.6089 7
      vertex 2.74411 24.4299 0
      vertex 2.74411 24.4299 7
    endloop
  endfacet
  facet normal -0.999464 -0.0327229 4.44748e-20
    outer loop
      vertex 2.75 24.25 0
      vertex 2.74411 24.4299 7
      vertex 2.74411 24.4299 0
    endloop
  endfacet
  facet normal -0.999464 -0.0327229 4.44748e-20
    outer loop
      vertex 2.74411 24.4299 7
      vertex 2.75 24.25 0
      vertex 2.75 24.25 7
    endloop
  endfacet
  facet normal -0.729742 0.683723 -1.04419e-18
    outer loop
      vertex 1.94454 22.3055 0
      vertex 2.06756 22.4368 7
      vertex 2.06756 22.4368 0
    endloop
  endfacet
  facet normal -0.729742 0.683723 -1.04419e-18
    outer loop
      vertex 2.06756 22.4368 7
      vertex 1.94454 22.3055 0
      vertex 1.94454 22.3055 7
    endloop
  endfacet
  facet normal -0.58242 -0.812888 0
    outer loop
      vertex 1.52782 26.5365 0
      vertex 1.67409 26.4317 7
      vertex 1.52782 26.5365 7
    endloop
  endfacet
  facet normal -0.58242 -0.812888 -0
    outer loop
      vertex 1.67409 26.4317 7
      vertex 1.52782 26.5365 0
      vertex 1.67409 26.4317 0
    endloop
  endfacet
  facet normal -0.162821 -0.986656 0
    outer loop
      vertex 0.358947 26.9765 0
      vertex 0.536498 26.9472 7
      vertex 0.358947 26.9765 7
    endloop
  endfacet
  facet normal -0.162821 -0.986656 -0
    outer loop
      vertex 0.536498 26.9472 7
      vertex 0.358947 26.9765 0
      vertex 0.536498 26.9472 0
    endloop
  endfacet
  facet normal -0.471257 -0.881996 0
    outer loop
      vertex 1.21629 26.7164 0
      vertex 1.375 26.6316 7
      vertex 1.21629 26.7164 7
    endloop
  endfacet
  facet normal -0.471257 -0.881996 -0
    outer loop
      vertex 1.375 26.6316 7
      vertex 1.21629 26.7164 0
      vertex 1.375 26.6316 0
    endloop
  endfacet
  facet normal 0.812892 0.582415 2.67872e-19
    outer loop
      vertex -2.18172 22.5759 7
      vertex -2.28654 22.7222 0
      vertex -2.28654 22.7222 7
    endloop
  endfacet
  facet normal 0.812892 0.582415 2.67872e-19
    outer loop
      vertex -2.28654 22.7222 0
      vertex -2.18172 22.5759 7
      vertex -2.18172 22.5759 0
    endloop
  endfacet
  facet normal 0.634179 0.773187 -0
    outer loop
      vertex -1.67409 22.0683 0
      vertex -1.8132 22.1824 7
      vertex -1.67409 22.0683 7
    endloop
  endfacet
  facet normal 0.634179 0.773187 0
    outer loop
      vertex -1.8132 22.1824 7
      vertex -1.67409 22.0683 0
      vertex -1.8132 22.1824 0
    endloop
  endfacet
  facet normal 0.352301 0.935887 -0
    outer loop
      vertex -0.883958 21.6459 0
      vertex -1.05238 21.7093 7
      vertex -0.883958 21.6459 7
    endloop
  endfacet
  facet normal 0.352301 0.935887 0
    outer loop
      vertex -1.05238 21.7093 7
      vertex -0.883958 21.6459 0
      vertex -1.05238 21.7093 0
    endloop
  endfacet
  facet normal -0.290091 0.956999 0
    outer loop
      vertex 0.883958 21.6459 0
      vertex 0.711752 21.5937 7
      vertex 0.883958 21.6459 7
    endloop
  endfacet
  facet normal -0.290091 0.956999 0
    outer loop
      vertex 0.711752 21.5937 7
      vertex 0.883958 21.6459 0
      vertex 0.711752 21.5937 0
    endloop
  endfacet
  facet normal 0.973894 -0.227001 -2.5473e-19
    outer loop
      vertex -2.69716 24.7865 7
      vertex -2.6563 24.9618 0
      vertex -2.6563 24.9618 7
    endloop
  endfacet
  facet normal 0.973894 -0.227001 -2.5473e-19
    outer loop
      vertex -2.6563 24.9618 0
      vertex -2.69716 24.7865 7
      vertex -2.69716 24.7865 0
    endloop
  endfacet
  facet normal -0.773001 -0.634405 8.25746e-19
    outer loop
      vertex 2.18172 25.9241 0
      vertex 2.06756 26.0632 7
      vertex 2.06756 26.0632 0
    endloop
  endfacet
  facet normal -0.773001 -0.634405 8.25746e-19
    outer loop
      vertex 2.06756 26.0632 7
      vertex 2.18172 25.9241 0
      vertex 2.18172 25.9241 7
    endloop
  endfacet
  facet normal 0.683849 -0.729624 0
    outer loop
      vertex -1.94454 26.1945 0
      vertex -1.8132 26.3176 7
      vertex -1.94454 26.1945 7
    endloop
  endfacet
  facet normal 0.683849 -0.729624 0
    outer loop
      vertex -1.8132 26.3176 7
      vertex -1.94454 26.1945 0
      vertex -1.8132 26.3176 0
    endloop
  endfacet
  facet normal -0.986654 0.162831 1.66985e-19
    outer loop
      vertex 2.69716 23.7135 0
      vertex 2.72647 23.8911 7
      vertex 2.72647 23.8911 0
    endloop
  endfacet
  facet normal -0.986654 0.162831 1.66985e-19
    outer loop
      vertex 2.72647 23.8911 7
      vertex 2.69716 23.7135 0
      vertex 2.69716 23.7135 7
    endloop
  endfacet
  facet normal -0.290091 -0.956999 0
    outer loop
      vertex 0.711752 26.9063 0
      vertex 0.883958 26.8541 7
      vertex 0.711752 26.9063 7
    endloop
  endfacet
  facet normal -0.290091 -0.956999 -0
    outer loop
      vertex 0.883958 26.8541 7
      vertex 0.711752 26.9063 0
      vertex 0.883958 26.8541 0
    endloop
  endfacet
  facet normal 0.93589 -0.352293 -5.30805e-19
    outer loop
      vertex -2.60406 25.134 7
      vertex -2.54067 25.3024 0
      vertex -2.54067 25.3024 7
    endloop
  endfacet
  facet normal 0.93589 -0.352293 -5.30805e-19
    outer loop
      vertex -2.54067 25.3024 0
      vertex -2.60406 25.134 7
      vertex -2.60406 25.134 0
    endloop
  endfacet
  facet normal 0.412861 -0.910794 0
    outer loop
      vertex -1.21629 26.7164 0
      vertex -1.05238 26.7907 7
      vertex -1.21629 26.7164 7
    endloop
  endfacet
  facet normal 0.412861 -0.910794 0
    outer loop
      vertex -1.05238 26.7907 7
      vertex -1.21629 26.7164 0
      vertex -1.05238 26.7907 0
    endloop
  endfacet
  facet normal -0.999464 0.0327229 -4.44748e-20
    outer loop
      vertex 2.74411 24.0701 0
      vertex 2.75 24.25 7
      vertex 2.75 24.25 0
    endloop
  endfacet
  facet normal -0.999464 0.0327229 -4.44748e-20
    outer loop
      vertex 2.75 24.25 7
      vertex 2.74411 24.0701 0
      vertex 2.74411 24.0701 7
    endloop
  endfacet
  facet normal 0.032786 -0.999462 0
    outer loop
      vertex -0.179858 26.9941 0
      vertex 0 27 7
      vertex -0.179858 26.9941 7
    endloop
  endfacet
  facet normal 0.032786 -0.999462 0
    outer loop
      vertex 0 27 7
      vertex -0.179858 26.9941 0
      vertex 0 27 0
    endloop
  endfacet
  facet normal -0.812892 -0.582415 2.67872e-19
    outer loop
      vertex 2.28654 25.7778 0
      vertex 2.18172 25.9241 7
      vertex 2.18172 25.9241 0
    endloop
  endfacet
  facet normal -0.812892 -0.582415 2.67872e-19
    outer loop
      vertex 2.18172 25.9241 7
      vertex 2.28654 25.7778 0
      vertex 2.28654 25.7778 7
    endloop
  endfacet
  facet normal -0.412861 -0.910794 0
    outer loop
      vertex 1.05238 26.7907 0
      vertex 1.21629 26.7164 7
      vertex 1.05238 26.7907 7
    endloop
  endfacet
  facet normal -0.412861 -0.910794 -0
    outer loop
      vertex 1.21629 26.7164 7
      vertex 1.05238 26.7907 0
      vertex 1.21629 26.7164 0
    endloop
  endfacet
  facet normal -0.881914 -0.47141 -2.75357e-19
    outer loop
      vertex 2.4664 25.4663 0
      vertex 2.38157 25.625 7
      vertex 2.38157 25.625 0
    endloop
  endfacet
  facet normal -0.881914 -0.47141 -2.75357e-19
    outer loop
      vertex 2.38157 25.625 7
      vertex 2.4664 25.4663 0
      vertex 2.4664 25.4663 7
    endloop
  endfacet
  facet normal -0.881914 0.47141 2.75357e-19
    outer loop
      vertex 2.38157 22.875 0
      vertex 2.4664 23.0337 7
      vertex 2.4664 23.0337 0
    endloop
  endfacet
  facet normal -0.881914 0.47141 2.75357e-19
    outer loop
      vertex 2.4664 23.0337 7
      vertex 2.38157 22.875 0
      vertex 2.38157 22.875 7
    endloop
  endfacet
  facet normal 0.729742 -0.683723 -1.04419e-18
    outer loop
      vertex -2.06756 26.0632 7
      vertex -1.94454 26.1945 0
      vertex -1.94454 26.1945 7
    endloop
  endfacet
  facet normal 0.729742 -0.683723 -1.04419e-18
    outer loop
      vertex -1.94454 26.1945 0
      vertex -2.06756 26.0632 7
      vertex -2.06756 26.0632 0
    endloop
  endfacet
  facet normal 0.634179 -0.773187 0
    outer loop
      vertex -1.8132 26.3176 0
      vertex -1.67409 26.4317 7
      vertex -1.8132 26.3176 7
    endloop
  endfacet
  facet normal 0.634179 -0.773187 0
    outer loop
      vertex -1.67409 26.4317 7
      vertex -1.8132 26.3176 0
      vertex -1.67409 26.4317 0
    endloop
  endfacet
  facet normal 0.52835 0.849027 -0
    outer loop
      vertex -1.375 21.8684 0
      vertex -1.52782 21.9635 7
      vertex -1.375 21.8684 7
    endloop
  endfacet
  facet normal 0.52835 0.849027 0
    outer loop
      vertex -1.52782 21.9635 7
      vertex -1.375 21.8684 0
      vertex -1.52782 21.9635 0
    endloop
  endfacet
  facet normal -0.773001 0.634405 -8.25746e-19
    outer loop
      vertex 2.06756 22.4368 0
      vertex 2.18172 22.5759 7
      vertex 2.18172 22.5759 0
    endloop
  endfacet
  facet normal -0.773001 0.634405 -8.25746e-19
    outer loop
      vertex 2.18172 22.5759 7
      vertex 2.06756 22.4368 0
      vertex 2.06756 22.4368 7
    endloop
  endfacet
  facet normal 0.683849 0.729624 -0
    outer loop
      vertex -1.8132 22.1824 0
      vertex -1.94454 22.3055 7
      vertex -1.8132 22.1824 7
    endloop
  endfacet
  facet normal 0.683849 0.729624 0
    outer loop
      vertex -1.94454 22.3055 7
      vertex -1.8132 22.1824 0
      vertex -1.94454 22.3055 0
    endloop
  endfacet
  facet normal 0.227269 0.973832 -0
    outer loop
      vertex -0.536498 21.5528 0
      vertex -0.711752 21.5937 7
      vertex -0.536498 21.5528 7
    endloop
  endfacet
  facet normal 0.227269 0.973832 0
    outer loop
      vertex -0.711752 21.5937 7
      vertex -0.536498 21.5528 0
      vertex -0.711752 21.5937 0
    endloop
  endfacet
  facet normal -0.634179 -0.773187 0
    outer loop
      vertex 1.67409 26.4317 0
      vertex 1.8132 26.3176 7
      vertex 1.67409 26.4317 7
    endloop
  endfacet
  facet normal -0.634179 -0.773187 -0
    outer loop
      vertex 1.8132 26.3176 7
      vertex 1.67409 26.4317 0
      vertex 1.8132 26.3176 0
    endloop
  endfacet
  facet normal -0.352301 -0.935887 0
    outer loop
      vertex 0.883958 26.8541 0
      vertex 1.05238 26.7907 7
      vertex 0.883958 26.8541 7
    endloop
  endfacet
  facet normal -0.352301 -0.935887 -0
    outer loop
      vertex 1.05238 26.7907 7
      vertex 0.883958 26.8541 0
      vertex 1.05238 26.7907 0
    endloop
  endfacet
  facet normal 0.910847 0.412743 -3.97942e-19
    outer loop
      vertex -2.4664 23.0337 7
      vertex -2.54067 23.1976 0
      vertex -2.54067 23.1976 7
    endloop
  endfacet
  facet normal 0.910847 0.412743 -3.97942e-19
    outer loop
      vertex -2.54067 23.1976 0
      vertex -2.4664 23.0337 7
      vertex -2.4664 23.0337 0
    endloop
  endfacet
  facet normal -0.973894 -0.227001 2.5473e-19
    outer loop
      vertex 2.69716 24.7865 0
      vertex 2.6563 24.9618 7
      vertex 2.6563 24.9618 0
    endloop
  endfacet
  facet normal -0.973894 -0.227001 2.5473e-19
    outer loop
      vertex 2.6563 24.9618 7
      vertex 2.69716 24.7865 0
      vertex 2.69716 24.7865 7
    endloop
  endfacet
  facet normal 0.881914 0.47141 -2.75357e-19
    outer loop
      vertex -2.38157 22.875 7
      vertex -2.4664 23.0337 0
      vertex -2.4664 23.0337 7
    endloop
  endfacet
  facet normal 0.881914 0.47141 -2.75357e-19
    outer loop
      vertex -2.4664 23.0337 0
      vertex -2.38157 22.875 7
      vertex -2.38157 22.875 0
    endloop
  endfacet
  facet normal 0.999464 -0.0327229 -4.44748e-20
    outer loop
      vertex -2.75 24.25 7
      vertex -2.74411 24.4299 0
      vertex -2.74411 24.4299 7
    endloop
  endfacet
  facet normal 0.999464 -0.0327229 -4.44748e-20
    outer loop
      vertex -2.74411 24.4299 0
      vertex -2.75 24.25 7
      vertex -2.75 24.25 0
    endloop
  endfacet
  facet normal -0.227269 0.973832 0
    outer loop
      vertex 0.711752 21.5937 0
      vertex 0.536498 21.5528 7
      vertex 0.711752 21.5937 7
    endloop
  endfacet
  facet normal -0.227269 0.973832 0
    outer loop
      vertex 0.536498 21.5528 7
      vertex 0.711752 21.5937 0
      vertex 0.536498 21.5528 0
    endloop
  endfacet
  facet normal -0.986654 -0.162831 -1.66985e-19
    outer loop
      vertex 2.72647 24.6089 0
      vertex 2.69716 24.7865 7
      vertex 2.69716 24.7865 0
    endloop
  endfacet
  facet normal -0.986654 -0.162831 -1.66985e-19
    outer loop
      vertex 2.69716 24.7865 7
      vertex 2.72647 24.6089 0
      vertex 2.72647 24.6089 7
    endloop
  endfacet
  facet normal -0.52835 -0.849027 0
    outer loop
      vertex 1.375 26.6316 0
      vertex 1.52782 26.5365 7
      vertex 1.375 26.6316 7
    endloop
  endfacet
  facet normal -0.52835 -0.849027 -0
    outer loop
      vertex 1.52782 26.5365 7
      vertex 1.375 26.6316 0
      vertex 1.52782 26.5365 0
    endloop
  endfacet
  facet normal -0.956935 0.290304 5.94296e-19
    outer loop
      vertex 2.60406 23.366 0
      vertex 2.6563 23.5382 7
      vertex 2.6563 23.5382 0
    endloop
  endfacet
  facet normal -0.956935 0.290304 5.94296e-19
    outer loop
      vertex 2.6563 23.5382 7
      vertex 2.60406 23.366 0
      vertex 2.60406 23.366 7
    endloop
  endfacet
  facet normal -0.58242 0.812888 0
    outer loop
      vertex 1.67409 22.0683 0
      vertex 1.52782 21.9635 7
      vertex 1.67409 22.0683 7
    endloop
  endfacet
  facet normal -0.58242 0.812888 0
    outer loop
      vertex 1.52782 21.9635 7
      vertex 1.67409 22.0683 0
      vertex 1.52782 21.9635 0
    endloop
  endfacet
  facet normal 0.84917 -0.528119 -5.99307e-19
    outer loop
      vertex -2.38157 25.625 7
      vertex -2.28654 25.7778 0
      vertex -2.28654 25.7778 7
    endloop
  endfacet
  facet normal 0.84917 -0.528119 -5.99307e-19
    outer loop
      vertex -2.28654 25.7778 0
      vertex -2.38157 25.625 7
      vertex -2.38157 25.625 0
    endloop
  endfacet
  facet normal -0.910847 -0.412743 -3.97942e-19
    outer loop
      vertex 2.54067 25.3024 0
      vertex 2.4664 25.4663 7
      vertex 2.4664 25.4663 0
    endloop
  endfacet
  facet normal -0.910847 -0.412743 -3.97942e-19
    outer loop
      vertex 2.4664 25.4663 7
      vertex 2.54067 25.3024 0
      vertex 2.54067 25.3024 7
    endloop
  endfacet
  facet normal 0.471257 -0.881996 0
    outer loop
      vertex -1.375 26.6316 0
      vertex -1.21629 26.7164 7
      vertex -1.375 26.6316 7
    endloop
  endfacet
  facet normal 0.471257 -0.881996 0
    outer loop
      vertex -1.21629 26.7164 7
      vertex -1.375 26.6316 0
      vertex -1.21629 26.7164 0
    endloop
  endfacet
  facet normal 0.973894 0.227001 2.5473e-19
    outer loop
      vertex -2.6563 23.5382 7
      vertex -2.69716 23.7135 0
      vertex -2.69716 23.7135 7
    endloop
  endfacet
  facet normal 0.973894 0.227001 2.5473e-19
    outer loop
      vertex -2.69716 23.7135 0
      vertex -2.6563 23.5382 7
      vertex -2.6563 23.5382 0
    endloop
  endfacet
  facet normal -0.097804 0.995206 0
    outer loop
      vertex 0.358947 21.5235 0
      vertex 0.179858 21.5059 7
      vertex 0.358947 21.5235 7
    endloop
  endfacet
  facet normal -0.097804 0.995206 0
    outer loop
      vertex 0.179858 21.5059 7
      vertex 0.358947 21.5235 0
      vertex 0.179858 21.5059 0
    endloop
  endfacet
  facet normal 0.881914 -0.47141 2.75357e-19
    outer loop
      vertex -2.4664 25.4663 7
      vertex -2.38157 25.625 0
      vertex -2.38157 25.625 7
    endloop
  endfacet
  facet normal 0.881914 -0.47141 2.75357e-19
    outer loop
      vertex -2.38157 25.625 0
      vertex -2.4664 25.4663 7
      vertex -2.4664 25.4663 0
    endloop
  endfacet
  facet normal -0.84917 0.528119 -5.99307e-19
    outer loop
      vertex 2.28654 22.7222 0
      vertex 2.38157 22.875 7
      vertex 2.38157 22.875 0
    endloop
  endfacet
  facet normal -0.84917 0.528119 -5.99307e-19
    outer loop
      vertex 2.38157 22.875 7
      vertex 2.28654 22.7222 0
      vertex 2.28654 22.7222 7
    endloop
  endfacet
  facet normal 0.956935 0.290304 -5.94296e-19
    outer loop
      vertex -2.60406 23.366 7
      vertex -2.6563 23.5382 0
      vertex -2.6563 23.5382 7
    endloop
  endfacet
  facet normal 0.956935 0.290304 -5.94296e-19
    outer loop
      vertex -2.6563 23.5382 0
      vertex -2.60406 23.366 7
      vertex -2.60406 23.366 0
    endloop
  endfacet
  facet normal -0.729742 -0.683723 1.04419e-18
    outer loop
      vertex 2.06756 26.0632 0
      vertex 1.94454 26.1945 7
      vertex 1.94454 26.1945 0
    endloop
  endfacet
  facet normal -0.729742 -0.683723 1.04419e-18
    outer loop
      vertex 1.94454 26.1945 7
      vertex 2.06756 26.0632 0
      vertex 2.06756 26.0632 7
    endloop
  endfacet
  facet normal -0.995179 0.0980724 1.71218e-19
    outer loop
      vertex 2.72647 23.8911 0
      vertex 2.74411 24.0701 7
      vertex 2.74411 24.0701 0
    endloop
  endfacet
  facet normal -0.995179 0.0980724 1.71218e-19
    outer loop
      vertex 2.74411 24.0701 7
      vertex 2.72647 23.8911 0
      vertex 2.72647 23.8911 7
    endloop
  endfacet
  facet normal -0.097804 -0.995206 0
    outer loop
      vertex 0.179858 26.9941 0
      vertex 0.358947 26.9765 7
      vertex 0.179858 26.9941 7
    endloop
  endfacet
  facet normal -0.097804 -0.995206 -0
    outer loop
      vertex 0.358947 26.9765 7
      vertex 0.179858 26.9941 0
      vertex 0.358947 26.9765 0
    endloop
  endfacet
  facet normal 0.162821 0.986656 -0
    outer loop
      vertex -0.358947 21.5235 0
      vertex -0.536498 21.5528 7
      vertex -0.358947 21.5235 7
    endloop
  endfacet
  facet normal 0.162821 0.986656 0
    outer loop
      vertex -0.536498 21.5528 7
      vertex -0.358947 21.5235 0
      vertex -0.536498 21.5528 0
    endloop
  endfacet
  facet normal 0.032786 0.999462 -0
    outer loop
      vertex 0 21.5 0
      vertex -0.179858 21.5059 7
      vertex 0 21.5 7
    endloop
  endfacet
  facet normal 0.032786 0.999462 0
    outer loop
      vertex -0.179858 21.5059 7
      vertex 0 21.5 0
      vertex -0.179858 21.5059 0
    endloop
  endfacet
  facet normal -0.956935 -0.290304 -5.94296e-19
    outer loop
      vertex 2.6563 24.9618 0
      vertex 2.60406 25.134 7
      vertex 2.60406 25.134 0
    endloop
  endfacet
  facet normal -0.956935 -0.290304 -5.94296e-19
    outer loop
      vertex 2.60406 25.134 7
      vertex 2.6563 24.9618 0
      vertex 2.6563 24.9618 7
    endloop
  endfacet
  facet normal 0.097804 0.995206 -0
    outer loop
      vertex -0.179858 21.5059 0
      vertex -0.358947 21.5235 7
      vertex -0.179858 21.5059 7
    endloop
  endfacet
  facet normal 0.097804 0.995206 0
    outer loop
      vertex -0.358947 21.5235 7
      vertex -0.179858 21.5059 0
      vertex -0.358947 21.5235 0
    endloop
  endfacet
  facet normal -0.032786 0.999462 0
    outer loop
      vertex 0.179858 21.5059 0
      vertex 0 21.5 7
      vertex 0.179858 21.5059 7
    endloop
  endfacet
  facet normal -0.032786 0.999462 0
    outer loop
      vertex 0 21.5 7
      vertex 0.179858 21.5059 0
      vertex 0 21.5 0
    endloop
  endfacet
  facet normal 0.956935 -0.290304 5.94296e-19
    outer loop
      vertex -2.6563 24.9618 7
      vertex -2.60406 25.134 0
      vertex -2.60406 25.134 7
    endloop
  endfacet
  facet normal 0.956935 -0.290304 5.94296e-19
    outer loop
      vertex -2.60406 25.134 0
      vertex -2.6563 24.9618 7
      vertex -2.6563 24.9618 0
    endloop
  endfacet
  facet normal -0.812892 0.582415 -2.67872e-19
    outer loop
      vertex 2.18172 22.5759 0
      vertex 2.28654 22.7222 7
      vertex 2.28654 22.7222 0
    endloop
  endfacet
  facet normal -0.812892 0.582415 -2.67872e-19
    outer loop
      vertex 2.28654 22.7222 7
      vertex 2.18172 22.5759 0
      vertex 2.18172 22.5759 7
    endloop
  endfacet
  facet normal 0.773001 0.634405 8.25746e-19
    outer loop
      vertex -2.06756 22.4368 7
      vertex -2.18172 22.5759 0
      vertex -2.18172 22.5759 7
    endloop
  endfacet
  facet normal 0.773001 0.634405 8.25746e-19
    outer loop
      vertex -2.18172 22.5759 0
      vertex -2.06756 22.4368 7
      vertex -2.06756 22.4368 0
    endloop
  endfacet
  facet normal 0.097804 -0.995206 0
    outer loop
      vertex -0.358947 26.9765 0
      vertex -0.179858 26.9941 7
      vertex -0.358947 26.9765 7
    endloop
  endfacet
  facet normal 0.097804 -0.995206 0
    outer loop
      vertex -0.179858 26.9941 7
      vertex -0.358947 26.9765 0
      vertex -0.179858 26.9941 0
    endloop
  endfacet
  facet normal 0.162821 -0.986656 0
    outer loop
      vertex -0.536498 26.9472 0
      vertex -0.358947 26.9765 7
      vertex -0.536498 26.9472 7
    endloop
  endfacet
  facet normal 0.162821 -0.986656 0
    outer loop
      vertex -0.358947 26.9765 7
      vertex -0.536498 26.9472 0
      vertex -0.358947 26.9765 0
    endloop
  endfacet
  facet normal 0.729742 0.683723 1.04419e-18
    outer loop
      vertex -1.94454 22.3055 7
      vertex -2.06756 22.4368 0
      vertex -2.06756 22.4368 7
    endloop
  endfacet
  facet normal 0.729742 0.683723 1.04419e-18
    outer loop
      vertex -2.06756 22.4368 0
      vertex -1.94454 22.3055 7
      vertex -1.94454 22.3055 0
    endloop
  endfacet
  facet normal 0.995179 0.0980724 -1.71218e-19
    outer loop
      vertex -2.72647 23.8911 7
      vertex -2.74411 24.0701 0
      vertex -2.74411 24.0701 7
    endloop
  endfacet
  facet normal 0.995179 0.0980724 -1.71218e-19
    outer loop
      vertex -2.74411 24.0701 0
      vertex -2.72647 23.8911 7
      vertex -2.72647 23.8911 0
    endloop
  endfacet
  facet normal 0.227269 -0.973832 0
    outer loop
      vertex -0.711752 26.9063 0
      vertex -0.536498 26.9472 7
      vertex -0.711752 26.9063 7
    endloop
  endfacet
  facet normal 0.227269 -0.973832 0
    outer loop
      vertex -0.536498 26.9472 7
      vertex -0.711752 26.9063 0
      vertex -0.536498 26.9472 0
    endloop
  endfacet
  facet normal -0.412861 0.910794 0
    outer loop
      vertex 1.21629 21.7836 0
      vertex 1.05238 21.7093 7
      vertex 1.21629 21.7836 7
    endloop
  endfacet
  facet normal -0.412861 0.910794 0
    outer loop
      vertex 1.05238 21.7093 7
      vertex 1.21629 21.7836 0
      vertex 1.05238 21.7093 0
    endloop
  endfacet
  facet normal -0.973894 0.227001 -2.5473e-19
    outer loop
      vertex 2.6563 23.5382 0
      vertex 2.69716 23.7135 7
      vertex 2.69716 23.7135 0
    endloop
  endfacet
  facet normal -0.973894 0.227001 -2.5473e-19
    outer loop
      vertex 2.69716 23.7135 7
      vertex 2.6563 23.5382 0
      vertex 2.6563 23.5382 7
    endloop
  endfacet
  facet normal -0.683849 0.729624 0
    outer loop
      vertex 1.94454 22.3055 0
      vertex 1.8132 22.1824 7
      vertex 1.94454 22.3055 7
    endloop
  endfacet
  facet normal -0.683849 0.729624 0
    outer loop
      vertex 1.8132 22.1824 7
      vertex 1.94454 22.3055 0
      vertex 1.8132 22.1824 0
    endloop
  endfacet
  facet normal -0.352301 0.935887 0
    outer loop
      vertex 1.05238 21.7093 0
      vertex 0.883958 21.6459 7
      vertex 1.05238 21.7093 7
    endloop
  endfacet
  facet normal -0.352301 0.935887 0
    outer loop
      vertex 0.883958 21.6459 7
      vertex 1.05238 21.7093 0
      vertex 0.883958 21.6459 0
    endloop
  endfacet
  facet normal 0.52835 -0.849027 0
    outer loop
      vertex -1.52782 26.5365 0
      vertex -1.375 26.6316 7
      vertex -1.52782 26.5365 7
    endloop
  endfacet
  facet normal 0.52835 -0.849027 0
    outer loop
      vertex -1.375 26.6316 7
      vertex -1.52782 26.5365 0
      vertex -1.375 26.6316 0
    endloop
  endfacet
  facet normal -0.84917 -0.528119 5.99307e-19
    outer loop
      vertex 2.38157 25.625 0
      vertex 2.28654 25.7778 7
      vertex 2.28654 25.7778 0
    endloop
  endfacet
  facet normal -0.84917 -0.528119 5.99307e-19
    outer loop
      vertex 2.28654 25.7778 7
      vertex 2.38157 25.625 0
      vertex 2.38157 25.625 7
    endloop
  endfacet
  facet normal -0.93589 0.352293 -5.30805e-19
    outer loop
      vertex 2.54067 23.1976 0
      vertex 2.60406 23.366 7
      vertex 2.60406 23.366 0
    endloop
  endfacet
  facet normal -0.93589 0.352293 -5.30805e-19
    outer loop
      vertex 2.60406 23.366 7
      vertex 2.54067 23.1976 0
      vertex 2.54067 23.1976 7
    endloop
  endfacet
  facet normal 0.773001 -0.634405 -8.25746e-19
    outer loop
      vertex -2.18172 25.9241 7
      vertex -2.06756 26.0632 0
      vertex -2.06756 26.0632 7
    endloop
  endfacet
  facet normal 0.773001 -0.634405 -8.25746e-19
    outer loop
      vertex -2.06756 26.0632 0
      vertex -2.18172 25.9241 7
      vertex -2.18172 25.9241 0
    endloop
  endfacet
  facet normal 0.352301 -0.935887 0
    outer loop
      vertex -1.05238 26.7907 0
      vertex -0.883958 26.8541 7
      vertex -1.05238 26.7907 7
    endloop
  endfacet
  facet normal 0.352301 -0.935887 0
    outer loop
      vertex -0.883958 26.8541 7
      vertex -1.05238 26.7907 0
      vertex -0.883958 26.8541 0
    endloop
  endfacet
  facet normal -0.683849 -0.729624 0
    outer loop
      vertex 1.8132 26.3176 0
      vertex 1.94454 26.1945 7
      vertex 1.8132 26.3176 7
    endloop
  endfacet
  facet normal -0.683849 -0.729624 -0
    outer loop
      vertex 1.94454 26.1945 7
      vertex 1.8132 26.3176 0
      vertex 1.94454 26.1945 0
    endloop
  endfacet
  facet normal -0.227269 -0.973832 0
    outer loop
      vertex 0.536498 26.9472 0
      vertex 0.711752 26.9063 7
      vertex 0.536498 26.9472 7
    endloop
  endfacet
  facet normal -0.227269 -0.973832 -0
    outer loop
      vertex 0.711752 26.9063 7
      vertex 0.536498 26.9472 0
      vertex 0.711752 26.9063 0
    endloop
  endfacet
  facet normal 0.995179 -0.0980724 1.71218e-19
    outer loop
      vertex -2.74411 24.4299 7
      vertex -2.72647 24.6089 0
      vertex -2.72647 24.6089 7
    endloop
  endfacet
  facet normal 0.995179 -0.0980724 1.71218e-19
    outer loop
      vertex -2.72647 24.6089 0
      vertex -2.74411 24.4299 7
      vertex -2.74411 24.4299 0
    endloop
  endfacet
  facet normal -0.93589 -0.352293 5.30805e-19
    outer loop
      vertex 2.60406 25.134 0
      vertex 2.54067 25.3024 7
      vertex 2.54067 25.3024 0
    endloop
  endfacet
  facet normal -0.93589 -0.352293 5.30805e-19
    outer loop
      vertex 2.54067 25.3024 7
      vertex 2.60406 25.134 0
      vertex 2.60406 25.134 7
    endloop
  endfacet
  facet normal -0.162821 0.986656 0
    outer loop
      vertex 0.536498 21.5528 0
      vertex 0.358947 21.5235 7
      vertex 0.536498 21.5528 7
    endloop
  endfacet
  facet normal -0.162821 0.986656 0
    outer loop
      vertex 0.358947 21.5235 7
      vertex 0.536498 21.5528 0
      vertex 0.358947 21.5235 0
    endloop
  endfacet
  facet normal 0.290091 -0.956999 0
    outer loop
      vertex -0.883958 26.8541 0
      vertex -0.711752 26.9063 7
      vertex -0.883958 26.8541 7
    endloop
  endfacet
  facet normal 0.290091 -0.956999 0
    outer loop
      vertex -0.711752 26.9063 7
      vertex -0.883958 26.8541 0
      vertex -0.711752 26.9063 0
    endloop
  endfacet
  facet normal 0.986654 0.162831 -1.66985e-19
    outer loop
      vertex -2.69716 23.7135 7
      vertex -2.72647 23.8911 0
      vertex -2.72647 23.8911 7
    endloop
  endfacet
  facet normal 0.986654 0.162831 -1.66985e-19
    outer loop
      vertex -2.72647 23.8911 0
      vertex -2.69716 23.7135 7
      vertex -2.69716 23.7135 0
    endloop
  endfacet
  facet normal -0.52835 0.849027 0
    outer loop
      vertex 1.52782 21.9635 0
      vertex 1.375 21.8684 7
      vertex 1.52782 21.9635 7
    endloop
  endfacet
  facet normal -0.52835 0.849027 0
    outer loop
      vertex 1.375 21.8684 7
      vertex 1.52782 21.9635 0
      vertex 1.375 21.8684 0
    endloop
  endfacet
  facet normal -0.471257 0.881996 0
    outer loop
      vertex 1.375 21.8684 0
      vertex 1.21629 21.7836 7
      vertex 1.375 21.8684 7
    endloop
  endfacet
  facet normal -0.471257 0.881996 0
    outer loop
      vertex 1.21629 21.7836 7
      vertex 1.375 21.8684 0
      vertex 1.21629 21.7836 0
    endloop
  endfacet
  facet normal 0.812892 -0.582415 -2.67872e-19
    outer loop
      vertex -2.28654 25.7778 7
      vertex -2.18172 25.9241 0
      vertex -2.18172 25.9241 7
    endloop
  endfacet
  facet normal 0.812892 -0.582415 -2.67872e-19
    outer loop
      vertex -2.18172 25.9241 0
      vertex -2.28654 25.7778 7
      vertex -2.28654 25.7778 0
    endloop
  endfacet
  facet normal 0.58242 0.812888 -0
    outer loop
      vertex -1.52782 21.9635 0
      vertex -1.67409 22.0683 7
      vertex -1.52782 21.9635 7
    endloop
  endfacet
  facet normal 0.58242 0.812888 0
    outer loop
      vertex -1.67409 22.0683 7
      vertex -1.52782 21.9635 0
      vertex -1.67409 22.0683 0
    endloop
  endfacet
  facet normal 0.290091 0.956999 -0
    outer loop
      vertex -0.711752 21.5937 0
      vertex -0.883958 21.6459 7
      vertex -0.711752 21.5937 7
    endloop
  endfacet
  facet normal 0.290091 0.956999 0
    outer loop
      vertex -0.883958 21.6459 7
      vertex -0.711752 21.5937 0
      vertex -0.883958 21.6459 0
    endloop
  endfacet
  facet normal 0.986654 -0.162831 1.66985e-19
    outer loop
      vertex -2.72647 24.6089 7
      vertex -2.69716 24.7865 0
      vertex -2.69716 24.7865 7
    endloop
  endfacet
  facet normal 0.986654 -0.162831 1.66985e-19
    outer loop
      vertex -2.69716 24.7865 0
      vertex -2.72647 24.6089 7
      vertex -2.72647 24.6089 0
    endloop
  endfacet
  facet normal -0.634179 0.773187 0
    outer loop
      vertex 1.8132 22.1824 0
      vertex 1.67409 22.0683 7
      vertex 1.8132 22.1824 7
    endloop
  endfacet
  facet normal -0.634179 0.773187 0
    outer loop
      vertex 1.67409 22.0683 7
      vertex 1.8132 22.1824 0
      vertex 1.67409 22.0683 0
    endloop
  endfacet
  facet normal -0.032786 -0.999462 0
    outer loop
      vertex 0 27 0
      vertex 0.179858 26.9941 7
      vertex 0 27 7
    endloop
  endfacet
  facet normal -0.032786 -0.999462 -0
    outer loop
      vertex 0.179858 26.9941 7
      vertex 0 27 0
      vertex 0.179858 26.9941 0
    endloop
  endfacet
  facet normal 0.471257 0.881996 -0
    outer loop
      vertex -1.21629 21.7836 0
      vertex -1.375 21.8684 7
      vertex -1.21629 21.7836 7
    endloop
  endfacet
  facet normal 0.471257 0.881996 0
    outer loop
      vertex -1.375 21.8684 7
      vertex -1.21629 21.7836 0
      vertex -1.375 21.8684 0
    endloop
  endfacet
  facet normal -0.910847 0.412743 3.97942e-19
    outer loop
      vertex 2.4664 23.0337 0
      vertex 2.54067 23.1976 7
      vertex 2.54067 23.1976 0
    endloop
  endfacet
  facet normal -0.910847 0.412743 3.97942e-19
    outer loop
      vertex 2.54067 23.1976 7
      vertex 2.4664 23.0337 0
      vertex 2.4664 23.0337 7
    endloop
  endfacet
  facet normal 0.84917 0.528119 5.99307e-19
    outer loop
      vertex -2.28654 22.7222 7
      vertex -2.38157 22.875 0
      vertex -2.38157 22.875 7
    endloop
  endfacet
  facet normal 0.84917 0.528119 5.99307e-19
    outer loop
      vertex -2.38157 22.875 0
      vertex -2.28654 22.7222 7
      vertex -2.28654 22.7222 0
    endloop
  endfacet
  facet normal 0.93589 0.352293 5.30805e-19
    outer loop
      vertex -2.54067 23.1976 7
      vertex -2.60406 23.366 0
      vertex -2.60406 23.366 7
    endloop
  endfacet
  facet normal 0.93589 0.352293 5.30805e-19
    outer loop
      vertex -2.60406 23.366 0
      vertex -2.54067 23.1976 7
      vertex -2.54067 23.1976 0
    endloop
  endfacet
  facet normal 0.999464 0.0327229 4.44748e-20
    outer loop
      vertex -2.74411 24.0701 7
      vertex -2.75 24.25 0
      vertex -2.75 24.25 7
    endloop
  endfacet
  facet normal 0.999464 0.0327229 4.44748e-20
    outer loop
      vertex -2.75 24.25 0
      vertex -2.74411 24.0701 7
      vertex -2.74411 24.0701 0
    endloop
  endfacet
  facet normal 0.412861 0.910794 -0
    outer loop
      vertex -1.05238 21.7093 0
      vertex -1.21629 21.7836 7
      vertex -1.05238 21.7093 7
    endloop
  endfacet
  facet normal 0.412861 0.910794 0
    outer loop
      vertex -1.21629 21.7836 7
      vertex -1.05238 21.7093 0
      vertex -1.21629 21.7836 0
    endloop
  endfacet
  facet normal 0.910847 -0.412743 3.97942e-19
    outer loop
      vertex -2.54067 25.3024 7
      vertex -2.4664 25.4663 0
      vertex -2.4664 25.4663 7
    endloop
  endfacet
  facet normal 0.910847 -0.412743 3.97942e-19
    outer loop
      vertex -2.4664 25.4663 0
      vertex -2.54067 25.3024 7
      vertex -2.54067 25.3024 0
    endloop
  endfacet
endsolid OpenSCAD_Model
